series_id,Method,Horizon,CV Group,LT,AR,VI,OFR,BO,EI
FOODS_3_555__CA,ES,One-step,0.2 < CV ≤ 0.3,2,1.8997042179107666,1.2627406120300293,0.8982595205307007,9.464088439941406,18.734495162963867
FOODS_3_694__WI,ES,One-step,0.2 < CV ≤ 0.3,2,1.8610477447509766,1.1744247674942017,0.9139584898948669,9.749293327331543,19.3457088470459
FOODS_3_377__CA,ES,One-step,0.2 < CV ≤ 0.3,2,2.269124746322632,1.3595083951950073,0.9062796235084534,3.7113728523254395,7.55648946762085
FOODS_3_080__CA,ES,One-step,0.2 < CV ≤ 0.3,2,2.522705554962158,1.2049180269241333,0.9083131551742554,5.777161121368408,11.449809074401855
FOODS_3_694__TX,ES,One-step,0.2 < CV ≤ 0.3,2,1.9229776859283447,1.1507833003997803,0.8972620964050293,6.6872358322143555,13.230207443237305
FOODS_3_042__WI,ES,One-step,0.2 < CV ≤ 0.3,2,2.405958890914917,1.4308595657348633,0.8881573677062988,3.929396629333496,7.89658260345459
FOODS_3_586__CA,ES,One-step,0.2 < CV ≤ 0.3,2,1.6500686407089233,1.037984013557434,0.911642849445343,18.144681930541992,35.932594299316406
FOODS_3_586__TX,ES,One-step,0.2 < CV ≤ 0.3,2,1.742864727973938,1.2262308597564697,0.9110420346260071,23.530752182006836,46.939449310302734
FOODS_3_377__TX,ES,One-step,0.2 < CV ≤ 0.3,2,2.050408363342285,1.339709997177124,0.9137182831764221,8.909502029418945,17.84666633605957
FOODS_3_099__CA,ES,One-step,0.2 < CV ≤ 0.3,2,2.259063482284546,1.239639163017273,0.8967373967170715,5.411266326904297,11.032402992248535
FOODS_3_226__WI,ES,One-step,0.2 < CV ≤ 0.3,2,1.8763319253921509,1.3286510705947876,0.9176245331764221,12.84443187713623,25.548646926879883
FOODS_3_694__CA,ES,One-step,0.2 < CV ≤ 0.3,2,2.2083892822265625,1.2728084325790405,0.8971838355064392,5.726648807525635,11.504899024963379
FOODS_3_555__CA,ES,One-step,0.2 < CV ≤ 0.3,3,3.4826412200927734,3.394972801208496,0.8819994926452637,10.83824348449707,32.6087532043457
FOODS_3_694__WI,ES,One-step,0.2 < CV ≤ 0.3,3,3.454594612121582,3.121134042739868,0.8994250893592834,11.340339660644531,33.68695831298828
FOODS_3_377__CA,ES,One-step,0.2 < CV ≤ 0.3,3,4.076213359832764,3.4458720684051514,0.8952227830886841,4.072099208831787,12.696791648864746
FOODS_3_080__CA,ES,One-step,0.2 < CV ≤ 0.3,3,4.5126214027404785,3.132793426513672,0.8949642777442932,6.47475528717041,19.417680740356445
FOODS_3_694__TX,ES,One-step,0.2 < CV ≤ 0.3,3,3.3033297061920166,2.816265821456909,0.8817437887191772,7.584010601043701,22.871912002563477
FOODS_3_042__WI,ES,One-step,0.2 < CV ≤ 0.3,3,4.200661659240723,3.5038375854492188,0.8777598142623901,4.22619104385376,13.101433753967285
FOODS_3_586__CA,ES,One-step,0.2 < CV ≤ 0.3,3,2.81508207321167,2.5638604164123535,0.8993576169013977,20.572450637817383,61.078189849853516
FOODS_3_586__TX,ES,One-step,0.2 < CV ≤ 0.3,3,2.944456100463867,3.1612789630889893,0.8981837630271912,27.150665283203125,80.99295043945312
FOODS_3_377__TX,ES,One-step,0.2 < CV ≤ 0.3,3,3.5984585285186768,3.27156400680542,0.900445282459259,10.235458374023438,30.798561096191406
FOODS_3_099__CA,ES,One-step,0.2 < CV ≤ 0.3,3,3.6696484088897705,2.8770620822906494,0.8879418969154358,5.837526798248291,18.294565200805664
FOODS_3_226__WI,ES,One-step,0.2 < CV ≤ 0.3,3,3.6084516048431396,3.408069610595703,0.9049956202507019,14.66368293762207,43.90434646606445
FOODS_3_694__CA,ES,One-step,0.2 < CV ≤ 0.3,3,3.7695207595825195,3.3134377002716064,0.8840020298957825,6.477620601654053,19.738113403320312
FOODS_3_555__CA,ES,One-step,0.2 < CV ≤ 0.3,4,5.768619060516357,7.229269981384277,0.8660283088684082,11.77248477935791,49.59744644165039
FOODS_3_694__WI,ES,One-step,0.2 < CV ≤ 0.3,4,6.075934410095215,6.635822772979736,0.8842711448669434,12.468811988830566,50.21628189086914
FOODS_3_377__CA,ES,One-step,0.2 < CV ≤ 0.3,4,6.129169940948486,6.33698844909668,0.8870705962181091,4.257333755493164,18.337291717529297
FOODS_3_080__CA,ES,One-step,0.2 < CV ≤ 0.3,4,7.314123630523682,6.228148937225342,0.8838344812393188,6.860910892486572,28.085407257080078
FOODS_3_694__TX,ES,One-step,0.2 < CV ≤ 0.3,4,5.36287784576416,6.093605995178223,0.8652461767196655,8.34300708770752,35.210960388183594
FOODS_3_042__WI,ES,One-step,0.2 < CV ≤ 0.3,4,6.465342044830322,7.0646467208862305,0.8652955889701843,4.571937084197998,19.69371223449707
FOODS_3_586__CA,ES,One-step,0.2 < CV ≤ 0.3,4,4.8164520263671875,5.653899669647217,0.8859074711799622,22.566354751586914,91.18600463867188
FOODS_3_586__TX,ES,One-step,0.2 < CV ≤ 0.3,4,5.137882232666016,7.177052974700928,0.8820422291755676,30.381330490112305,124.64695739746094
FOODS_3_377__TX,ES,One-step,0.2 < CV ≤ 0.3,4,5.765127182006836,6.76720666885376,0.8872707486152649,11.276718139648438,46.62901306152344
FOODS_3_099__CA,ES,One-step,0.2 < CV ≤ 0.3,4,5.1783599853515625,5.432764530181885,0.882500946521759,6.161478042602539,26.62076187133789
FOODS_3_226__WI,ES,One-step,0.2 < CV ≤ 0.3,4,6.0458197593688965,7.452961444854736,0.8897334933280945,16.635690689086914,67.36614990234375
FOODS_3_694__CA,ES,One-step,0.2 < CV ≤ 0.3,4,5.967811107635498,6.228667259216309,0.8744675517082214,6.723553657531738,28.789297103881836
FOODS_3_555__CA,ES,One-step,0.2 < CV ≤ 0.3,5,9.11241626739502,12.551852226257324,0.8518776893615723,11.362098693847656,65.73460388183594
FOODS_3_694__WI,ES,One-step,0.2 < CV ≤ 0.3,5,9.760673522949219,13.073801040649414,0.8682082295417786,12.938979148864746,69.03227996826172
FOODS_3_377__CA,ES,One-step,0.2 < CV ≤ 0.3,5,8.787378311157227,10.621047019958496,0.8798626065254211,4.329461097717285,24.48334312438965
FOODS_3_080__CA,ES,One-step,0.2 < CV ≤ 0.3,5,10.557778358459473,11.334146499633789,0.8712199330329895,7.17971134185791,37.84968948364258
FOODS_3_694__TX,ES,One-step,0.2 < CV ≤ 0.3,5,8.17116928100586,11.348407745361328,0.8504418134689331,8.147457122802734,47.82345962524414
FOODS_3_042__WI,ES,One-step,0.2 < CV ≤ 0.3,5,9.759916305541992,12.32214069366455,0.8558943271636963,4.306939125061035,25.800926208496094
FOODS_3_586__CA,ES,One-step,0.2 < CV ≤ 0.3,5,8.450846672058105,11.303189277648926,0.8664957284927368,23.33332633972168,125.70601654052734
FOODS_3_586__TX,ES,One-step,0.2 < CV ≤ 0.3,5,8.97474193572998,14.483467102050781,0.8621149063110352,31.22948455810547,175.83676147460938
FOODS_3_377__TX,ES,One-step,0.2 < CV ≤ 0.3,5,9.06234073638916,12.548938751220703,0.8741508722305298,11.52475643157959,63.76742172241211
FOODS_3_099__CA,ES,One-step,0.2 < CV ≤ 0.3,5,7.608628273010254,10.70942497253418,0.8746678233146667,6.253308296203613,36.30847930908203
FOODS_3_226__WI,ES,One-step,0.2 < CV ≤ 0.3,5,9.776107788085938,13.303230285644531,0.8747755885124207,16.976768493652344,91.78666687011719
FOODS_3_694__CA,ES,One-step,0.2 < CV ≤ 0.3,5,9.376180648803711,11.575539588928223,0.8572865724563599,6.75228214263916,39.56016159057617
FOODS_3_555__CA,ES,One-step,0.2 < CV ≤ 0.3,6,11.530344009399414,15.974207878112793,0.8588192462921143,10.068001747131348,74.82746887207031
FOODS_3_694__WI,ES,One-step,0.2 < CV ≤ 0.3,6,12.823577880859375,17.945178985595703,0.8659139275550842,12.299189567565918,82.73930358886719
FOODS_3_377__CA,ES,One-step,0.2 < CV ≤ 0.3,6,11.11751651763916,14.617077827453613,0.8772493004798889,4.201462268829346,29.77627944946289
FOODS_3_080__CA,ES,One-step,0.2 < CV ≤ 0.3,6,13.251974105834961,15.128589630126953,0.8748638033866882,6.80940580368042,45.066566467285156
FOODS_3_694__TX,ES,One-step,0.2 < CV ≤ 0.3,6,10.243395805358887,13.304261207580566,0.8583688139915466,7.105612754821777,52.964111328125
FOODS_3_042__WI,ES,One-step,0.2 < CV ≤ 0.3,6,11.97685432434082,16.68120574951172,0.8634107708930969,3.878894567489624,30.226654052734375
FOODS_3_586__CA,ES,One-step,0.2 < CV ≤ 0.3,6,11.423511505126953,14.484469413757324,0.8646877408027649,21.426603317260742,145.4475860595703
FOODS_3_586__TX,ES,One-step,0.2 < CV ≤ 0.3,6,11.859107971191406,18.529857635498047,0.8645817041397095,27.860130310058594,200.79644775390625
FOODS_3_377__TX,ES,One-step,0.2 < CV ≤ 0.3,6,11.667743682861328,17.249160766601562,0.8777462244033813,10.601078033447266,74.55735778808594
FOODS_3_099__CA,ES,One-step,0.2 < CV ≤ 0.3,6,9.780656814575195,16.53367042541504,0.874687135219574,5.872955799102783,45.45234298706055
FOODS_3_226__WI,ES,One-step,0.2 < CV ≤ 0.3,6,12.896474838256836,18.00320816040039,0.8741422295570374,15.886435508728027,107.83758544921875
FOODS_3_694__CA,ES,One-step,0.2 < CV ≤ 0.3,6,12.14233684539795,15.046854972839355,0.8580893874168396,6.30483341217041,46.91999053955078
FOODS_3_555__CA,ES,One-step,0.2 < CV ≤ 0.3,7,13.09748649597168,18.72063446044922,0.8731667995452881,9.318171501159668,82.03192138671875
FOODS_3_694__WI,ES,One-step,0.2 < CV ≤ 0.3,7,14.544307708740234,20.540748596191406,0.8767626881599426,11.61888599395752,91.91191864013672
FOODS_3_377__CA,ES,One-step,0.2 < CV ≤ 0.3,7,13.283535957336426,20.401195526123047,0.8820314407348633,4.101718425750732,34.92591094970703
FOODS_3_080__CA,ES,One-step,0.2 < CV ≤ 0.3,7,15.240426063537598,16.66674041748047,0.8842563033103943,6.06481409072876,48.565345764160156
FOODS_3_694__TX,ES,One-step,0.2 < CV ≤ 0.3,7,11.791062355041504,14.789933204650879,0.8730182647705078,6.679262161254883,58.897216796875
FOODS_3_042__WI,ES,One-step,0.2 < CV ≤ 0.3,7,14.091960906982422,19.631263732910156,0.873913049697876,3.59773588180542,33.739261627197266
FOODS_3_586__CA,ES,One-step,0.2 < CV ≤ 0.3,7,12.773187637329102,15.29829216003418,0.8791764974594116,19.47976303100586,153.3791961669922
FOODS_3_586__TX,ES,One-step,0.2 < CV ≤ 0.3,7,13.398870468139648,20.820384979248047,0.8777057528495789,25.45962905883789,217.58604431152344
FOODS_3_377__TX,ES,One-step,0.2 < CV ≤ 0.3,7,13.528274536132812,20.75689697265625,0.8835487961769104,10.053906440734863,84.210693359375
FOODS_3_099__CA,ES,One-step,0.2 < CV ≤ 0.3,7,11.472055435180664,20.559694290161133,0.878445029258728,5.6525163650512695,51.94057083129883
FOODS_3_226__WI,ES,One-step,0.2 < CV ≤ 0.3,7,14.73918628692627,21.56166648864746,0.8846598863601685,14.944783210754395,118.75489807128906
FOODS_3_694__CA,ES,One-step,0.2 < CV ≤ 0.3,7,13.910470008850098,17.342830657958984,0.8746566772460938,5.60457181930542,50.27556228637695
FOODS_3_555__CA,ES,One-step,0.2 < CV ≤ 0.3,8,14.422430992126465,23.615331649780273,0.883329451084137,9.43687915802002,95.6432113647461
FOODS_3_694__WI,ES,One-step,0.2 < CV ≤ 0.3,8,16.236154556274414,24.35917091369629,0.8833780288696289,11.574772834777832,105.3897476196289
FOODS_3_377__CA,ES,One-step,0.2 < CV ≤ 0.3,8,15.2888765335083,26.13558006286621,0.8841477632522583,4.226227283477783,41.42500686645508
FOODS_3_080__CA,ES,One-step,0.2 < CV ≤ 0.3,8,16.618024826049805,22.432912826538086,0.8900856971740723,6.42584753036499,58.16563415527344
FOODS_3_694__TX,ES,One-step,0.2 < CV ≤ 0.3,8,13.146103858947754,18.764066696166992,0.8783582448959351,6.782465934753418,68.4267578125
FOODS_3_042__WI,ES,One-step,0.2 < CV ≤ 0.3,8,15.48381233215332,25.134798049926758,0.882361650466919,3.701167106628418,39.574378967285156
FOODS_3_586__CA,ES,One-step,0.2 < CV ≤ 0.3,8,13.363595008850098,18.646318435668945,0.8904422521591187,19.78080177307129,178.3639373779297
FOODS_3_586__TX,ES,One-step,0.2 < CV ≤ 0.3,8,14.78265380859375,24.246723175048828,0.8861062526702881,25.54962730407715,245.81027221679688
FOODS_3_377__TX,ES,One-step,0.2 < CV ≤ 0.3,8,15.108360290527344,26.760133743286133,0.8907636404037476,9.871285438537598,96.16360473632812
FOODS_3_099__CA,ES,One-step,0.2 < CV ≤ 0.3,8,12.72761344909668,23.810701370239258,0.8878381848335266,5.527511119842529,58.33180236816406
FOODS_3_226__WI,ES,One-step,0.2 < CV ≤ 0.3,8,16.76509666442871,26.400074005126953,0.8902435898780823,15.293928146362305,137.50399780273438
FOODS_3_694__CA,ES,One-step,0.2 < CV ≤ 0.3,8,14.991336822509766,23.533130645751953,0.8822561502456665,5.7894062995910645,59.62312698364258
FOODS_3_555__CA,ES,One-step,0.2 < CV ≤ 0.3,9,16.429256439208984,33.178077697753906,0.888821542263031,9.723414421081543,114.91554260253906
FOODS_3_694__WI,ES,One-step,0.2 < CV ≤ 0.3,9,18.64910888671875,30.772924423217773,0.8830049633979797,12.514921188354492,127.42202758789062
FOODS_3_377__CA,ES,One-step,0.2 < CV ≤ 0.3,9,17.06731605529785,32.545257568359375,0.886587917804718,4.263774871826172,48.054901123046875
FOODS_3_080__CA,ES,One-step,0.2 < CV ≤ 0.3,9,19.92609977722168,29.73465919494629,0.8871178030967712,6.608793258666992,68.4405288696289
FOODS_3_694__TX,ES,One-step,0.2 < CV ≤ 0.3,9,14.221211433410645,26.818735122680664,0.8794412016868591,7.224323272705078,83.52116394042969
FOODS_3_042__WI,ES,One-step,0.2 < CV ≤ 0.3,9,17.75442123413086,35.2071418762207,0.8816866278648376,3.9405391216278076,47.899105072021484
FOODS_3_586__CA,ES,One-step,0.2 < CV ≤ 0.3,9,15.362088203430176,26.51282501220703,0.8889785408973694,21.34332847595215,220.4829559326172
FOODS_3_586__TX,ES,One-step,0.2 < CV ≤ 0.3,9,16.39824676513672,31.467769622802734,0.8929159045219421,26.466079711914062,289.0557861328125
FOODS_3_377__TX,ES,One-step,0.2 < CV ≤ 0.3,9,16.36134910583496,34.25849151611328,0.8917151689529419,10.606679916381836,116.04297637939453
FOODS_3_099__CA,ES,One-step,0.2 < CV ≤ 0.3,9,14.433259963989258,30.60578155517578,0.8904106020927429,5.516839504241943,69.06342315673828
FOODS_3_226__WI,ES,One-step,0.2 < CV ≤ 0.3,9,18.542604446411133,35.35144805908203,0.888452410697937,16.570188522338867,167.5668487548828
FOODS_3_694__CA,ES,One-step,0.2 < CV ≤ 0.3,9,16.884368896484375,33.11629104614258,0.887072741985321,5.978673458099365,72.04095458984375
FOODS_3_555__CA,ES,One-step,0.2 < CV ≤ 0.3,10,19.11794662475586,41.434608459472656,0.8857898712158203,9.868518829345703,134.31875610351562
FOODS_3_694__WI,ES,One-step,0.2 < CV ≤ 0.3,10,22.451984405517578,44.48097610473633,0.8739644289016724,13.254218101501465,155.46414184570312
FOODS_3_377__CA,ES,One-step,0.2 < CV ≤ 0.3,10,20.15369415283203,42.588462829589844,0.8871333003044128,4.1001973152160645,55.518096923828125
FOODS_3_080__CA,ES,One-step,0.2 < CV ≤ 0.3,10,23.579418182373047,37.647708892822266,0.8839335441589355,6.724390029907227,79.78521728515625
FOODS_3_694__TX,ES,One-step,0.2 < CV ≤ 0.3,10,16.245317459106445,35.09215545654297,0.8773286938667297,7.271763324737549,99.1510238647461
FOODS_3_042__WI,ES,One-step,0.2 < CV ≤ 0.3,10,20.30573272705078,45.21708297729492,0.8793694376945496,3.879155158996582,55.62211990356445
FOODS_3_586__CA,ES,One-step,0.2 < CV ≤ 0.3,10,17.986621856689453,33.78817367553711,0.8869443535804749,21.740585327148438,262.7130126953125
FOODS_3_586__TX,ES,One-step,0.2 < CV ≤ 0.3,10,18.87055778503418,42.20685577392578,0.8865877985954285,28.177654266357422,355.9346618652344
FOODS_3_377__TX,ES,One-step,0.2 < CV ≤ 0.3,10,18.92616844177246,43.41276168823242,0.8900133371353149,10.856534004211426,135.91802978515625
FOODS_3_099__CA,ES,One-step,0.2 < CV ≤ 0.3,10,16.825950622558594,39.46691131591797,0.8893648982048035,5.481273174285889,80.14622497558594
FOODS_3_226__WI,ES,One-step,0.2 < CV ≤ 0.3,10,22.21215057373047,46.07722854614258,0.8806833028793335,17.416322708129883,204.29681396484375
FOODS_3_694__CA,ES,One-step,0.2 < CV ≤ 0.3,10,19.98833656311035,44.558128356933594,0.8816385269165039,6.141390323638916,86.2779312133789
FOODS_2_181__TX,ES,One-step,0.3 < CV ≤ 0.4,2,2.092863082885742,1.0287023782730103,0.8829641938209534,4.8384623527526855,10.200132369995117
FOODS_3_377__WI,ES,One-step,0.3 < CV ≤ 0.4,2,2.395867347717285,1.2306371927261353,0.8808305859565735,2.794339179992676,5.716838359832764
FOODS_3_714__CA,ES,One-step,0.3 < CV ≤ 0.4,2,1.5947171449661255,1.1639260053634644,0.8788666129112244,12.772260665893555,25.697057723999023
FOODS_3_697__CA,ES,One-step,0.3 < CV ≤ 0.4,2,2.1950643062591553,1.2975596189498901,0.8824853897094727,5.000757217407227,10.100895881652832
FOODS_3_080__TX,ES,One-step,0.3 < CV ≤ 0.4,2,2.242931604385376,1.1163477897644043,0.9060598015785217,3.997703790664673,8.068922996520996
FOODS_3_499__CA,ES,One-step,0.3 < CV ≤ 0.4,2,1.4401118755340576,0.7288240790367126,0.8880553245544434,8.814910888671875,18.380844116210938
HOUSEHOLD_1_110__CA,ES,One-step,0.3 < CV ≤ 0.4,2,1.5595192909240723,2.2066776752471924,0.8937678337097168,5.84002161026001,17.276979446411133
FOODS_3_288__CA,ES,One-step,0.3 < CV ≤ 0.4,2,1.3654032945632935,1.9709268808364868,0.8915345668792725,10.969433784484863,33.08085632324219
FOODS_3_252__CA,ES,One-step,0.3 < CV ≤ 0.4,2,1.550871729850769,1.1220487356185913,0.8844400644302368,20.28982162475586,40.3750114440918
HOUSEHOLD_1_110__TX,ES,One-step,0.3 < CV ≤ 0.4,2,1.586094617843628,2.1177399158477783,0.8880912661552429,4.862961292266846,14.521198272705078
FOODS_3_228__CA,ES,One-step,0.3 < CV ≤ 0.4,2,1.9567171335220337,1.0415953397750854,0.8924279808998108,3.4325857162475586,6.899623870849609
HOUSEHOLD_1_429__CA,ES,One-step,0.3 < CV ≤ 0.4,2,1.843398094177246,1.9912315607070923,0.8808788657188416,3.468946695327759,9.264641761779785
FOODS_3_555__TX,ES,One-step,0.3 < CV ≤ 0.4,2,2.0854380130767822,1.4648655652999878,0.8962092995643616,12.704776763916016,25.413166046142578
FOODS_3_252__TX,ES,One-step,0.3 < CV ≤ 0.4,2,1.6883654594421387,1.2329591512680054,0.8828573226928711,20.190553665161133,40.69867706298828
FOODS_3_739__CA,ES,One-step,0.3 < CV ≤ 0.4,2,1.416394829750061,2.0692408084869385,0.8901649713516235,9.783130645751953,29.94243812561035
FOODS_3_477__TX,ES,One-step,0.3 < CV ≤ 0.4,2,2.404881715774536,1.2958670854568481,0.8744145631790161,2.110229253768921,4.440598011016846
FOODS_3_458__CA,ES,One-step,0.3 < CV ≤ 0.4,2,2.2005887031555176,1.2040822505950928,0.891200840473175,4.389101028442383,8.910534858703613
HOUSEHOLD_1_429__TX,ES,One-step,0.3 < CV ≤ 0.4,2,2.2735133171081543,1.2520731687545776,0.8819513320922852,2.52573561668396,5.51786994934082
FOODS_3_226__TX,ES,One-step,0.3 < CV ≤ 0.4,2,2.0273077487945557,1.237493634223938,0.8919875621795654,5.868844509124756,11.699759483337402
FOODS_2_181__TX,ES,One-step,0.3 < CV ≤ 0.4,3,3.4337050914764404,2.75410795211792,0.8728917837142944,5.264216899871826,17.22997283935547
FOODS_3_377__WI,ES,One-step,0.3 < CV ≤ 0.4,3,4.217724800109863,3.060422658920288,0.8674135804176331,3.013812303543091,9.690442085266113
FOODS_3_714__CA,ES,One-step,0.3 < CV ≤ 0.4,3,2.8257715702056885,3.1463623046875,0.8615045547485352,14.55954647064209,44.90327453613281
FOODS_3_697__CA,ES,One-step,0.3 < CV ≤ 0.4,3,3.993288278579712,3.2478153705596924,0.8650271892547607,5.607497692108154,17.42514419555664
FOODS_3_080__TX,ES,One-step,0.3 < CV ≤ 0.4,3,4.015343189239502,2.878959894180298,0.8912943005561829,4.463572978973389,13.735730171203613
FOODS_3_499__CA,ES,One-step,0.3 < CV ≤ 0.4,3,2.3041861057281494,2.003526449203491,0.8739500045776367,10.025362014770508,32.50224304199219
HOUSEHOLD_1_110__CA,ES,One-step,0.3 < CV ≤ 0.4,3,2.61869740486145,5.088187217712402,0.8765043616294861,6.591392993927002,29.010604858398438
FOODS_3_288__CA,ES,One-step,0.3 < CV ≤ 0.4,3,2.210667848587036,4.78239631652832,0.8772342205047607,12.116901397705078,55.15913391113281
FOODS_3_252__CA,ES,One-step,0.3 < CV ≤ 0.4,3,2.751530885696411,3.0373690128326416,0.8669947981834412,23.525129318237305,71.94046020507812
HOUSEHOLD_1_110__TX,ES,One-step,0.3 < CV ≤ 0.4,3,2.356395959854126,4.472235202789307,0.8802105784416199,5.277772426605225,23.428955078125
FOODS_3_228__CA,ES,One-step,0.3 < CV ≤ 0.4,3,3.2893710136413574,2.5715014934539795,0.8775807023048401,3.815160036087036,11.777318000793457
HOUSEHOLD_1_429__CA,ES,One-step,0.3 < CV ≤ 0.4,3,3.211803913116455,4.74111795425415,0.8633001446723938,3.892136573791504,15.834733963012695
FOODS_3_555__TX,ES,One-step,0.3 < CV ≤ 0.4,3,3.788707733154297,3.7737815380096436,0.8787798881530762,14.64093017578125,44.349884033203125
FOODS_3_252__TX,ES,One-step,0.3 < CV ≤ 0.4,3,2.8199872970581055,3.205036163330078,0.8696000576019287,22.959030151367188,71.21343994140625
FOODS_3_739__CA,ES,One-step,0.3 < CV ≤ 0.4,3,2.2668726444244385,4.980626106262207,0.8776684999465942,10.883244514465332,50.10625076293945
FOODS_3_477__TX,ES,One-step,0.3 < CV ≤ 0.4,3,3.822693109512329,2.9625320434570312,0.8660276532173157,2.1830673217773438,7.448642253875732
FOODS_3_458__CA,ES,One-step,0.3 < CV ≤ 0.4,3,3.545548439025879,2.8119137287139893,0.8821985721588135,4.785898685455322,15.09119987487793
HOUSEHOLD_1_429__TX,ES,One-step,0.3 < CV ≤ 0.4,3,3.6379764080047607,2.753887891769409,0.8715811371803284,2.6304311752319336,9.020089149475098
FOODS_3_226__TX,ES,One-step,0.3 < CV ≤ 0.4,3,3.560152530670166,3.2666985988616943,0.8812403082847595,6.338407039642334,19.573196411132812
FOODS_2_181__TX,ES,One-step,0.3 < CV ≤ 0.4,4,5.224206447601318,5.862802028656006,0.8599581122398376,5.366494655609131,25.5721378326416
FOODS_3_377__WI,ES,One-step,0.3 < CV ≤ 0.4,4,6.092176914215088,5.730664253234863,0.8624271154403687,2.9376089572906494,13.56412410736084
FOODS_3_714__CA,ES,One-step,0.3 < CV ≤ 0.4,4,4.992672920227051,6.958354949951172,0.8442091941833496,15.348603248596191,69.77359008789062
FOODS_3_697__CA,ES,One-step,0.3 < CV ≤ 0.4,4,6.476897716522217,7.295533657073975,0.8481445908546448,5.858989715576172,26.25484848022461
FOODS_3_080__TX,ES,One-step,0.3 < CV ≤ 0.4,4,5.669236660003662,4.823580741882324,0.887545645236969,4.594395637512207,19.442066192626953
FOODS_3_499__CA,ES,One-step,0.3 < CV ≤ 0.4,4,3.796210289001465,4.503915786743164,0.8562536239624023,10.571039199829102,49.14448928833008
HOUSEHOLD_1_110__CA,ES,One-step,0.3 < CV ≤ 0.4,4,4.082557678222656,9.164534568786621,0.8597960472106934,6.945800304412842,42.289878845214844
FOODS_3_288__CA,ES,One-step,0.3 < CV ≤ 0.4,4,3.2678933143615723,8.921788215637207,0.8641141653060913,12.784104347229004,80.8815689086914
FOODS_3_252__CA,ES,One-step,0.3 < CV ≤ 0.4,4,5.244951248168945,7.167989730834961,0.8414754867553711,25.3438777923584,112.85515594482422
HOUSEHOLD_1_110__TX,ES,One-step,0.3 < CV ≤ 0.4,4,3.4655191898345947,8.146784782409668,0.8679863810539246,5.488831043243408,34.08244705200195
FOODS_3_228__CA,ES,One-step,0.3 < CV ≤ 0.4,4,5.219532012939453,5.4687628746032715,0.8626359701156616,4.0695672035217285,17.653932571411133
HOUSEHOLD_1_429__CA,ES,One-step,0.3 < CV ≤ 0.4,4,5.084988594055176,8.827316284179688,0.8485100865364075,3.877089023590088,22.87012481689453
FOODS_3_555__TX,ES,One-step,0.3 < CV ≤ 0.4,4,6.070666313171387,7.364528179168701,0.8659064173698425,15.652865409851074,66.47894287109375
FOODS_3_252__TX,ES,One-step,0.3 < CV ≤ 0.4,4,5.02594518661499,7.174154281616211,0.8505150079727173,24.358983993530273,109.3935546875
FOODS_3_739__CA,ES,One-step,0.3 < CV ≤ 0.4,4,3.2080841064453125,9.726361274719238,0.8732671141624451,11.107719421386719,73.46588134765625
FOODS_3_477__TX,ES,One-step,0.3 < CV ≤ 0.4,4,5.851387023925781,5.6775336265563965,0.8607259392738342,2.130110502243042,10.488896369934082
FOODS_3_458__CA,ES,One-step,0.3 < CV ≤ 0.4,4,5.328117847442627,5.556648254394531,0.8722612857818604,4.943445205688477,22.18918800354004
HOUSEHOLD_1_429__TX,ES,One-step,0.3 < CV ≤ 0.4,4,5.199051380157471,5.364538669586182,0.8684492707252502,2.661426067352295,12.99962043762207
FOODS_3_226__TX,ES,One-step,0.3 < CV ≤ 0.4,4,5.6756510734558105,7.052721977233887,0.86622154712677,6.809296607971191,29.888599395751953
FOODS_2_181__TX,ES,One-step,0.3 < CV ≤ 0.4,5,7.277891159057617,9.378116607666016,0.8548671007156372,5.199078559875488,33.52677536010742
FOODS_3_377__WI,ES,One-step,0.3 < CV ≤ 0.4,5,7.891793251037598,9.121612548828125,0.8605687618255615,2.8862287998199463,17.902095794677734
FOODS_3_714__CA,ES,One-step,0.3 < CV ≤ 0.4,5,7.928737640380859,12.11551570892334,0.8309652805328369,13.382448196411133,91.73571014404297
FOODS_3_697__CA,ES,One-step,0.3 < CV ≤ 0.4,5,9.773839950561523,13.101056098937988,0.8349696397781372,5.357021331787109,34.734588623046875
FOODS_3_080__TX,ES,One-step,0.3 < CV ≤ 0.4,5,7.934909820556641,8.286576271057129,0.8791500329971313,4.790058612823486,26.309823989868164
FOODS_3_499__CA,ES,One-step,0.3 < CV ≤ 0.4,5,5.577428340911865,7.969693183898926,0.8423256278038025,10.399619102478027,66.48635864257812
HOUSEHOLD_1_110__CA,ES,One-step,0.3 < CV ≤ 0.4,5,5.99072265625,14.36756706237793,0.8518710136413574,6.483305931091309,54.312049865722656
FOODS_3_288__CA,ES,One-step,0.3 < CV ≤ 0.4,5,5.031701564788818,14.67917251586914,0.8568009734153748,11.786458015441895,105.71110534667969
FOODS_3_252__CA,ES,One-step,0.3 < CV ≤ 0.4,5,8.218428611755371,12.773463249206543,0.8301486968994141,22.450979232788086,150.2837677001953
HOUSEHOLD_1_110__TX,ES,One-step,0.3 < CV ≤ 0.4,5,4.845840930938721,12.66384506225586,0.8618224263191223,5.207192897796631,43.97568130493164
FOODS_3_228__CA,ES,One-step,0.3 < CV ≤ 0.4,5,7.780422687530518,9.928864479064941,0.8544953465461731,3.9054510593414307,23.247814178466797
HOUSEHOLD_1_429__CA,ES,One-step,0.3 < CV ≤ 0.4,5,6.851175785064697,13.280841827392578,0.8464332222938538,3.543081045150757,28.941743850708008
FOODS_3_555__TX,ES,One-step,0.3 < CV ≤ 0.4,5,9.650853157043457,12.550278663635254,0.8546621799468994,15.253226280212402,88.63985443115234
FOODS_3_252__TX,ES,One-step,0.3 < CV ≤ 0.4,5,7.9999260902404785,12.569911003112793,0.837471067905426,21.933269500732422,144.37722778320312
FOODS_3_739__CA,ES,One-step,0.3 < CV ≤ 0.4,5,4.891188144683838,18.023637771606445,0.8616951107978821,10.65753173828125,100.1267318725586
FOODS_3_477__TX,ES,One-step,0.3 < CV ≤ 0.4,5,7.6265740394592285,8.868667602539062,0.8638061285018921,2.0355799198150635,13.503484725952148
FOODS_3_458__CA,ES,One-step,0.3 < CV ≤ 0.4,5,7.273800849914551,9.355713844299316,0.8663022518157959,4.764358043670654,29.123796463012695
HOUSEHOLD_1_429__TX,ES,One-step,0.3 < CV ≤ 0.4,5,6.964478969573975,8.671072959899902,0.8641101717948914,2.576920986175537,17.065141677856445
FOODS_3_226__TX,ES,One-step,0.3 < CV ≤ 0.4,5,8.568948745727539,13.088644027709961,0.8558938503265381,6.621018886566162,40.35536575317383
FOODS_2_181__TX,ES,One-step,0.3 < CV ≤ 0.4,6,9.035918235778809,13.047452926635742,0.8627889752388,4.6948771476745605,39.39519119262695
FOODS_3_377__WI,ES,One-step,0.3 < CV ≤ 0.4,6,9.74173355102539,12.729021072387695,0.8615593314170837,2.7233150005340576,21.723020553588867
FOODS_3_714__CA,ES,One-step,0.3 < CV ≤ 0.4,6,10.22870922088623,16.67226219177246,0.8392964601516724,11.787673950195312,108.2121810913086
FOODS_3_697__CA,ES,One-step,0.3 < CV ≤ 0.4,6,11.83537483215332,14.128997802734375,0.8448116183280945,4.61011266708374,37.91807174682617
FOODS_3_080__TX,ES,One-step,0.3 < CV ≤ 0.4,6,9.919170379638672,11.469200134277344,0.8779658079147339,4.632063388824463,32.08660125732422
FOODS_3_499__CA,ES,One-step,0.3 < CV ≤ 0.4,6,6.950841903686523,9.972726821899414,0.8509249687194824,9.358573913574219,78.55391693115234
HOUSEHOLD_1_110__CA,ES,One-step,0.3 < CV ≤ 0.4,6,7.150787353515625,17.845216751098633,0.8631848692893982,5.645063877105713,60.9029655456543
FOODS_3_288__CA,ES,One-step,0.3 < CV ≤ 0.4,6,6.325931072235107,20.6210994720459,0.8625559210777283,10.192569732666016,123.13517761230469
FOODS_3_252__CA,ES,One-step,0.3 < CV ≤ 0.4,6,10.194681167602539,15.983625411987305,0.8412114977836609,18.90773582458496,166.84381103515625
HOUSEHOLD_1_110__TX,ES,One-step,0.3 < CV ≤ 0.4,6,5.899168968200684,16.345537185668945,0.8727914690971375,4.784433364868164,51.36050796508789
FOODS_3_228__CA,ES,One-step,0.3 < CV ≤ 0.4,6,9.690485000610352,12.85509967803955,0.8587432503700256,3.5870518684387207,27.464317321777344
HOUSEHOLD_1_429__CA,ES,One-step,0.3 < CV ≤ 0.4,6,7.843685626983643,15.492866516113281,0.8629516363143921,3.019745349884033,32.36492919921875
FOODS_3_555__TX,ES,One-step,0.3 < CV ≤ 0.4,6,12.28293228149414,16.698280334472656,0.8631394505500793,13.320486068725586,102.4616470336914
FOODS_3_252__TX,ES,One-step,0.3 < CV ≤ 0.4,6,9.976266860961914,16.50056266784668,0.8482837677001953,18.669437408447266,164.49923706054688
FOODS_3_739__CA,ES,One-step,0.3 < CV ≤ 0.4,6,6.402676582336426,22.512065887451172,0.8671179413795471,9.166397094726562,113.80838775634766
FOODS_3_477__TX,ES,One-step,0.3 < CV ≤ 0.4,6,9.126805305480957,12.397305488586426,0.8669738173484802,1.9886959791183472,16.925107955932617
FOODS_3_458__CA,ES,One-step,0.3 < CV ≤ 0.4,6,9.292952537536621,11.47391128540039,0.8707507848739624,4.309632301330566,33.56614685058594
HOUSEHOLD_1_429__TX,ES,One-step,0.3 < CV ≤ 0.4,6,8.758414268493652,11.984857559204102,0.8705672025680542,2.381033182144165,20.1038875579834
FOODS_3_226__TX,ES,One-step,0.3 < CV ≤ 0.4,6,10.893217086791992,15.626221656799316,0.8554905652999878,6.039522647857666,47.09438705444336
FOODS_2_181__TX,ES,One-step,0.3 < CV ≤ 0.4,7,10.332152366638184,15.634967803955078,0.867910623550415,4.641168594360352,46.62657165527344
FOODS_3_377__WI,ES,One-step,0.3 < CV ≤ 0.4,7,11.298402786254883,15.231560707092285,0.8754438757896423,2.5729966163635254,24.76377296447754
FOODS_3_714__CA,ES,One-step,0.3 < CV ≤ 0.4,7,11.786357879638672,19.496334075927734,0.8530517816543579,10.947530746459961,118.63163757324219
FOODS_3_697__CA,ES,One-step,0.3 < CV ≤ 0.4,7,13.524401664733887,15.111283302307129,0.8648102283477783,4.257317543029785,41.24745178222656
FOODS_3_080__TX,ES,One-step,0.3 < CV ≤ 0.4,7,11.869028091430664,15.52518081665039,0.8820382952690125,4.416611194610596,37.24130630493164
FOODS_3_499__CA,ES,One-step,0.3 < CV ≤ 0.4,7,7.568821430206299,11.634037971496582,0.8648710250854492,8.653361320495605,88.4362564086914
HOUSEHOLD_1_110__CA,ES,One-step,0.3 < CV ≤ 0.4,7,8.083409309387207,22.07392692565918,0.8781819939613342,5.110422611236572,67.21356964111328
FOODS_3_288__CA,ES,One-step,0.3 < CV ≤ 0.4,7,7.295639991760254,24.988204956054688,0.8781701326370239,9.521522521972656,138.03421020507812
FOODS_3_252__CA,ES,One-step,0.3 < CV ≤ 0.4,7,11.805407524108887,19.23553466796875,0.8629668951034546,17.16150665283203,178.023193359375
HOUSEHOLD_1_110__TX,ES,One-step,0.3 < CV ≤ 0.4,7,6.791677474975586,20.528854370117188,0.8758713603019714,4.590418815612793,59.4249153137207
FOODS_3_228__CA,ES,One-step,0.3 < CV ≤ 0.4,7,11.03137493133545,13.830877304077148,0.8701971769332886,3.359757661819458,30.339683532714844
HOUSEHOLD_1_429__CA,ES,One-step,0.3 < CV ≤ 0.4,7,8.849893569946289,19.0286808013916,0.8801925182342529,2.7906227111816406,36.1644172668457
FOODS_3_555__TX,ES,One-step,0.3 < CV ≤ 0.4,7,14.231247901916504,19.66960906982422,0.8771186470985413,12.287169456481934,112.37351989746094
FOODS_3_252__TX,ES,One-step,0.3 < CV ≤ 0.4,7,11.472163200378418,20.173791885375977,0.8606588840484619,17.339008331298828,183.66468811035156
FOODS_3_739__CA,ES,One-step,0.3 < CV ≤ 0.4,7,7.172525405883789,28.51144027709961,0.8787127733230591,8.862691879272461,131.42083740234375
FOODS_3_477__TX,ES,One-step,0.3 < CV ≤ 0.4,7,11.046162605285645,16.04795265197754,0.8756580352783203,1.8665348291397095,19.872575759887695
FOODS_3_458__CA,ES,One-step,0.3 < CV ≤ 0.4,7,10.62755298614502,13.329690933227539,0.876978874206543,4.1790900230407715,38.43146896362305
HOUSEHOLD_1_429__TX,ES,One-step,0.3 < CV ≤ 0.4,7,9.93585205078125,14.966052055358887,0.8733335733413696,2.2727177143096924,23.271617889404297
FOODS_3_226__TX,ES,One-step,0.3 < CV ≤ 0.4,7,12.58489990234375,18.425004959106445,0.8659844994544983,5.6282639503479,52.713592529296875
FOODS_2_181__TX,ES,One-step,0.3 < CV ≤ 0.4,8,11.373635292053223,19.60556411743164,0.8721635937690735,4.690637111663818,55.131004333496094
FOODS_3_377__WI,ES,One-step,0.3 < CV ≤ 0.4,8,12.553397178649902,17.035053253173828,0.8830676674842834,2.4394521713256836,27.886831283569336
FOODS_3_714__CA,ES,One-step,0.3 < CV ≤ 0.4,8,12.566335678100586,23.06317901611328,0.8749557733535767,10.852917671203613,134.35232543945312
FOODS_3_697__CA,ES,One-step,0.3 < CV ≤ 0.4,8,15.1484375,19.56696128845215,0.8726264238357544,4.294773578643799,48.442562103271484
FOODS_3_080__TX,ES,One-step,0.3 < CV ≤ 0.4,8,13.836601257324219,19.86395263671875,0.8864262700080872,4.33880615234375,42.27727508544922
FOODS_3_499__CA,ES,One-step,0.3 < CV ≤ 0.4,8,8.074893951416016,14.355474472045898,0.8791227340698242,8.805333137512207,103.37621307373047
HOUSEHOLD_1_110__CA,ES,One-step,0.3 < CV ≤ 0.4,8,8.770340919494629,27.775270462036133,0.8886860013008118,5.267256736755371,78.34677124023438
FOODS_3_288__CA,ES,One-step,0.3 < CV ≤ 0.4,8,7.774455547332764,31.221254348754883,0.8825623393058777,9.861357688903809,162.3293914794922
FOODS_3_252__CA,ES,One-step,0.3 < CV ≤ 0.4,8,12.495670318603516,23.138458251953125,0.8819658756256104,17.79712677001953,207.48680114746094
HOUSEHOLD_1_110__TX,ES,One-step,0.3 < CV ≤ 0.4,8,7.536315441131592,25.783981323242188,0.8812351226806641,4.571622371673584,68.28645324707031
FOODS_3_228__CA,ES,One-step,0.3 < CV ≤ 0.4,8,12.325535774230957,17.40508460998535,0.8768057227134705,3.387888193130493,35.27489471435547
HOUSEHOLD_1_429__CA,ES,One-step,0.3 < CV ≤ 0.4,8,9.651222229003906,24.30208396911621,0.8927838802337646,2.884733200073242,43.0449333190918
FOODS_3_555__TX,ES,One-step,0.3 < CV ≤ 0.4,8,15.692338943481445,24.815494537353516,0.8849735856056213,12.305784225463867,128.5966339111328
FOODS_3_252__TX,ES,One-step,0.3 < CV ≤ 0.4,8,12.592779159545898,25.032241821289062,0.8725855350494385,17.903654098510742,213.45106506347656
FOODS_3_739__CA,ES,One-step,0.3 < CV ≤ 0.4,8,7.655401706695557,36.184349060058594,0.886702835559845,9.144508361816406,154.63681030273438
FOODS_3_477__TX,ES,One-step,0.3 < CV ≤ 0.4,8,12.971258163452148,21.15721321105957,0.8763075470924377,1.8077954053878784,23.334985733032227
FOODS_3_458__CA,ES,One-step,0.3 < CV ≤ 0.4,8,11.785161018371582,16.564388275146484,0.8829927444458008,4.2034382820129395,44.684234619140625
HOUSEHOLD_1_429__TX,ES,One-step,0.3 < CV ≤ 0.4,8,10.915048599243164,19.418785095214844,0.8756709694862366,2.310296058654785,27.13136863708496
FOODS_3_226__TX,ES,One-step,0.3 < CV ≤ 0.4,8,13.883026123046875,22.88472557067871,0.8752914071083069,5.638991832733154,60.75979232788086
FOODS_2_181__TX,ES,One-step,0.3 < CV ≤ 0.4,9,12.448671340942383,25.982194900512695,0.8753859400749207,4.842777729034424,65.33024597167969
FOODS_3_377__WI,ES,One-step,0.3 < CV ≤ 0.4,9,14.562334060668945,23.048751831054688,0.8826074004173279,2.470107316970825,32.86768341064453
FOODS_3_714__CA,ES,One-step,0.3 < CV ≤ 0.4,9,13.69021224975586,30.544536590576172,0.8795684576034546,11.734915733337402,165.0701904296875
FOODS_3_697__CA,ES,One-step,0.3 < CV ≤ 0.4,9,16.266565322875977,24.67115592956543,0.8811455965042114,4.403985977172852,57.78729248046875
FOODS_3_080__TX,ES,One-step,0.3 < CV ≤ 0.4,9,15.752486228942871,26.879772186279297,0.886256217956543,4.512178897857666,49.82736587524414
FOODS_3_499__CA,ES,One-step,0.3 < CV ≤ 0.4,9,9.092089653015137,20.061071395874023,0.8780672550201416,9.32791805267334,125.95169830322266
HOUSEHOLD_1_110__CA,ES,One-step,0.3 < CV ≤ 0.4,9,9.354286193847656,32.549705505371094,0.893789529800415,5.482961177825928,91.89205932617188
FOODS_3_288__CA,ES,One-step,0.3 < CV ≤ 0.4,9,8.421455383300781,39.81769561767578,0.8877903819084167,10.31431770324707,191.5863037109375
FOODS_3_252__CA,ES,One-step,0.3 < CV ≤ 0.4,9,13.91144847869873,29.89997100830078,0.8814745545387268,19.723581314086914,258.56707763671875
HOUSEHOLD_1_110__TX,ES,One-step,0.3 < CV ≤ 0.4,9,8.801411628723145,33.254398345947266,0.8774370551109314,4.785624027252197,80.6106185913086
FOODS_3_228__CA,ES,One-step,0.3 < CV ≤ 0.4,9,13.776525497436523,23.91021156311035,0.8804755210876465,3.460517406463623,41.77851104736328
HOUSEHOLD_1_429__CA,ES,One-step,0.3 < CV ≤ 0.4,9,11.261565208435059,31.056804656982422,0.8923481106758118,2.897913694381714,50.773773193359375
FOODS_3_555__TX,ES,One-step,0.3 < CV ≤ 0.4,9,17.573627471923828,34.96516036987305,0.8830254673957825,13.506755828857422,159.8143768310547
FOODS_3_252__TX,ES,One-step,0.3 < CV ≤ 0.4,9,13.591264724731445,31.71161460876465,0.8775702714920044,19.349163055419922,259.7352294921875
FOODS_3_739__CA,ES,One-step,0.3 < CV ≤ 0.4,9,8.516769409179688,47.384483337402344,0.8895265460014343,9.679404258728027,184.34677124023438
FOODS_3_477__TX,ES,One-step,0.3 < CV ≤ 0.4,9,14.070592880249023,25.093318939208984,0.8818118572235107,1.7764668464660645,26.61652946472168
FOODS_3_458__CA,ES,One-step,0.3 < CV ≤ 0.4,9,13.411113739013672,22.574501037597656,0.8839383721351624,4.251208782196045,52.490394592285156
HOUSEHOLD_1_429__TX,ES,One-step,0.3 < CV ≤ 0.4,9,12.703712463378906,26.236133575439453,0.8758598566055298,2.4487149715423584,32.49076461791992
FOODS_3_226__TX,ES,One-step,0.3 < CV ≤ 0.4,9,15.374363899230957,29.105682373046875,0.8812059164047241,5.8020453453063965,72.0384750366211
FOODS_2_181__TX,ES,One-step,0.3 < CV ≤ 0.4,10,14.43282413482666,35.96854782104492,0.8721237182617188,4.830492973327637,77.64044189453125
FOODS_3_377__WI,ES,One-step,0.3 < CV ≤ 0.4,10,16.45343589782715,28.125694274902344,0.8836259245872498,2.477964162826538,37.52146911621094
FOODS_3_714__CA,ES,One-step,0.3 < CV ≤ 0.4,10,15.741947174072266,39.377830505371094,0.881313145160675,11.303522109985352,193.67425537109375
FOODS_3_697__CA,ES,One-step,0.3 < CV ≤ 0.4,10,18.529977798461914,31.352195739746094,0.886195182800293,4.225818157196045,67.03753662109375
FOODS_3_080__TX,ES,One-step,0.3 < CV ≤ 0.4,10,18.354385375976562,35.544944763183594,0.8877894282341003,4.507896900177002,56.75192642211914
FOODS_3_499__CA,ES,One-step,0.3 < CV ≤ 0.4,10,10.82261848449707,28.756494522094727,0.8774521350860596,9.343780517578125,151.88125610351562
HOUSEHOLD_1_110__CA,ES,One-step,0.3 < CV ≤ 0.4,10,11.231660842895508,40.51821517944336,0.8935897946357727,5.369724273681641,106.3001937866211
FOODS_3_288__CA,ES,One-step,0.3 < CV ≤ 0.4,10,9.80218505859375,50.144893646240234,0.886946439743042,10.697275161743164,225.77195739746094
FOODS_3_252__CA,ES,One-step,0.3 < CV ≤ 0.4,10,16.523616790771484,38.598506927490234,0.8798583745956421,19.096647262573242,303.8482971191406
HOUSEHOLD_1_110__TX,ES,One-step,0.3 < CV ≤ 0.4,10,9.909184455871582,42.12544631958008,0.871475100517273,5.06772518157959,94.07543182373047
FOODS_3_228__CA,ES,One-step,0.3 < CV ≤ 0.4,10,15.857516288757324,30.008617401123047,0.8800145983695984,3.492948055267334,49.31364440917969
HOUSEHOLD_1_429__CA,ES,One-step,0.3 < CV ≤ 0.4,10,12.680981636047363,38.73899459838867,0.8931905031204224,2.765352487564087,58.363067626953125
FOODS_3_555__TX,ES,One-step,0.3 < CV ≤ 0.4,10,20.517864227294922,43.68128204345703,0.8847000002861023,13.517126083374023,185.95945739746094
FOODS_3_252__TX,ES,One-step,0.3 < CV ≤ 0.4,10,16.307634353637695,41.139102935791016,0.8766329288482666,18.789247512817383,307.9787292480469
FOODS_3_739__CA,ES,One-step,0.3 < CV ≤ 0.4,10,10.038346290588379,68.17156982421875,0.881325900554657,10.162610054016113,225.9327850341797
FOODS_3_477__TX,ES,One-step,0.3 < CV ≤ 0.4,10,16.39417839050293,34.22142791748047,0.8815097212791443,1.7141919136047363,30.27318572998047
FOODS_3_458__CA,ES,One-step,0.3 < CV ≤ 0.4,10,15.135369300842285,31.437397003173828,0.8824329376220703,4.439957618713379,62.49270248413086
HOUSEHOLD_1_429__TX,ES,One-step,0.3 < CV ≤ 0.4,10,14.442254066467285,33.593265533447266,0.8793256282806396,2.4248833656311035,37.41619873046875
FOODS_3_226__TX,ES,One-step,0.3 < CV ≤ 0.4,10,17.3193302154541,38.38325119018555,0.8821541666984558,5.817630290985107,84.32568359375
HOUSEHOLD_1_351__CA,ES,One-step,0.4 < CV ≤ 0.6,2,2.0443830490112305,1.3478904962539673,0.8638976216316223,4.5661773681640625,10.287436485290527
FOODS_2_326__TX,ES,One-step,0.4 < CV ≤ 0.6,2,2.334345579147339,1.3662009239196777,0.8616324663162231,4.541913986206055,10.070210456848145
FOODS_3_652__WI,ES,One-step,0.4 < CV ≤ 0.6,2,2.095154047012329,1.5147361755371094,0.8609152436256409,2.2554426193237305,5.150280475616455
FOODS_3_469__CA,ES,One-step,0.4 < CV ≤ 0.6,2,1.9885183572769165,2.0653252601623535,0.870220959186554,2.382655382156372,6.725732326507568
FOODS_3_282__CA,ES,One-step,0.4 < CV ≤ 0.6,2,1.171236515045166,0.8190956711769104,0.8907806873321533,13.000818252563477,29.93988037109375
HOUSEHOLD_1_517__TX,ES,One-step,0.4 < CV ≤ 0.6,2,2.115774154663086,1.3138980865478516,0.8568976521492004,3.218989133834839,7.051691055297852
FOODS_3_804__CA,ES,One-step,0.4 < CV ≤ 0.6,2,1.784033179283142,0.9661250710487366,0.8608129024505615,6.737077236175537,14.525243759155273
FOODS_3_503__CA,ES,One-step,0.4 < CV ≤ 0.6,2,1.861464500427246,1.1743323802947998,0.8671820759773254,3.1775782108306885,7.190338134765625
FOODS_2_016__WI,ES,One-step,0.4 < CV ≤ 0.6,2,2.0450117588043213,1.278817892074585,0.853520393371582,3.785015821456909,8.96257495880127
HOUSEHOLD_1_459__CA,ES,One-step,0.4 < CV ≤ 0.6,2,1.732757568359375,1.1453831195831299,0.8720604181289673,6.211202144622803,13.799592971801758
HOUSEHOLD_1_459__WI,ES,One-step,0.4 < CV ≤ 0.6,2,1.662149429321289,1.390383005142212,0.8670117259025574,7.09677791595459,16.63494300842285
FOODS_3_252__WI,ES,One-step,0.4 < CV ≤ 0.6,2,1.7144707441329956,1.1180294752120972,0.8660596013069153,5.98481559753418,12.20412826538086
FOODS_3_372__WI,ES,One-step,0.4 < CV ≤ 0.6,2,2.189127206802368,1.3700112104415894,0.8454338908195496,1.7598004341125488,4.14975643157959
HOUSEHOLD_1_334__TX,ES,One-step,0.4 < CV ≤ 0.6,2,1.8514037132263184,0.9088371992111206,0.8803762793540955,5.263664722442627,10.830399513244629
HOUSEHOLD_1_118__CA,ES,One-step,0.4 < CV ≤ 0.6,2,1.9365488290786743,1.446548581123352,0.8585678339004517,7.11082649230957,15.326321601867676
HOUSEHOLD_1_306__WI,ES,One-step,0.4 < CV ≤ 0.6,2,1.5665175914764404,1.6237748861312866,0.8538495898246765,2.419389247894287,5.9132585525512695
HOUSEHOLD_1_319__CA,ES,One-step,0.4 < CV ≤ 0.6,2,2.182659149169922,1.4775869846343994,0.8540673851966858,1.8141077756881714,4.313880920410156
FOODS_3_389__WI,ES,One-step,0.4 < CV ≤ 0.6,2,2.2091615200042725,1.4034677743911743,0.8636574745178223,3.530796527862549,7.2781758308410645
HOUSEHOLD_1_465__CA,ES,One-step,0.4 < CV ≤ 0.6,2,1.6839745044708252,1.278152585029602,0.8677536249160767,6.673208713531494,15.470157623291016
HOUSEHOLD_1_351__CA,ES,One-step,0.4 < CV ≤ 0.6,3,3.382289409637451,3.131575345993042,0.8593496084213257,4.591061115264893,16.934917449951172
FOODS_2_326__TX,ES,One-step,0.4 < CV ≤ 0.6,3,3.7603564262390137,2.944380283355713,0.8552067279815674,4.554971218109131,16.54521369934082
FOODS_3_652__WI,ES,One-step,0.4 < CV ≤ 0.6,3,3.895913600921631,4.00972843170166,0.8397160768508911,2.369729995727539,8.7489013671875
FOODS_3_469__CA,ES,One-step,0.4 < CV ≤ 0.6,3,3.336106538772583,4.410622596740723,0.8622366189956665,2.4327971935272217,10.701108932495117
FOODS_3_282__CA,ES,One-step,0.4 < CV ≤ 0.6,3,2.1132187843322754,2.2900750637054443,0.8681665658950806,14.719274520874023,51.474281311035156
HOUSEHOLD_1_517__TX,ES,One-step,0.4 < CV ≤ 0.6,3,3.700448751449585,3.3422346115112305,0.846324622631073,3.2290332317352295,11.730230331420898
FOODS_3_804__CA,ES,One-step,0.4 < CV ≤ 0.6,3,3.0161187648773193,2.2989611625671387,0.8470893502235413,6.686237335205078,23.821786880493164
FOODS_3_503__CA,ES,One-step,0.4 < CV ≤ 0.6,3,2.911015272140503,3.1297755241394043,0.8515875935554504,3.533581018447876,12.923116683959961
FOODS_2_016__WI,ES,One-step,0.4 < CV ≤ 0.6,3,3.138378858566284,2.795375347137451,0.8507819771766663,3.6382062435150146,14.508755683898926
HOUSEHOLD_1_459__CA,ES,One-step,0.4 < CV ≤ 0.6,3,2.806121826171875,3.010725736618042,0.8605502247810364,6.589521408081055,23.741615295410156
HOUSEHOLD_1_459__WI,ES,One-step,0.4 < CV ≤ 0.6,3,2.6866328716278076,3.1129467487335205,0.8563286662101746,7.216952800750732,27.73762321472168
FOODS_3_252__WI,ES,One-step,0.4 < CV ≤ 0.6,3,2.8670308589935303,2.873948574066162,0.8497596979141235,6.545722484588623,21.289155960083008
FOODS_3_372__WI,ES,One-step,0.4 < CV ≤ 0.6,3,3.490748405456543,3.143892526626587,0.8409183025360107,1.7515546083450317,6.8572587966918945
HOUSEHOLD_1_334__TX,ES,One-step,0.4 < CV ≤ 0.6,3,2.8583314418792725,2.2094807624816895,0.8654686212539673,5.824862003326416,18.79041862487793
HOUSEHOLD_1_118__CA,ES,One-step,0.4 < CV ≤ 0.6,3,3.529526472091675,3.9784328937530518,0.8397143483161926,7.497190475463867,26.92776107788086
HOUSEHOLD_1_306__WI,ES,One-step,0.4 < CV ≤ 0.6,3,2.963369846343994,4.586341857910156,0.839343249797821,2.4014945030212402,10.25781536102295
HOUSEHOLD_1_319__CA,ES,One-step,0.4 < CV ≤ 0.6,3,3.6517534255981445,3.4433746337890625,0.8420606851577759,1.7928894758224487,7.13549280166626
FOODS_3_389__WI,ES,One-step,0.4 < CV ≤ 0.6,3,3.8684186935424805,3.6899313926696777,0.8478366136550903,3.8242146968841553,12.862483978271484
HOUSEHOLD_1_465__CA,ES,One-step,0.4 < CV ≤ 0.6,3,2.8780415058135986,3.493762969970703,0.8535542488098145,7.167580604553223,27.12135887145996
HOUSEHOLD_1_351__CA,ES,One-step,0.4 < CV ≤ 0.6,4,4.75937557220459,5.9485697746276855,0.8554467558860779,4.6115498542785645,24.848087310791016
FOODS_2_326__TX,ES,One-step,0.4 < CV ≤ 0.6,4,5.0856475830078125,5.449690341949463,0.8546391129493713,4.2383623123168945,23.257892608642578
FOODS_3_652__WI,ES,One-step,0.4 < CV ≤ 0.6,4,5.053402423858643,7.309394359588623,0.843486487865448,2.27729868888855,12.570183753967285
FOODS_3_469__CA,ES,One-step,0.4 < CV ≤ 0.6,4,4.37815523147583,7.948605537414551,0.8568509221076965,2.541546106338501,15.71143913269043
FOODS_3_282__CA,ES,One-step,0.4 < CV ≤ 0.6,4,3.5029733180999756,5.410289764404297,0.8500081896781921,15.509018898010254,77.12210845947266
HOUSEHOLD_1_517__TX,ES,One-step,0.4 < CV ≤ 0.6,4,5.159731388092041,6.55109977722168,0.843217134475708,3.222623109817505,17.209125518798828
FOODS_3_804__CA,ES,One-step,0.4 < CV ≤ 0.6,4,3.8015551567077637,4.181120872497559,0.8514775633811951,6.6700263023376465,34.482574462890625
FOODS_3_503__CA,ES,One-step,0.4 < CV ≤ 0.6,4,4.634945869445801,7.19094181060791,0.8468320369720459,3.313728094100952,19.19561195373535
FOODS_2_016__WI,ES,One-step,0.4 < CV ≤ 0.6,4,4.105009078979492,4.734910488128662,0.851793110370636,3.478104829788208,20.380512237548828
HOUSEHOLD_1_459__CA,ES,One-step,0.4 < CV ≤ 0.6,4,4.3579559326171875,6.360994815826416,0.8542970418930054,6.432620048522949,34.924400329589844
HOUSEHOLD_1_459__WI,ES,One-step,0.4 < CV ≤ 0.6,4,3.8146469593048096,5.6758131980896,0.8518058061599731,7.110764980316162,40.426021575927734
FOODS_3_252__WI,ES,One-step,0.4 < CV ≤ 0.6,4,4.578184127807617,6.032312870025635,0.8320401906967163,6.620585918426514,32.39645767211914
FOODS_3_372__WI,ES,One-step,0.4 < CV ≤ 0.6,4,5.377774715423584,6.370676517486572,0.8329712152481079,1.5726326704025269,9.709446907043457
HOUSEHOLD_1_334__TX,ES,One-step,0.4 < CV ≤ 0.6,4,4.270395278930664,4.714254856109619,0.8502538204193115,6.197709083557129,28.384641647338867
HOUSEHOLD_1_118__CA,ES,One-step,0.4 < CV ≤ 0.6,4,5.420093059539795,8.101166725158691,0.8313528299331665,7.154163837432861,39.58190155029297
HOUSEHOLD_1_306__WI,ES,One-step,0.4 < CV ≤ 0.6,4,4.2770185470581055,8.64924144744873,0.8318178057670593,2.2422516345977783,14.991787910461426
HOUSEHOLD_1_319__CA,ES,One-step,0.4 < CV ≤ 0.6,4,4.935357093811035,5.821106433868408,0.84392911195755,1.5497876405715942,9.64522647857666
FOODS_3_389__WI,ES,One-step,0.4 < CV ≤ 0.6,4,5.96850061416626,7.3976054191589355,0.8309606909751892,3.6987812519073486,18.970006942749023
HOUSEHOLD_1_465__CA,ES,One-step,0.4 < CV ≤ 0.6,4,4.63751745223999,7.552910804748535,0.8347288370132446,7.149791240692139,40.890289306640625
HOUSEHOLD_1_351__CA,ES,One-step,0.4 < CV ≤ 0.6,5,6.53485631942749,9.17520523071289,0.8541365265846252,4.171390533447266,31.64324188232422
FOODS_2_326__TX,ES,One-step,0.4 < CV ≤ 0.6,5,6.323598861694336,8.076881408691406,0.8659314513206482,4.0794901847839355,29.75837516784668
FOODS_3_652__WI,ES,One-step,0.4 < CV ≤ 0.6,5,6.775679588317871,10.168438911437988,0.8538789749145508,1.9931411743164062,15.29525089263916
FOODS_3_469__CA,ES,One-step,0.4 < CV ≤ 0.6,5,6.15331506729126,12.6255521774292,0.8528475761413574,2.174172878265381,19.716571807861328
FOODS_3_282__CA,ES,One-step,0.4 < CV ≤ 0.6,5,5.466311454772949,9.05651569366455,0.8413042426109314,14.814709663391113,101.28569030761719
HOUSEHOLD_1_517__TX,ES,One-step,0.4 < CV ≤ 0.6,5,6.951052665710449,10.770329475402832,0.8404202461242676,3.032862901687622,22.68718910217285
FOODS_3_804__CA,ES,One-step,0.4 < CV ≤ 0.6,5,5.242245197296143,6.582724094390869,0.8527329564094543,5.96276330947876,43.83353805541992
FOODS_3_503__CA,ES,One-step,0.4 < CV ≤ 0.6,5,6.071043014526367,11.081958770751953,0.8531143069267273,2.9260194301605225,24.520076751708984
FOODS_2_016__WI,ES,One-step,0.4 < CV ≤ 0.6,5,5.045870780944824,7.942304611206055,0.8572153449058533,3.5597121715545654,27.961301803588867
HOUSEHOLD_1_459__CA,ES,One-step,0.4 < CV ≤ 0.6,5,5.6919145584106445,9.793898582458496,0.8556479811668396,5.96933126449585,45.33669662475586
HOUSEHOLD_1_459__WI,ES,One-step,0.4 < CV ≤ 0.6,5,5.056380271911621,9.822656631469727,0.8522913455963135,6.892503261566162,54.53478240966797
FOODS_3_252__WI,ES,One-step,0.4 < CV ≤ 0.6,5,6.7730793952941895,10.49836540222168,0.8338472843170166,5.718691825866699,41.260868072509766
FOODS_3_372__WI,ES,One-step,0.4 < CV ≤ 0.6,5,6.865509510040283,8.6683349609375,0.8506689667701721,1.405680775642395,11.855325698852539
HOUSEHOLD_1_334__TX,ES,One-step,0.4 < CV ≤ 0.6,5,5.64536714553833,8.445611000061035,0.845608115196228,6.157346725463867,38.039283752441406
HOUSEHOLD_1_118__CA,ES,One-step,0.4 < CV ≤ 0.6,5,7.000586032867432,12.703858375549316,0.839698076248169,6.139827728271484,49.76190185546875
HOUSEHOLD_1_306__WI,ES,One-step,0.4 < CV ≤ 0.6,5,5.249008655548096,14.280757904052734,0.8387750387191772,1.9761589765548706,19.030296325683594
HOUSEHOLD_1_319__CA,ES,One-step,0.4 < CV ≤ 0.6,5,6.110894203186035,7.858858108520508,0.8577897548675537,1.4368946552276611,12.15058422088623
FOODS_3_389__WI,ES,One-step,0.4 < CV ≤ 0.6,5,8.571737289428711,11.968132972717285,0.8332749605178833,3.2802908420562744,23.843835830688477
HOUSEHOLD_1_465__CA,ES,One-step,0.4 < CV ≤ 0.6,5,6.228428840637207,12.295350074768066,0.8366171717643738,6.448019504547119,52.76080322265625
HOUSEHOLD_1_351__CA,ES,One-step,0.4 < CV ≤ 0.6,6,8.184075355529785,12.324396133422852,0.8612965941429138,3.71854567527771,37.41011047363281
FOODS_2_326__TX,ES,One-step,0.4 < CV ≤ 0.6,6,7.546308517456055,10.157821655273438,0.8735139966011047,3.6995532512664795,35.691978454589844
FOODS_3_652__WI,ES,One-step,0.4 < CV ≤ 0.6,6,8.554676055908203,13.40981674194336,0.8557081818580627,1.8337011337280273,18.358766555786133
FOODS_3_469__CA,ES,One-step,0.4 < CV ≤ 0.6,6,7.372750759124756,17.809972763061523,0.8646194338798523,1.8551996946334839,23.037168502807617
FOODS_3_282__CA,ES,One-step,0.4 < CV ≤ 0.6,6,6.793710708618164,11.343524932861328,0.8496058583259583,13.403642654418945,117.98894500732422
HOUSEHOLD_1_517__TX,ES,One-step,0.4 < CV ≤ 0.6,6,8.666487693786621,15.731712341308594,0.8526086211204529,2.6469566822052,26.33958625793457
FOODS_3_804__CA,ES,One-step,0.4 < CV ≤ 0.6,6,6.492073059082031,9.396429061889648,0.8555381298065186,5.392411231994629,52.312049865722656
FOODS_3_503__CA,ES,One-step,0.4 < CV ≤ 0.6,6,7.410120964050293,13.986729621887207,0.8630495667457581,2.5181596279144287,28.60480499267578
FOODS_2_016__WI,ES,One-step,0.4 < CV ≤ 0.6,6,6.245198726654053,12.202701568603516,0.8579409122467041,3.2219579219818115,34.528953552246094
HOUSEHOLD_1_459__CA,ES,One-step,0.4 < CV ≤ 0.6,6,6.795335292816162,12.448980331420898,0.8647512793540955,5.418353080749512,53.03702926635742
HOUSEHOLD_1_459__WI,ES,One-step,0.4 < CV ≤ 0.6,6,6.4313740730285645,13.976476669311523,0.8565926551818848,6.369287967681885,65.9625473022461
FOODS_3_252__WI,ES,One-step,0.4 < CV ≤ 0.6,6,8.317204475402832,13.743952751159668,0.8502637147903442,4.981773853302002,48.75537872314453
FOODS_3_372__WI,ES,One-step,0.4 < CV ≤ 0.6,6,8.165072441101074,10.237346649169922,0.8555590510368347,1.2567999362945557,13.860102653503418
HOUSEHOLD_1_334__TX,ES,One-step,0.4 < CV ≤ 0.6,6,7.053793907165527,12.281940460205078,0.8558266162872314,5.571875095367432,44.6038932800293
HOUSEHOLD_1_118__CA,ES,One-step,0.4 < CV ≤ 0.6,6,8.29692554473877,16.19368553161621,0.8533954620361328,5.4824628829956055,57.75568389892578
HOUSEHOLD_1_306__WI,ES,One-step,0.4 < CV ≤ 0.6,6,6.138534069061279,20.38704490661621,0.8530524373054504,1.734998345375061,22.305742263793945
HOUSEHOLD_1_319__CA,ES,One-step,0.4 < CV ≤ 0.6,6,7.405979156494141,9.854328155517578,0.8721274733543396,1.2111753225326538,14.125957489013672
FOODS_3_389__WI,ES,One-step,0.4 < CV ≤ 0.6,6,10.521822929382324,14.57167911529541,0.8530779480934143,2.8159215450286865,27.0247802734375
HOUSEHOLD_1_465__CA,ES,One-step,0.4 < CV ≤ 0.6,6,7.4235711097717285,16.488805770874023,0.8497602343559265,5.66364049911499,61.87617874145508
HOUSEHOLD_1_351__CA,ES,One-step,0.4 < CV ≤ 0.6,7,9.380061149597168,17.028711318969727,0.8667490482330322,3.658428430557251,44.75390625
FOODS_2_326__TX,ES,One-step,0.4 < CV ≤ 0.6,7,9.00158405303955,13.731343269348145,0.869152307510376,3.671945810317993,43.91815185546875
FOODS_3_652__WI,ES,One-step,0.4 < CV ≤ 0.6,7,9.798121452331543,16.886314392089844,0.8678266406059265,1.8228596448898315,21.77105712890625
FOODS_3_469__CA,ES,One-step,0.4 < CV ≤ 0.6,7,8.524698257446289,22.304685592651367,0.8827359676361084,1.6739012002944946,25.51436996459961
FOODS_3_282__CA,ES,One-step,0.4 < CV ≤ 0.6,7,7.776945114135742,12.177778244018555,0.857646644115448,12.413015365600586,130.79209899902344
HOUSEHOLD_1_517__TX,ES,One-step,0.4 < CV ≤ 0.6,7,10.184052467346191,20.727510452270508,0.8717502355575562,2.5189003944396973,31.06100082397461
FOODS_3_804__CA,ES,One-step,0.4 < CV ≤ 0.6,7,7.413991451263428,12.657953262329102,0.8587788343429565,5.3926682472229,62.809722900390625
FOODS_3_503__CA,ES,One-step,0.4 < CV ≤ 0.6,7,8.63835334777832,17.071550369262695,0.8786922097206116,2.336810827255249,32.55158233642578
FOODS_2_016__WI,ES,One-step,0.4 < CV ≤ 0.6,7,7.193873882293701,16.94346809387207,0.8584497570991516,3.1500401496887207,41.72278594970703
HOUSEHOLD_1_459__CA,ES,One-step,0.4 < CV ≤ 0.6,7,7.875176429748535,14.637481689453125,0.8751357793807983,5.118514537811279,60.442867279052734
HOUSEHOLD_1_459__WI,ES,One-step,0.4 < CV ≤ 0.6,7,7.4909868240356445,20.31830596923828,0.8646252155303955,6.240192890167236,79.31175231933594
FOODS_3_252__WI,ES,One-step,0.4 < CV ≤ 0.6,7,9.486230850219727,16.76808738708496,0.8648676872253418,4.520549774169922,53.847007751464844
FOODS_3_372__WI,ES,One-step,0.4 < CV ≤ 0.6,7,9.126846313476562,12.15461540222168,0.8705636858940125,1.141697883605957,16.02825355529785
HOUSEHOLD_1_334__TX,ES,One-step,0.4 < CV ≤ 0.6,7,8.289162635803223,16.193517684936523,0.8646904230117798,5.258259296417236,52.025108337402344
HOUSEHOLD_1_118__CA,ES,One-step,0.4 < CV ≤ 0.6,7,9.71712875366211,21.596879959106445,0.8654517531394958,5.139842510223389,67.4080581665039
HOUSEHOLD_1_306__WI,ES,One-step,0.4 < CV ≤ 0.6,7,6.779796123504639,24.304025650024414,0.8704805374145508,1.6153781414031982,25.310890197753906
HOUSEHOLD_1_319__CA,ES,One-step,0.4 < CV ≤ 0.6,7,8.675787925720215,12.74309253692627,0.8829475045204163,1.1940230131149292,16.68582534790039
FOODS_3_389__WI,ES,One-step,0.4 < CV ≤ 0.6,7,12.071575164794922,16.07965660095215,0.8712776303291321,2.4371836185455322,29.58205795288086
HOUSEHOLD_1_465__CA,ES,One-step,0.4 < CV ≤ 0.6,7,8.73768138885498,21.518285751342773,0.8616892099380493,5.354641437530518,72.1872329711914
HOUSEHOLD_1_351__CA,ES,One-step,0.4 < CV ≤ 0.6,8,10.91723918914795,23.508352279663086,0.8760563135147095,3.669206142425537,52.69120407104492
FOODS_2_326__TX,ES,One-step,0.4 < CV ≤ 0.6,8,10.17658805847168,17.997529983520508,0.8725724816322327,3.6357622146606445,51.74882125854492
FOODS_3_652__WI,ES,One-step,0.4 < CV ≤ 0.6,8,11.647052764892578,23.929523468017578,0.8707442879676819,1.7373329401016235,25.387859344482422
FOODS_3_469__CA,ES,One-step,0.4 < CV ≤ 0.6,8,9.404638290405273,25.70555877685547,0.898679792881012,1.6309137344360352,28.51260757446289
FOODS_3_282__CA,ES,One-step,0.4 < CV ≤ 0.6,8,8.099096298217773,14.567988395690918,0.8753545880317688,12.66537094116211,152.20199584960938
HOUSEHOLD_1_517__TX,ES,One-step,0.4 < CV ≤ 0.6,8,11.679437637329102,29.17975616455078,0.8762194514274597,2.4125733375549316,36.91311264038086
FOODS_3_804__CA,ES,One-step,0.4 < CV ≤ 0.6,8,8.390999794006348,16.354694366455078,0.8653414249420166,5.409011363983154,73.01509094238281
FOODS_3_503__CA,ES,One-step,0.4 < CV ≤ 0.6,8,9.944792747497559,23.975927352905273,0.8863276839256287,2.306335687637329,38.38197708129883
FOODS_2_016__WI,ES,One-step,0.4 < CV ≤ 0.6,8,8.180335998535156,20.866336822509766,0.8629671931266785,3.2111594676971436,49.53727340698242
HOUSEHOLD_1_459__CA,ES,One-step,0.4 < CV ≤ 0.6,8,8.999198913574219,19.63233184814453,0.8801649212837219,5.20263671875,71.89260864257812
HOUSEHOLD_1_459__WI,ES,One-step,0.4 < CV ≤ 0.6,8,8.880034446716309,27.55823516845703,0.8613938689231873,6.26906156539917,94.90790557861328
FOODS_3_252__WI,ES,One-step,0.4 < CV ≤ 0.6,8,10.531242370605469,21.787504196166992,0.8782846927642822,4.723553657531738,63.76412582397461
FOODS_3_372__WI,ES,One-step,0.4 < CV ≤ 0.6,8,10.237632751464844,15.044361114501953,0.8829874396324158,1.1065067052841187,18.68148422241211
HOUSEHOLD_1_334__TX,ES,One-step,0.4 < CV ≤ 0.6,8,9.273921966552734,21.50139808654785,0.8733018040657043,5.169874668121338,61.223243713378906
HOUSEHOLD_1_118__CA,ES,One-step,0.4 < CV ≤ 0.6,8,10.462056159973145,29.8370361328125,0.8746657371520996,5.312101364135742,81.68705749511719
HOUSEHOLD_1_306__WI,ES,One-step,0.4 < CV ≤ 0.6,8,7.541996002197266,32.5921516418457,0.8797844648361206,1.6804654598236084,30.152729034423828
HOUSEHOLD_1_319__CA,ES,One-step,0.4 < CV ≤ 0.6,8,9.837919235229492,16.955982208251953,0.8827463388442993,1.1799651384353638,19.635892868041992
FOODS_3_389__WI,ES,One-step,0.4 < CV ≤ 0.6,8,12.962910652160645,20.27903175354004,0.8830097913742065,2.5144293308258057,35.382572174072266
HOUSEHOLD_1_465__CA,ES,One-step,0.4 < CV ≤ 0.6,8,10.106559753417969,25.008941650390625,0.8741747140884399,5.101241588592529,81.43075561523438
HOUSEHOLD_1_351__CA,ES,One-step,0.4 < CV ≤ 0.6,9,12.110811233520508,29.446212768554688,0.8779507279396057,3.4873180389404297,60.43190383911133
FOODS_2_326__TX,ES,One-step,0.4 < CV ≤ 0.6,9,11.202342987060547,22.90415382385254,0.876038670539856,3.73494553565979,61.17627716064453
FOODS_3_652__WI,ES,One-step,0.4 < CV ≤ 0.6,9,12.588239669799805,27.360990524291992,0.8830638527870178,1.6833492517471313,29.019702911376953
FOODS_3_469__CA,ES,One-step,0.4 < CV ≤ 0.6,9,10.25583553314209,30.04943084716797,0.9047623872756958,1.6589553356170654,33.491905212402344
FOODS_3_282__CA,ES,One-step,0.4 < CV ≤ 0.6,9,8.6182222366333,20.47746467590332,0.8807736039161682,13.5283842086792,188.1474151611328
HOUSEHOLD_1_517__TX,ES,One-step,0.4 < CV ≤ 0.6,9,13.480756759643555,38.85006332397461,0.8769776821136475,2.395933151245117,44.01133728027344
FOODS_3_804__CA,ES,One-step,0.4 < CV ≤ 0.6,9,9.490817070007324,21.95140266418457,0.8649186491966248,5.381325721740723,85.67897033691406
FOODS_3_503__CA,ES,One-step,0.4 < CV ≤ 0.6,9,10.911815643310547,32.500091552734375,0.8989185690879822,2.32828426361084,44.92437744140625
FOODS_2_016__WI,ES,One-step,0.4 < CV ≤ 0.6,9,9.201828002929688,26.76034164428711,0.8683309555053711,3.1968462467193604,57.78643035888672
HOUSEHOLD_1_459__CA,ES,One-step,0.4 < CV ≤ 0.6,9,10.143218994140625,25.84454345703125,0.8831087946891785,5.258008003234863,84.8214111328125
HOUSEHOLD_1_459__WI,ES,One-step,0.4 < CV ≤ 0.6,9,10.33507251739502,35.7608528137207,0.8609539866447449,6.230798721313477,110.10005187988281
FOODS_3_252__WI,ES,One-step,0.4 < CV ≤ 0.6,9,12.391480445861816,29.065011978149414,0.88043212890625,4.931558609008789,77.84024047851562
FOODS_3_372__WI,ES,One-step,0.4 < CV ≤ 0.6,9,11.095368385314941,18.776473999023438,0.8883548378944397,1.0563349723815918,21.709083557128906
HOUSEHOLD_1_334__TX,ES,One-step,0.4 < CV ≤ 0.6,9,10.440937995910645,28.616426467895508,0.8731494545936584,5.207129001617432,72.63664245605469
HOUSEHOLD_1_118__CA,ES,One-step,0.4 < CV ≤ 0.6,9,11.863075256347656,40.58812713623047,0.8799517154693604,5.268218994140625,97.04132843017578
HOUSEHOLD_1_306__WI,ES,One-step,0.4 < CV ≤ 0.6,9,8.498427391052246,42.536529541015625,0.8759265542030334,1.7456523180007935,36.068485260009766
HOUSEHOLD_1_319__CA,ES,One-step,0.4 < CV ≤ 0.6,9,11.281743049621582,21.95847511291504,0.8881731629371643,1.1047428846359253,22.486568450927734
FOODS_3_389__WI,ES,One-step,0.4 < CV ≤ 0.6,9,14.240120887756348,27.568044662475586,0.888421356678009,2.628641128540039,42.248329162597656
HOUSEHOLD_1_465__CA,ES,One-step,0.4 < CV ≤ 0.6,9,11.112927436828613,31.83321189880371,0.8774959444999695,5.335504055023193,96.80874633789062
HOUSEHOLD_1_351__CA,ES,One-step,0.4 < CV ≤ 0.6,10,13.8793363571167,37.530242919921875,0.8782243132591248,3.4930155277252197,70.73596954345703
FOODS_2_326__TX,ES,One-step,0.4 < CV ≤ 0.6,10,12.505824089050293,29.835546493530273,0.8772205114364624,3.683037281036377,70.41819763183594
FOODS_3_652__WI,ES,One-step,0.4 < CV ≤ 0.6,10,13.55986213684082,31.831722259521484,0.8807477355003357,1.740122675895691,33.76591873168945
FOODS_3_469__CA,ES,One-step,0.4 < CV ≤ 0.6,10,11.807856559753418,37.743736267089844,0.9007250666618347,1.609561562538147,38.28972625732422
FOODS_3_282__CA,ES,One-step,0.4 < CV ≤ 0.6,10,10.225348472595215,30.69321060180664,0.8812224268913269,13.215689659118652,223.97747802734375
HOUSEHOLD_1_517__TX,ES,One-step,0.4 < CV ≤ 0.6,10,15.221112251281738,44.14666748046875,0.8829039931297302,2.161099433898926,48.02873611450195
FOODS_3_804__CA,ES,One-step,0.4 < CV ≤ 0.6,10,10.475849151611328,26.242115020751953,0.8675488829612732,5.3915886878967285,98.2319107055664
FOODS_3_503__CA,ES,One-step,0.4 < CV ≤ 0.6,10,12.280152320861816,43.42073440551758,0.9000043272972107,2.352224588394165,53.16806411743164
FOODS_2_016__WI,ES,One-step,0.4 < CV ≤ 0.6,10,9.96287727355957,33.695343017578125,0.8694320917129517,3.1605224609375,66.25106048583984
HOUSEHOLD_1_459__CA,ES,One-step,0.4 < CV ≤ 0.6,10,11.942253112792969,34.75168228149414,0.8821093440055847,5.171892166137695,97.52226257324219
HOUSEHOLD_1_459__WI,ES,One-step,0.4 < CV ≤ 0.6,10,11.601566314697266,46.4095573425293,0.8625166416168213,6.000463008880615,127.5218505859375
FOODS_3_252__WI,ES,One-step,0.4 < CV ≤ 0.6,10,14.11155891418457,38.414878845214844,0.8751866221427917,4.8295464515686035,91.13711547851562
FOODS_3_372__WI,ES,One-step,0.4 < CV ≤ 0.6,10,12.45059585571289,23.18897819519043,0.892779529094696,0.9824824333190918,24.04290199279785
HOUSEHOLD_1_334__TX,ES,One-step,0.4 < CV ≤ 0.6,10,11.708154678344727,36.23359680175781,0.8753600120544434,5.309425354003906,85.40567016601562
HOUSEHOLD_1_118__CA,ES,One-step,0.4 < CV ≤ 0.6,10,13.447136878967285,51.28408432006836,0.8840805888175964,5.065377712249756,111.75654602050781
HOUSEHOLD_1_306__WI,ES,One-step,0.4 < CV ≤ 0.6,10,9.518037796020508,53.74703598022461,0.8724436163902283,1.7448440790176392,42.115238189697266
HOUSEHOLD_1_319__CA,ES,One-step,0.4 < CV ≤ 0.6,10,12.570955276489258,27.028234481811523,0.8921731114387512,1.0899261236190796,25.604162216186523
FOODS_3_389__WI,ES,One-step,0.4 < CV ≤ 0.6,10,16.828659057617188,37.802154541015625,0.8820392489433289,2.668882369995117,49.90541458129883
HOUSEHOLD_1_465__CA,ES,One-step,0.4 < CV ≤ 0.6,10,12.165018081665039,40.155731201171875,0.8803366422653198,5.398864269256592,113.31623840332031
FOODS_3_555__CA,MA,One-step,0.2 < CV ≤ 0.3,2,1.3083531856536865,1.2480266094207764,0.8963413834571838,9.785616874694824,19.21917724609375
FOODS_3_694__WI,MA,One-step,0.2 < CV ≤ 0.3,2,1.284583330154419,1.1439861059188843,0.9116987586021423,10.152054786682129,19.914382934570312
FOODS_3_377__CA,MA,One-step,0.2 < CV ≤ 0.3,2,1.346877932548523,1.2054979801177979,0.9135944247245789,3.4958903789520264,7.00616455078125
FOODS_3_080__CA,MA,One-step,0.2 < CV ≤ 0.3,2,1.5072914361953735,1.0524048805236816,0.9147515296936035,5.457534313201904,10.754794120788574
FOODS_3_694__TX,MA,One-step,0.2 < CV ≤ 0.3,2,1.327613115310669,1.1305956840515137,0.8970698714256287,6.806849479675293,13.312328338623047
FOODS_3_042__WI,MA,One-step,0.2 < CV ≤ 0.3,2,1.3947601318359375,1.2433147430419922,0.8935883641242981,3.863698720932007,7.606849193572998
FOODS_3_586__CA,MA,One-step,0.2 < CV ≤ 0.3,2,1.1779741048812866,1.024298906326294,0.9102743268013,18.643150329589844,36.697261810302734
FOODS_3_586__TX,MA,One-step,0.2 < CV ≤ 0.3,2,1.2394415140151978,1.239993929862976,0.9087636470794678,24.669862747192383,48.72191619873047
FOODS_3_377__TX,MA,One-step,0.2 < CV ≤ 0.3,2,1.404584527015686,1.3007336854934692,0.9137822985649109,9.043835639953613,17.80890464782715
FOODS_3_099__CA,MA,One-step,0.2 < CV ≤ 0.3,2,1.4922945499420166,1.232244849205017,0.8985347151756287,5.422602653503418,10.835616111755371
FOODS_3_226__WI,MA,One-step,0.2 < CV ≤ 0.3,2,1.3212727308273315,1.2863447666168213,0.9147791862487793,13.410959243774414,26.359588623046875
FOODS_3_694__CA,MA,One-step,0.2 < CV ≤ 0.3,2,1.3216110467910767,1.1184133291244507,0.8986214399337769,5.782191753387451,11.484931945800781
FOODS_3_555__CA,MA,One-step,0.2 < CV ≤ 0.3,3,2.241330623626709,2.796083450317383,0.8857911825180054,10.662671089172363,31.416095733642578
FOODS_3_694__WI,MA,One-step,0.2 < CV ≤ 0.3,3,2.221160888671875,2.661115884780884,0.8997732400894165,11.286301612854004,33.01712417602539
FOODS_3_377__CA,MA,One-step,0.2 < CV ≤ 0.3,3,2.217691421508789,2.578359365463257,0.9053923487663269,3.743835687637329,11.260273933410645
FOODS_3_080__CA,MA,One-step,0.2 < CV ≤ 0.3,3,2.4062085151672363,2.275071859359741,0.9056325554847717,5.921575546264648,17.42637062072754
FOODS_3_694__TX,MA,One-step,0.2 < CV ≤ 0.3,3,2.0535714626312256,2.3535826206207275,0.8895233869552612,7.311301231384277,21.380821228027344
FOODS_3_042__WI,MA,One-step,0.2 < CV ≤ 0.3,3,2.4654831886291504,2.722236394882202,0.8853307366371155,4.092465877532959,12.056507110595703
FOODS_3_586__CA,MA,One-step,0.2 < CV ≤ 0.3,3,1.8820030689239502,2.2457847595214844,0.9016098380088806,20.479108810424805,60.389041900634766
FOODS_3_586__TX,MA,One-step,0.2 < CV ≤ 0.3,3,2.0142552852630615,2.6893746852874756,0.8967292904853821,28.02123260498047,82.31266784667969
FOODS_3_377__TX,MA,One-step,0.2 < CV ≤ 0.3,3,2.2049078941345215,2.7027947902679443,0.9052973389625549,9.824657440185547,28.875
FOODS_3_099__CA,MA,One-step,0.2 < CV ≤ 0.3,3,2.286128282546997,2.619849443435669,0.8947293758392334,5.634931564331055,17.076711654663086
FOODS_3_226__WI,MA,One-step,0.2 < CV ≤ 0.3,3,2.35134220123291,2.806461811065674,0.9051185250282288,14.747944831848145,43.15856170654297
FOODS_3_694__CA,MA,One-step,0.2 < CV ≤ 0.3,3,2.2652487754821777,2.642772674560547,0.88826584815979,6.342465877532959,18.88321876525879
FOODS_3_555__CA,MA,One-step,0.2 < CV ≤ 0.3,4,3.769742250442505,5.577338218688965,0.8692135214805603,11.13698673248291,44.16849136352539
FOODS_3_694__WI,MA,One-step,0.2 < CV ≤ 0.3,4,3.752289295196533,5.208461761474609,0.8862947821617126,11.838356018066406,46.17945098876953
FOODS_3_377__CA,MA,One-step,0.2 < CV ≤ 0.3,4,3.3167190551757812,4.596940040588379,0.8994204998016357,3.7986302375793457,15.302740097045898
FOODS_3_080__CA,MA,One-step,0.2 < CV ≤ 0.3,4,3.8785579204559326,4.578990459442139,0.8932499885559082,6.191781044006348,24.30137062072754
FOODS_3_694__TX,MA,One-step,0.2 < CV ≤ 0.3,4,3.384025812149048,4.725390434265137,0.8706114292144775,7.664383411407471,30.371232986450195
FOODS_3_042__WI,MA,One-step,0.2 < CV ≤ 0.3,4,3.841385841369629,5.150511264801025,0.8706912398338318,4.272602558135986,16.921916961669922
FOODS_3_586__CA,MA,One-step,0.2 < CV ≤ 0.3,4,3.376084089279175,4.751563549041748,0.8837897181510925,21.582191467285156,85.29451751708984
FOODS_3_586__TX,MA,One-step,0.2 < CV ≤ 0.3,4,3.609760046005249,5.652260780334473,0.8811739087104797,29.169862747192383,115.2520523071289
FOODS_3_377__TX,MA,One-step,0.2 < CV ≤ 0.3,4,3.4344053268432617,5.201298713684082,0.8934081792831421,10.36164379119873,41.134246826171875
FOODS_3_099__CA,MA,One-step,0.2 < CV ≤ 0.3,4,3.4213979244232178,5.070994853973389,0.8819685578346252,6.05890417098999,24.950685501098633
FOODS_3_226__WI,MA,One-step,0.2 < CV ≤ 0.3,4,3.8773510456085205,5.791601657867432,0.8901830315589905,15.960273742675781,62.63972473144531
FOODS_3_694__CA,MA,One-step,0.2 < CV ≤ 0.3,4,3.8035647869110107,4.928523540496826,0.8751874566078186,6.3164381980896,25.320547103881836
FOODS_3_555__CA,MA,One-step,0.2 < CV ≤ 0.3,5,6.920851707458496,9.887521743774414,0.8483052253723145,10.952054977416992,56.927738189697266
FOODS_3_694__WI,MA,One-step,0.2 < CV ≤ 0.3,5,6.932744979858398,9.959039688110352,0.8681246042251587,12.404794692993164,61.60102844238281
FOODS_3_377__CA,MA,One-step,0.2 < CV ≤ 0.3,5,5.509664535522461,7.766050338745117,0.8887882828712463,3.991095781326294,20.486644744873047
FOODS_3_080__CA,MA,One-step,0.2 < CV ≤ 0.3,5,6.495417594909668,8.392717361450195,0.8814444541931152,6.557191848754883,32.625
FOODS_3_694__TX,MA,One-step,0.2 < CV ≤ 0.3,5,5.963498592376709,8.438628196716309,0.8542248010635376,7.628767013549805,39.629451751708984
FOODS_3_042__WI,MA,One-step,0.2 < CV ≤ 0.3,5,6.66599178314209,9.027995109558105,0.8561334609985352,4.224999904632568,22.01027488708496
FOODS_3_586__CA,MA,One-step,0.2 < CV ≤ 0.3,5,6.105530261993408,8.733665466308594,0.867397665977478,21.950685501098633,109.43287658691406
FOODS_3_586__TX,MA,One-step,0.2 < CV ≤ 0.3,5,6.6684722900390625,10.585028648376465,0.8642584085464478,29.495548248291016,149.18081665039062
FOODS_3_377__TX,MA,One-step,0.2 < CV ≤ 0.3,5,6.157759189605713,9.274419784545898,0.8811639547348022,10.554109573364258,53.76609420776367
FOODS_3_099__CA,MA,One-step,0.2 < CV ≤ 0.3,5,5.7035956382751465,9.547869682312012,0.8756566047668457,6.097945213317871,32.705135345458984
FOODS_3_226__WI,MA,One-step,0.2 < CV ≤ 0.3,5,7.109119415283203,10.25076675415039,0.8757556676864624,16.215410232543945,80.94589233398438
FOODS_3_694__CA,MA,One-step,0.2 < CV ≤ 0.3,5,6.542292594909668,8.7695894241333,0.8589693307876587,6.393150806427002,33.28321838378906
FOODS_3_555__CA,MA,One-step,0.2 < CV ≤ 0.3,6,8.624281883239746,12.200602531433105,0.8615387678146362,9.932876586914062,67.33972930908203
FOODS_3_694__WI,MA,One-step,0.2 < CV ≤ 0.3,6,9.474420547485352,13.705302238464355,0.869806170463562,11.966438293457031,75.30753326416016
FOODS_3_377__CA,MA,One-step,0.2 < CV ≤ 0.3,6,7.444300174713135,11.50087833404541,0.8836302161216736,4.036301136016846,25.658905029296875
FOODS_3_080__CA,MA,One-step,0.2 < CV ≤ 0.3,6,8.683952331542969,11.31798267364502,0.8832114934921265,6.296575546264648,38.97054672241211
FOODS_3_694__TX,MA,One-step,0.2 < CV ≤ 0.3,6,7.615856170654297,10.279206275939941,0.8618799448013306,6.991096019744873,45.99657440185547
FOODS_3_042__WI,MA,One-step,0.2 < CV ≤ 0.3,6,8.45108413696289,13.20268440246582,0.8626666069030762,3.9273972511291504,26.645891189575195
FOODS_3_586__CA,MA,One-step,0.2 < CV ≤ 0.3,6,8.441746711730957,11.32366943359375,0.8685292601585388,20.885616302490234,133.4424591064453
FOODS_3_586__TX,MA,One-step,0.2 < CV ≤ 0.3,6,9.264431953430176,13.790865898132324,0.8654853701591492,27.52602767944336,180.21986389160156
FOODS_3_377__TX,MA,One-step,0.2 < CV ≤ 0.3,6,8.443928718566895,13.351499557495117,0.8810414671897888,10.13835620880127,65.07876586914062
FOODS_3_099__CA,MA,One-step,0.2 < CV ≤ 0.3,6,7.625333309173584,15.21027946472168,0.8705959320068359,5.982876777648926,41.689727783203125
FOODS_3_226__WI,MA,One-step,0.2 < CV ≤ 0.3,6,9.90693187713623,14.344908714294434,0.8754801154136658,15.607534408569336,98.30684661865234
FOODS_3_694__CA,MA,One-step,0.2 < CV ≤ 0.3,6,8.433757781982422,11.94485855102539,0.8652017712593079,6.046575546264648,40.110958099365234
FOODS_3_555__CA,MA,One-step,0.2 < CV ≤ 0.3,7,9.560739517211914,15.278973579406738,0.8728525638580322,9.731507301330566,76.73219299316406
FOODS_3_694__WI,MA,One-step,0.2 < CV ≤ 0.3,7,10.669523239135742,16.558013916015625,0.8803640604019165,11.430479049682617,84.14349365234375
FOODS_3_377__CA,MA,One-step,0.2 < CV ≤ 0.3,7,8.819524765014648,16.04348373413086,0.8828887343406677,4.1472601890563965,31.036985397338867
FOODS_3_080__CA,MA,One-step,0.2 < CV ≤ 0.3,7,9.884405136108398,14.407368659973145,0.8882871270179749,6.102397441864014,44.78801345825195
FOODS_3_694__TX,MA,One-step,0.2 < CV ≤ 0.3,7,8.562263488769531,11.970797538757324,0.8748289346694946,6.588356018066406,51.467464447021484
FOODS_3_042__WI,MA,One-step,0.2 < CV ≤ 0.3,7,9.595983505249023,16.299545288085938,0.8741642236709595,3.7609589099884033,29.996917724609375
FOODS_3_586__CA,MA,One-step,0.2 < CV ≤ 0.3,7,9.175454139709473,12.818033218383789,0.883823573589325,19.517465591430664,145.23973083496094
FOODS_3_586__TX,MA,One-step,0.2 < CV ≤ 0.3,7,10.250846862792969,17.234731674194336,0.8787181377410889,26.043149948120117,202.3609619140625
FOODS_3_377__TX,MA,One-step,0.2 < CV ≤ 0.3,7,9.708438873291016,17.545576095581055,0.8857569098472595,10.12465763092041,76.6390380859375
FOODS_3_099__CA,MA,One-step,0.2 < CV ≤ 0.3,7,8.423068046569824,19.585289001464844,0.8784815073013306,5.803767204284668,48.75959014892578
FOODS_3_226__WI,MA,One-step,0.2 < CV ≤ 0.3,7,11.094970703125,18.14342498779297,0.8837253451347351,15.291095733642578,112.55376434326172
FOODS_3_694__CA,MA,One-step,0.2 < CV ≤ 0.3,7,9.694930076599121,14.588059425354004,0.8743515014648438,5.811986446380615,45.205135345458984
FOODS_3_555__CA,MA,One-step,0.2 < CV ≤ 0.3,8,9.911972999572754,20.25438117980957,0.8827464580535889,9.963013648986816,89.50821685791016
FOODS_3_694__WI,MA,One-step,0.2 < CV ≤ 0.3,8,11.41338062286377,21.2509822845459,0.8832882642745972,11.86986255645752,98.11643981933594
FOODS_3_377__CA,MA,One-step,0.2 < CV ≤ 0.3,8,9.74162769317627,20.37492561340332,0.8862094879150391,4.226027488708496,36.356163024902344
FOODS_3_080__CA,MA,One-step,0.2 < CV ≤ 0.3,8,10.718303680419922,18.925472259521484,0.8920348286628723,6.4328765869140625,53.390411376953125
FOODS_3_694__TX,MA,One-step,0.2 < CV ≤ 0.3,8,9.05562973022461,16.764585494995117,0.8733453750610352,7.317808151245117,64.41918182373047
FOODS_3_042__WI,MA,One-step,0.2 < CV ≤ 0.3,8,10.479833602905273,22.297290802001953,0.8774785399436951,3.9630136489868164,36.26849365234375
FOODS_3_586__CA,MA,One-step,0.2 < CV ≤ 0.3,8,9.204532623291016,16.71214485168457,0.8915980458259583,20.445205688476562,171.15615844726562
FOODS_3_586__TX,MA,One-step,0.2 < CV ≤ 0.3,8,10.73696517944336,21.734540939331055,0.8851065635681152,27.068492889404297,235.2493133544922
FOODS_3_377__TX,MA,One-step,0.2 < CV ≤ 0.3,8,10.469141006469727,22.226011276245117,0.8878877758979797,10.426027297973633,89.66438293457031
FOODS_3_099__CA,MA,One-step,0.2 < CV ≤ 0.3,8,9.466099739074707,23.961660385131836,0.8832370042800903,5.910958766937256,56.683563232421875
FOODS_3_226__WI,MA,One-step,0.2 < CV ≤ 0.3,8,12.001873016357422,23.767793655395508,0.8891004323959351,15.915068626403809,131.3109588623047
FOODS_3_694__CA,MA,One-step,0.2 < CV ≤ 0.3,8,10.249476432800293,21.097150802612305,0.8824734687805176,6.05890417098999,53.49726104736328
FOODS_3_555__CA,MA,One-step,0.2 < CV ≤ 0.3,9,11.048165321350098,28.78647804260254,0.8812205791473389,10.528767585754395,107.52362823486328
FOODS_3_694__WI,MA,One-step,0.2 < CV ≤ 0.3,9,12.688990592956543,28.15425682067871,0.8808944225311279,12.823630332946777,118.5876693725586
FOODS_3_377__CA,MA,One-step,0.2 < CV ≤ 0.3,9,11.046351432800293,26.183671951293945,0.8837365508079529,4.340068340301514,42.31712341308594
FOODS_3_080__CA,MA,One-step,0.2 < CV ≤ 0.3,9,12.132186889648438,25.928245544433594,0.8866564035415649,6.759589195251465,63.229793548583984
FOODS_3_694__TX,MA,One-step,0.2 < CV ≤ 0.3,9,9.728609085083008,22.2391300201416,0.8770272731781006,7.526027202606201,74.78287506103516
FOODS_3_042__WI,MA,One-step,0.2 < CV ≤ 0.3,9,11.79430866241455,30.971561431884766,0.8733713626861572,4.2458906173706055,43.92328643798828
FOODS_3_586__CA,MA,One-step,0.2 < CV ≤ 0.3,9,10.187153816223145,24.323936462402344,0.8849574327468872,22.69931411743164,212.89932250976562
FOODS_3_586__TX,MA,One-step,0.2 < CV ≤ 0.3,9,11.637188911437988,27.43301010131836,0.8867498636245728,28.64280891418457,277.4561767578125
FOODS_3_377__TX,MA,One-step,0.2 < CV ≤ 0.3,9,11.054849624633789,26.59899139404297,0.8896922469139099,10.924657821655273,105.15890502929688
FOODS_3_099__CA,MA,One-step,0.2 < CV ≤ 0.3,9,10.689018249511719,29.56397247314453,0.8835899233818054,5.98732852935791,66.05445098876953
FOODS_3_226__WI,MA,One-step,0.2 < CV ≤ 0.3,9,13.082517623901367,29.806447982788086,0.888660728931427,16.877397537231445,155.77740478515625
FOODS_3_694__CA,MA,One-step,0.2 < CV ≤ 0.3,9,11.009532928466797,28.579885482788086,0.8792040944099426,6.567465782165527,65.44383239746094
FOODS_3_555__CA,MA,One-step,0.2 < CV ≤ 0.3,10,13.413491249084473,36.141605377197266,0.8721868395805359,10.63082218170166,123.08424377441406
FOODS_3_694__WI,MA,One-step,0.2 < CV ≤ 0.3,10,15.167807579040527,37.52220153808594,0.8708213567733765,13.330137252807617,140.0486297607422
FOODS_3_377__CA,MA,One-step,0.2 < CV ≤ 0.3,10,13.327576637268066,33.97554016113281,0.8802143931388855,4.370547771453857,48.833560943603516
FOODS_3_080__CA,MA,One-step,0.2 < CV ≤ 0.3,10,14.006200790405273,33.69253921508789,0.8832038044929504,6.786986351013184,71.59040832519531
FOODS_3_694__TX,MA,One-step,0.2 < CV ≤ 0.3,10,11.209250450134277,27.919540405273438,0.8702089190483093,7.75616455078125,87.53972625732422
FOODS_3_042__WI,MA,One-step,0.2 < CV ≤ 0.3,10,14.225316047668457,39.6181526184082,0.8630592823028564,4.30890417098999,50.8308219909668
FOODS_3_586__CA,MA,One-step,0.2 < CV ≤ 0.3,10,11.739469528198242,30.97968292236328,0.8803734183311462,23.01986312866211,245.58082580566406
FOODS_3_586__TX,MA,One-step,0.2 < CV ≤ 0.3,10,13.239317893981934,36.45358657836914,0.879108726978302,30.088356018066406,328.3595886230469
FOODS_3_377__TX,MA,One-step,0.2 < CV ≤ 0.3,10,12.881525993347168,34.40875244140625,0.8857470154762268,11.121232986450195,120.7130126953125
FOODS_3_099__CA,MA,One-step,0.2 < CV ≤ 0.3,10,12.203286170959473,37.180240631103516,0.8836368918418884,5.886986255645752,75.33287811279297
FOODS_3_226__WI,MA,One-step,0.2 < CV ≤ 0.3,10,15.582222938537598,39.740821838378906,0.8777409195899963,17.562328338623047,186.11712646484375
FOODS_3_694__CA,MA,One-step,0.2 < CV ≤ 0.3,10,13.07325553894043,36.84996032714844,0.871720552444458,6.634931564331055,76.11712646484375
FOODS_2_181__TX,MA,One-step,0.3 < CV ≤ 0.4,2,1.3095744848251343,0.9542937278747559,0.891290545463562,4.622602939605713,9.567123413085938
FOODS_3_377__WI,MA,One-step,0.3 < CV ≤ 0.4,2,1.4152692556381226,1.0752419233322144,0.8920962810516357,2.568493127822876,5.085616588592529
FOODS_3_714__CA,MA,One-step,0.3 < CV ≤ 0.4,2,1.1629937887191772,1.1650103330612183,0.8746563792228699,13.511643409729004,26.831506729125977
FOODS_3_697__CA,MA,One-step,0.3 < CV ≤ 0.4,2,1.4187023639678955,1.2208894491195679,0.8824774622917175,5.0671234130859375,10.008904457092285
FOODS_3_080__TX,MA,One-step,0.3 < CV ≤ 0.4,2,1.3812090158462524,0.9412869215011597,0.9135705232620239,3.761643886566162,7.464383602142334
FOODS_3_499__CA,MA,One-step,0.3 < CV ≤ 0.4,2,1.1329773664474487,0.752955973148346,0.8861023783683777,9.141096115112305,18.436986923217773
HOUSEHOLD_1_110__CA,MA,One-step,0.3 < CV ≤ 0.4,2,1.211175799369812,2.072150230407715,0.8903052806854248,6.039041042327881,16.74041175842285
FOODS_3_288__CA,MA,One-step,0.3 < CV ≤ 0.4,2,1.0232917070388794,1.9513436555862427,0.8904061317443848,11.26301383972168,33.09931564331055
FOODS_3_252__CA,MA,One-step,0.3 < CV ≤ 0.4,2,1.1034504175186157,1.13676917552948,0.8795684576034546,21.643835067749023,42.78972625732422
HOUSEHOLD_1_110__TX,MA,One-step,0.3 < CV ≤ 0.4,2,1.130760908126831,1.905037760734558,0.8895817995071411,4.905479431152344,13.773287773132324
FOODS_3_228__CA,MA,One-step,0.3 < CV ≤ 0.4,2,1.2437015771865845,0.9582920074462891,0.8952952027320862,3.4082190990448,6.755479335784912
HOUSEHOLD_1_429__CA,MA,One-step,0.3 < CV ≤ 0.4,2,1.2789918184280396,1.8419851064682007,0.8800732493400574,3.514383554458618,8.87534236907959
FOODS_3_555__TX,MA,One-step,0.3 < CV ≤ 0.4,2,1.336058497428894,1.3623446226119995,0.8966417908668518,13.009589195251465,25.708219528198242
FOODS_3_252__TX,MA,One-step,0.3 < CV ≤ 0.4,2,1.1927467584609985,1.232978105545044,0.878970205783844,21.386985778808594,42.52808380126953
FOODS_3_739__CA,MA,One-step,0.3 < CV ≤ 0.4,2,1.0780328512191772,2.1983582973480225,0.8876078724861145,10.206164360046387,30.76506805419922
FOODS_3_477__TX,MA,One-step,0.3 < CV ≤ 0.4,2,1.322769045829773,0.924915075302124,0.8857912421226501,1.9869862794876099,3.9890410900115967
FOODS_3_458__CA,MA,One-step,0.3 < CV ≤ 0.4,2,1.362786054611206,1.0931637287139893,0.8971992135047913,4.229452133178711,8.397260665893555
HOUSEHOLD_1_429__TX,MA,One-step,0.3 < CV ≤ 0.4,2,1.4125741720199585,1.0406227111816406,0.890272855758667,2.3917808532714844,5.0458903312683105
FOODS_3_226__TX,MA,One-step,0.3 < CV ≤ 0.4,2,1.3374581336975098,1.2001606225967407,0.8953315615653992,5.834246635437012,11.516438484191895
FOODS_2_181__TX,MA,One-step,0.3 < CV ≤ 0.4,3,2.024282455444336,2.190495491027832,0.8807709813117981,4.922260284423828,15.466438293457031
FOODS_3_377__WI,MA,One-step,0.3 < CV ≤ 0.4,3,2.1796798706054688,2.1845831871032715,0.8843342065811157,2.7095890045166016,8.082533836364746
FOODS_3_714__CA,MA,One-step,0.3 < CV ≤ 0.4,3,1.9378608465194702,2.645840644836426,0.85480135679245,15.314041137695312,45.93185043334961
FOODS_3_697__CA,MA,One-step,0.3 < CV ≤ 0.4,3,2.340620994567871,2.3938310146331787,0.8696586489677429,5.460616588592529,16.291095733642578
FOODS_3_080__TX,MA,One-step,0.3 < CV ≤ 0.4,3,2.2295358180999756,2.0633533000946045,0.9052159786224365,4.018493175506592,11.914041519165039
FOODS_3_499__CA,MA,One-step,0.3 < CV ≤ 0.4,3,1.7035876512527466,1.7190786600112915,0.8676641583442688,10.173972129821777,31.22260284423828
HOUSEHOLD_1_110__CA,MA,One-step,0.3 < CV ≤ 0.4,3,1.7281237840652466,4.2803802490234375,0.878978967666626,6.392465591430664,26.80205535888672
FOODS_3_288__CA,MA,One-step,0.3 < CV ≤ 0.4,3,1.4743168354034424,4.534217834472656,0.8794316649436951,12.057534217834473,53.359588623046875
FOODS_3_252__CA,MA,One-step,0.3 < CV ≤ 0.4,3,1.9207333326339722,2.53316068649292,0.8633178472518921,24.244178771972656,72.14554595947266
HOUSEHOLD_1_110__TX,MA,One-step,0.3 < CV ≤ 0.4,3,1.6292380094528198,3.9047749042510986,0.8864333629608154,5.014383792877197,21.261985778808594
FOODS_3_228__CA,MA,One-step,0.3 < CV ≤ 0.4,3,2.0022432804107666,2.0560784339904785,0.884027361869812,3.6523971557617188,10.88184928894043
HOUSEHOLD_1_429__CA,MA,One-step,0.3 < CV ≤ 0.4,3,1.9613959789276123,3.910518169403076,0.867580771446228,3.758561611175537,14.372260093688965
FOODS_3_555__TX,MA,One-step,0.3 < CV ≤ 0.4,3,2.240671396255493,2.9072930812835693,0.8839505910873413,14.458219528198242,42.54212188720703
FOODS_3_252__TX,MA,One-step,0.3 < CV ≤ 0.4,3,1.9766607284545898,2.713866949081421,0.8676209449768066,23.459245681762695,70.2359619140625
FOODS_3_739__CA,MA,One-step,0.3 < CV ≤ 0.4,3,1.480778455734253,5.080416202545166,0.8809102177619934,10.890068054199219,49.948970794677734
FOODS_3_477__TX,MA,One-step,0.3 < CV ≤ 0.4,3,2.109074354171753,1.9988259077072144,0.8762927055358887,2.101712226867676,6.409588813781738
FOODS_3_458__CA,MA,One-step,0.3 < CV ≤ 0.4,3,2.044081926345825,2.1932077407836914,0.8913179636001587,4.555479526519775,13.627397537231445
HOUSEHOLD_1_429__TX,MA,One-step,0.3 < CV ≤ 0.4,3,2.1155130863189697,2.1041457653045654,0.8864699006080627,2.4034247398376465,7.765753269195557
FOODS_3_226__TX,MA,One-step,0.3 < CV ≤ 0.4,3,2.2957651615142822,2.7701773643493652,0.8844403028488159,6.273630142211914,18.700685501098633
FOODS_2_181__TX,MA,One-step,0.3 < CV ≤ 0.4,4,3.0078976154327393,4.240612030029297,0.8651211857795715,5.043835639953613,21.615068435668945
FOODS_3_377__WI,MA,One-step,0.3 < CV ≤ 0.4,4,3.193711280822754,3.890148162841797,0.8729569315910339,2.702739715576172,11.008218765258789
FOODS_3_714__CA,MA,One-step,0.3 < CV ≤ 0.4,4,3.682838201522827,5.636592388153076,0.824299156665802,15.63698673248291,64.0753402709961
FOODS_3_697__CA,MA,One-step,0.3 < CV ≤ 0.4,4,3.9578769207000732,5.213327407836914,0.8454486131668091,5.636986255645752,22.852054595947266
FOODS_3_080__TX,MA,One-step,0.3 < CV ≤ 0.4,4,3.111614465713501,3.4544498920440674,0.8993979096412659,4.0821919441223145,16.24931526184082
FOODS_3_499__CA,MA,One-step,0.3 < CV ≤ 0.4,4,2.5843334197998047,3.55592679977417,0.8472340106964111,10.558903694152832,44.71506881713867
HOUSEHOLD_1_110__CA,MA,One-step,0.3 < CV ≤ 0.4,4,2.8178346157073975,7.825714588165283,0.8589361310005188,6.6739726066589355,37.67534255981445
FOODS_3_288__CA,MA,One-step,0.3 < CV ≤ 0.4,4,2.350785732269287,8.435992240905762,0.8637223839759827,12.210958480834961,73.60411071777344
FOODS_3_252__CA,MA,One-step,0.3 < CV ≤ 0.4,4,3.5681538581848145,5.379610538482666,0.833871603012085,24.899999618530273,100.53972625732422
HOUSEHOLD_1_110__TX,MA,One-step,0.3 < CV ≤ 0.4,4,2.2602882385253906,6.671083450317383,0.8737901449203491,5.149314880371094,29.458904266357422
FOODS_3_228__CA,MA,One-step,0.3 < CV ≤ 0.4,4,3.1908111572265625,4.222527980804443,0.867878794670105,3.8205480575561523,15.386301040649414
HOUSEHOLD_1_429__CA,MA,One-step,0.3 < CV ≤ 0.4,4,3.1340906620025635,6.910485744476318,0.8503009676933289,3.710958957672119,19.578083038330078
FOODS_3_555__TX,MA,One-step,0.3 < CV ≤ 0.4,4,3.9425477981567383,5.547695159912109,0.8682354688644409,14.946575164794922,59.389041900634766
FOODS_3_252__TX,MA,One-step,0.3 < CV ≤ 0.4,4,3.593749761581421,5.70693302154541,0.8414674401283264,24.03287696838379,98.68766784667969
FOODS_3_739__CA,MA,One-step,0.3 < CV ≤ 0.4,4,2.3155462741851807,9.29134750366211,0.8665499091148376,10.972602844238281,69.09725952148438
FOODS_3_477__TX,MA,One-step,0.3 < CV ≤ 0.4,4,3.0930705070495605,3.689814567565918,0.8653537631034851,2.0643835067749023,8.608219146728516
FOODS_3_458__CA,MA,One-step,0.3 < CV ≤ 0.4,4,3.1883201599121094,4.112913131713867,0.8788278102874756,4.584931373596191,18.597259521484375
HOUSEHOLD_1_429__TX,MA,One-step,0.3 < CV ≤ 0.4,4,2.9781360626220703,3.9750640392303467,0.876544713973999,2.482191801071167,10.920547485351562
FOODS_3_226__TX,MA,One-step,0.3 < CV ≤ 0.4,4,3.637077808380127,5.425382137298584,0.8671796321868896,6.547945022583008,26.380821228027344
FOODS_2_181__TX,MA,One-step,0.3 < CV ≤ 0.4,5,4.7817912101745605,7.245089054107666,0.8571019172668457,5.05239725112915,28.781164169311523
FOODS_3_377__WI,MA,One-step,0.3 < CV ≤ 0.4,5,4.949208736419678,7.0065388679504395,0.8634033203125,2.7982876300811768,15.168150901794434
FOODS_3_714__CA,MA,One-step,0.3 < CV ≤ 0.4,5,6.17549991607666,9.524110794067383,0.8097687363624573,13.960273742675781,80.20787811279297
FOODS_3_697__CA,MA,One-step,0.3 < CV ≤ 0.4,5,6.851113319396973,9.438779830932617,0.8291931748390198,5.399314880371094,29.326026916503906
FOODS_3_080__TX,MA,One-step,0.3 < CV ≤ 0.4,5,5.035947799682617,6.0914506912231445,0.8885449767112732,4.396575450897217,22.21575355529785
FOODS_3_499__CA,MA,One-step,0.3 < CV ≤ 0.4,5,3.974699020385742,6.132585525512695,0.8386086821556091,10.222945213317871,58.92911148071289
HOUSEHOLD_1_110__CA,MA,One-step,0.3 < CV ≤ 0.4,5,4.44952392578125,12.170002937316895,0.8511778116226196,6.283219337463379,47.85239791870117
FOODS_3_288__CA,MA,One-step,0.3 < CV ≤ 0.4,5,3.765031099319458,13.559285163879395,0.8499639630317688,11.939383506774902,94.89418029785156
FOODS_3_252__CA,MA,One-step,0.3 < CV ≤ 0.4,5,6.344183921813965,9.686996459960938,0.8116112351417542,23.41404151916504,129.8397216796875
HOUSEHOLD_1_110__TX,MA,One-step,0.3 < CV ≤ 0.4,5,3.4928011894226074,10.527274131774902,0.8644899725914001,5.128082275390625,38.213356018066406
FOODS_3_228__CA,MA,One-step,0.3 < CV ≤ 0.4,5,5.233189582824707,7.688729286193848,0.8537858724594116,3.8376712799072266,20.353424072265625
HOUSEHOLD_1_429__CA,MA,One-step,0.3 < CV ≤ 0.4,5,4.747964382171631,10.69658088684082,0.8422735929489136,3.5643835067749023,25.405479431152344
FOODS_3_555__TX,MA,One-step,0.3 < CV ≤ 0.4,5,7.048330783843994,9.293508529663086,0.8551629781723022,14.391438484191895,74.7130126953125
FOODS_3_252__TX,MA,One-step,0.3 < CV ≤ 0.4,5,6.051996231079102,9.571581840515137,0.8270773887634277,22.041780471801758,124.66267395019531
FOODS_3_739__CA,MA,One-step,0.3 < CV ≤ 0.4,5,3.659611463546753,15.226932525634766,0.8580922484397888,10.329794883728027,88.18116760253906
FOODS_3_477__TX,MA,One-step,0.3 < CV ≤ 0.4,5,4.619309425354004,6.4420857429504395,0.8628571629524231,2.0376713275909424,11.318492889404297
FOODS_3_458__CA,MA,One-step,0.3 < CV ≤ 0.4,5,5.020801544189453,6.800454139709473,0.8687939643859863,4.643493175506592,24.565410614013672
HOUSEHOLD_1_429__TX,MA,One-step,0.3 < CV ≤ 0.4,5,4.6219258308410645,6.971676349639893,0.8658267259597778,2.52636981010437,14.549315452575684
FOODS_3_226__TX,MA,One-step,0.3 < CV ≤ 0.4,5,6.102707386016846,9.402904510498047,0.8540249466896057,6.525684833526611,34.74040985107422
FOODS_2_181__TX,MA,One-step,0.3 < CV ≤ 0.4,6,5.893672943115234,10.602012634277344,0.8628666400909424,4.7397260665893555,34.6938362121582
FOODS_3_377__WI,MA,One-step,0.3 < CV ≤ 0.4,6,6.0769124031066895,9.980859756469727,0.8643389344215393,2.7547945976257324,18.7623291015625
FOODS_3_714__CA,MA,One-step,0.3 < CV ≤ 0.4,6,7.52634334564209,12.44912338256836,0.8334580659866333,12.004109382629395,94.32123565673828
FOODS_3_697__CA,MA,One-step,0.3 < CV ≤ 0.4,6,8.223335266113281,10.52940559387207,0.8481071591377258,4.539041042327881,32.850685119628906
FOODS_3_080__TX,MA,One-step,0.3 < CV ≤ 0.4,6,6.718222618103027,8.638101577758789,0.8839325308799744,4.423287868499756,27.450685501098633
FOODS_3_499__CA,MA,One-step,0.3 < CV ≤ 0.4,6,4.9150190353393555,8.008964538574219,0.8497418761253357,9.232876777648926,70.74314880371094
HOUSEHOLD_1_110__CA,MA,One-step,0.3 < CV ≤ 0.4,6,5.247713565826416,15.326533317565918,0.8683894872665405,5.478082180023193,54.656166076660156
FOODS_3_288__CA,MA,One-step,0.3 < CV ≤ 0.4,6,4.682939052581787,19.508960723876953,0.8578041195869446,10.623287200927734,114.74931335449219
FOODS_3_252__CA,MA,One-step,0.3 < CV ≤ 0.4,6,7.7027411460876465,12.238418579101562,0.8336661458015442,19.534931182861328,147.2212371826172
HOUSEHOLD_1_110__TX,MA,One-step,0.3 < CV ≤ 0.4,6,4.384718894958496,13.532408714294434,0.8693242073059082,4.824657440185547,45.57534408569336
FOODS_3_228__CA,MA,One-step,0.3 < CV ≤ 0.4,6,6.746335506439209,10.480123519897461,0.8602637648582458,3.532191753387451,24.47397232055664
HOUSEHOLD_1_429__CA,MA,One-step,0.3 < CV ≤ 0.4,6,5.524933815002441,14.160224914550781,0.8580690026283264,3.1212329864501953,29.360273361206055
FOODS_3_555__TX,MA,One-step,0.3 < CV ≤ 0.4,6,9.226289749145508,12.662829399108887,0.8588636517524719,13.546575546264648,90.56917572021484
FOODS_3_252__TX,MA,One-step,0.3 < CV ≤ 0.4,6,7.539292335510254,12.156451225280762,0.8428604602813721,19.22260284423828,144.7493133544922
FOODS_3_739__CA,MA,One-step,0.3 < CV ≤ 0.4,6,4.640896320343018,20.723297119140625,0.8659911155700684,9.515068054199219,105.07671356201172
FOODS_3_477__TX,MA,One-step,0.3 < CV ≤ 0.4,6,5.603567123413086,8.89925479888916,0.8656136393547058,2.008904218673706,14.163698196411133
FOODS_3_458__CA,MA,One-step,0.3 < CV ≤ 0.4,6,6.536152362823486,8.74032974243164,0.8684085607528687,4.463698863983154,29.23013687133789
HOUSEHOLD_1_429__TX,MA,One-step,0.3 < CV ≤ 0.4,6,5.672952175140381,9.509151458740234,0.8720308542251587,2.3376712799072266,17.19109535217285
FOODS_3_226__TX,MA,One-step,0.3 < CV ≤ 0.4,6,8.013301849365234,13.694891929626465,0.8528721928596497,6.0609588623046875,42.058902740478516
FOODS_2_181__TX,MA,One-step,0.3 < CV ≤ 0.4,7,6.561052322387695,13.259618759155273,0.8713168501853943,4.672602653503418,40.819862365722656
FOODS_3_377__WI,MA,One-step,0.3 < CV ≤ 0.4,7,6.986606597900391,12.629951477050781,0.8706675171852112,2.722945213317871,22.083219528198242
FOODS_3_714__CA,MA,One-step,0.3 < CV ≤ 0.4,7,8.24216079711914,15.184788703918457,0.8568683862686157,11.290753364562988,103.70479583740234
FOODS_3_697__CA,MA,One-step,0.3 < CV ≤ 0.4,7,9.116734504699707,12.467045783996582,0.8617192506790161,4.390410900115967,36.87910842895508
FOODS_3_080__TX,MA,One-step,0.3 < CV ≤ 0.4,7,8.125051498413086,12.662492752075195,0.8839900493621826,4.36232852935791,32.16267013549805
FOODS_3_499__CA,MA,One-step,0.3 < CV ≤ 0.4,7,5.237400531768799,10.59013843536377,0.8646784424781799,8.948972702026367,82.12773895263672
HOUSEHOLD_1_110__CA,MA,One-step,0.3 < CV ≤ 0.4,7,5.888164043426514,20.142807006835938,0.8782190680503845,5.357534408569336,62.55479431152344
FOODS_3_288__CA,MA,One-step,0.3 < CV ≤ 0.4,7,5.024239540100098,23.80838394165039,0.8736091256141663,10.179109573364258,129.79348754882812
FOODS_3_252__CA,MA,One-step,0.3 < CV ≤ 0.4,7,8.289813041687012,14.93750286102295,0.8575066328048706,18.432876586914062,161.5253448486328
HOUSEHOLD_1_110__TX,MA,One-step,0.3 < CV ≤ 0.4,7,4.910808086395264,17.60658073425293,0.8757274746894836,4.6921234130859375,52.717124938964844
FOODS_3_228__CA,MA,One-step,0.3 < CV ≤ 0.4,7,7.465756893157959,11.753551483154297,0.870395839214325,3.410616397857666,27.17876625061035
HOUSEHOLD_1_429__CA,MA,One-step,0.3 < CV ≤ 0.4,7,6.147782325744629,17.946250915527344,0.8748005628585815,3.065410852432251,33.356849670410156
FOODS_3_555__TX,MA,One-step,0.3 < CV ≤ 0.4,7,10.05195426940918,16.38520622253418,0.873440682888031,12.953424453735352,103.6270523071289
FOODS_3_252__TX,MA,One-step,0.3 < CV ≤ 0.4,7,8.261348724365234,15.496411323547363,0.8607776165008545,18.029109954833984,162.06301879882812
FOODS_3_739__CA,MA,One-step,0.3 < CV ≤ 0.4,7,5.132936000823975,27.50013542175293,0.8745009899139404,9.432534217834473,124.25856018066406
FOODS_3_477__TX,MA,One-step,0.3 < CV ≤ 0.4,7,6.592075347900391,11.63781452178955,0.8662780523300171,1.9469177722930908,16.54589080810547
FOODS_3_458__CA,MA,One-step,0.3 < CV ≤ 0.4,7,7.458860397338867,11.392274856567383,0.8712726831436157,4.5133562088012695,35.00616455078125
HOUSEHOLD_1_429__TX,MA,One-step,0.3 < CV ≤ 0.4,7,6.517251968383789,12.329024314880371,0.8710439205169678,2.309589147567749,20.231849670410156
FOODS_3_226__TX,MA,One-step,0.3 < CV ≤ 0.4,7,9.206303596496582,16.55073356628418,0.8643427491188049,5.81609582901001,47.930137634277344
FOODS_2_181__TX,MA,One-step,0.3 < CV ≤ 0.4,8,7.059213638305664,18.17757225036621,0.8729121088981628,4.9328765869140625,49.31781005859375
FOODS_3_377__WI,MA,One-step,0.3 < CV ≤ 0.4,8,7.670189380645752,15.691612243652344,0.8725993037223816,2.6356165409088135,25.27123260498047
FOODS_3_714__CA,MA,One-step,0.3 < CV ≤ 0.4,8,8.492178916931152,19.739166259765625,0.8666427135467529,12.319177627563477,125.07260131835938
FOODS_3_697__CA,MA,One-step,0.3 < CV ≤ 0.4,8,9.882452011108398,16.84177589416504,0.8700067400932312,4.650684833526611,44.086299896240234
FOODS_3_080__TX,MA,One-step,0.3 < CV ≤ 0.4,8,9.354642868041992,17.527719497680664,0.8855785727500916,4.5821919441223145,38.3575325012207
FOODS_3_499__CA,MA,One-step,0.3 < CV ≤ 0.4,8,5.396201133728027,14.160521507263184,0.8714269995689392,9.741095542907715,100.69725799560547
HOUSEHOLD_1_110__CA,MA,One-step,0.3 < CV ≤ 0.4,8,6.152653694152832,25.236642837524414,0.8858000636100769,5.583561420440674,73.20137023925781
FOODS_3_288__CA,MA,One-step,0.3 < CV ≤ 0.4,8,5.254672050476074,30.71493911743164,0.8808220028877258,10.65068531036377,152.78082275390625
FOODS_3_252__CA,MA,One-step,0.3 < CV ≤ 0.4,8,8.552355766296387,18.84255027770996,0.8725224137306213,19.917808532714844,192.0369873046875
HOUSEHOLD_1_110__TX,MA,One-step,0.3 < CV ≤ 0.4,8,5.34125280380249,21.993816375732422,0.8815946578979492,4.8287672996521,61.83150863647461
FOODS_3_228__CA,MA,One-step,0.3 < CV ≤ 0.4,8,7.826638221740723,15.435407638549805,0.8755564093589783,3.56575345993042,32.18218994140625
HOUSEHOLD_1_429__CA,MA,One-step,0.3 < CV ≤ 0.4,8,6.492576599121094,22.727928161621094,0.8778542876243591,3.315068483352661,40.46027374267578
FOODS_3_555__TX,MA,One-step,0.3 < CV ≤ 0.4,8,10.614105224609375,20.641754150390625,0.8810794353485107,13.557534217834473,121.58904266357422
FOODS_3_252__TX,MA,One-step,0.3 < CV ≤ 0.4,8,8.632193565368652,20.76932144165039,0.8698700666427612,19.565753936767578,197.0452117919922
FOODS_3_739__CA,MA,One-step,0.3 < CV ≤ 0.4,8,5.341460227966309,35.05512619018555,0.8793314099311829,10.047945022583008,147.22740173339844
FOODS_3_477__TX,MA,One-step,0.3 < CV ≤ 0.4,8,7.390487194061279,14.155414581298828,0.8706609010696411,1.9383561611175537,19.167123794555664
FOODS_3_458__CA,MA,One-step,0.3 < CV ≤ 0.4,8,8.05388355255127,15.548352241516113,0.8732960224151611,4.63150691986084,41.47123336791992
HOUSEHOLD_1_429__TX,MA,One-step,0.3 < CV ≤ 0.4,8,7.1444478034973145,16.334230422973633,0.8765829205513,2.378082275390625,23.708219528198242
FOODS_3_226__TX,MA,One-step,0.3 < CV ≤ 0.4,8,9.776374816894531,21.076217651367188,0.8700156211853027,6.07260274887085,56.86164474487305
FOODS_2_181__TX,MA,One-step,0.3 < CV ≤ 0.4,9,8.074021339416504,24.17278480529785,0.8695823550224304,5.062328815460205,57.79589080810547
FOODS_3_377__WI,MA,One-step,0.3 < CV ≤ 0.4,9,8.873138427734375,20.100404739379883,0.8725367784500122,2.604452133178711,29.225341796875
FOODS_3_714__CA,MA,One-step,0.3 < CV ≤ 0.4,9,9.162861824035645,26.65336799621582,0.867497444152832,13.078424453735352,151.07603454589844
FOODS_3_697__CA,MA,One-step,0.3 < CV ≤ 0.4,9,10.563638687133789,22.50790786743164,0.8698140382766724,4.902739524841309,52.71369934082031
FOODS_3_080__TX,MA,One-step,0.3 < CV ≤ 0.4,9,10.569787979125977,22.30959129333496,0.8854737877845764,4.643150806427002,43.98664474487305
FOODS_3_499__CA,MA,One-step,0.3 < CV ≤ 0.4,9,6.062380790710449,19.877552032470703,0.8672595620155334,10.282876968383789,120.64588928222656
HOUSEHOLD_1_110__CA,MA,One-step,0.3 < CV ≤ 0.4,9,6.473712921142578,29.069091796875,0.8890470862388611,5.698287487030029,83.998291015625
FOODS_3_288__CA,MA,One-step,0.3 < CV ≤ 0.4,9,5.561712741851807,39.162200927734375,0.8788413405418396,11.303767204284668,180.9760284423828
FOODS_3_252__CA,MA,One-step,0.3 < CV ≤ 0.4,9,9.185388565063477,24.460594177246094,0.8721080422401428,21.78150749206543,234.271240234375
HOUSEHOLD_1_110__TX,MA,One-step,0.3 < CV ≤ 0.4,9,6.166790008544922,29.216651916503906,0.8754668831825256,5.050684928894043,73.15582275390625
FOODS_3_228__CA,MA,One-step,0.3 < CV ≤ 0.4,9,8.673945426940918,19.505884170532227,0.8764495253562927,3.639725923538208,37.30171203613281
HOUSEHOLD_1_429__CA,MA,One-step,0.3 < CV ≤ 0.4,9,7.209395408630371,28.325931549072266,0.8789135813713074,3.265068531036377,46.311302185058594
FOODS_3_555__TX,MA,One-step,0.3 < CV ≤ 0.4,9,11.498470306396484,26.92012596130371,0.8821927905082703,14.033561706542969,142.28321838378906
FOODS_3_252__TX,MA,One-step,0.3 < CV ≤ 0.4,9,9.687348365783691,27.30527687072754,0.8664594292640686,21.47260284423828,238.89280700683594
FOODS_3_739__CA,MA,One-step,0.3 < CV ≤ 0.4,9,5.646633148193359,44.619564056396484,0.8767710328102112,10.706164360046387,173.58595275878906
FOODS_3_477__TX,MA,One-step,0.3 < CV ≤ 0.4,9,8.276750564575195,19.07682228088379,0.8700177669525146,1.9719178676605225,22.792465209960938
FOODS_3_458__CA,MA,One-step,0.3 < CV ≤ 0.4,9,8.952752113342285,20.560922622680664,0.8728820085525513,4.7071919441223145,48.05582046508789
HOUSEHOLD_1_429__TX,MA,One-step,0.3 < CV ≤ 0.4,9,8.134267807006836,21.347341537475586,0.8765895962715149,2.509246587753296,28.048973083496094
FOODS_3_226__TX,MA,One-step,0.3 < CV ≤ 0.4,9,10.607614517211914,25.774389266967773,0.870647132396698,6.409588813781738,67.40342712402344
FOODS_2_181__TX,MA,One-step,0.3 < CV ≤ 0.4,10,9.04350757598877,30.47885513305664,0.8669677972793579,5.1739726066589355,67.11712646484375
FOODS_3_377__WI,MA,One-step,0.3 < CV ≤ 0.4,10,9.904460906982422,24.318023681640625,0.8727194666862488,2.636986255645752,33.099998474121094
FOODS_3_714__CA,MA,One-step,0.3 < CV ≤ 0.4,10,10.547691345214844,31.6063175201416,0.8641365170478821,12.608903884887695,169.20616149902344
FOODS_3_697__CA,MA,One-step,0.3 < CV ≤ 0.4,10,12.147229194641113,26.297584533691406,0.8650504350662231,4.747945308685303,59.066436767578125
FOODS_3_080__TX,MA,One-step,0.3 < CV ≤ 0.4,10,12.239540100097656,28.01467514038086,0.8848339915275574,4.584931373596191,49.62260437011719
FOODS_3_499__CA,MA,One-step,0.3 < CV ≤ 0.4,10,6.931205749511719,24.931106567382812,0.8647213578224182,9.972602844238281,136.64247131347656
HOUSEHOLD_1_110__CA,MA,One-step,0.3 < CV ≤ 0.4,10,7.989173889160156,35.68372344970703,0.8830676674842834,5.6534247398376465,95.59520721435547
FOODS_3_288__CA,MA,One-step,0.3 < CV ≤ 0.4,10,6.590316295623779,47.351402282714844,0.8733478784561157,11.536986351013184,207.83082580566406
FOODS_3_252__CA,MA,One-step,0.3 < CV ≤ 0.4,10,10.668581008911133,28.39518165588379,0.8653393983840942,20.725341796875,261.32464599609375
HOUSEHOLD_1_110__TX,MA,One-step,0.3 < CV ≤ 0.4,10,7.239011764526367,38.80253982543945,0.8638772964477539,5.282191753387451,86.3006820678711
FOODS_3_228__CA,MA,One-step,0.3 < CV ≤ 0.4,10,9.959975242614746,24.238901138305664,0.8730790019035339,3.6472601890563965,42.65068435668945
HOUSEHOLD_1_429__CA,MA,One-step,0.3 < CV ≤ 0.4,10,8.523259162902832,35.27466583251953,0.8714513778686523,3.1657533645629883,52.00342559814453
FOODS_3_555__TX,MA,One-step,0.3 < CV ≤ 0.4,10,14.106099128723145,34.680450439453125,0.8747990131378174,14.146574974060059,164.524658203125
FOODS_3_252__TX,MA,One-step,0.3 < CV ≤ 0.4,10,11.32435131072998,32.26540756225586,0.8606134057044983,20.842466354370117,266.3006896972656
FOODS_3_739__CA,MA,One-step,0.3 < CV ≤ 0.4,10,6.766666412353516,55.80341720581055,0.8681246042251587,11.123287200927734,201.3726043701172
FOODS_3_477__TX,MA,One-step,0.3 < CV ≤ 0.4,10,9.499975204467773,24.93603515625,0.8649982810020447,1.9602739810943604,25.884931564331055
FOODS_3_458__CA,MA,One-step,0.3 < CV ≤ 0.4,10,9.941728591918945,26.681804656982422,0.8735930919647217,4.80890417098999,54.95137023925781
HOUSEHOLD_1_429__TX,MA,One-step,0.3 < CV ≤ 0.4,10,9.32530403137207,26.95627784729004,0.8737002611160278,2.535616397857666,31.94931411743164
FOODS_3_226__TX,MA,One-step,0.3 < CV ≤ 0.4,10,12.050922393798828,32.84313201904297,0.8699607253074646,6.363013744354248,76.81643676757812
HOUSEHOLD_1_351__CA,MA,One-step,0.4 < CV ≤ 0.6,2,1.2713011503219604,1.0802909135818481,0.8712667226791382,4.491096019744873,9.49863052368164
FOODS_2_326__TX,MA,One-step,0.4 < CV ≤ 0.6,2,1.3456350564956665,1.074830174446106,0.8672888278961182,4.442465782165527,9.015068054199219
FOODS_3_652__WI,MA,One-step,0.4 < CV ≤ 0.6,2,1.3207842111587524,1.3333221673965454,0.8678401708602905,2.1732876300811768,4.717808246612549
FOODS_3_469__CA,MA,One-step,0.4 < CV ≤ 0.6,2,1.3095052242279053,1.7305740118026733,0.8735652565956116,2.3678081035614014,6.160274028778076
FOODS_3_282__CA,MA,One-step,0.4 < CV ≤ 0.6,2,0.9802939891815186,0.9832770824432373,0.8873062133789062,13.426712036132812,30.915067672729492
HOUSEHOLD_1_517__TX,MA,One-step,0.4 < CV ≤ 0.6,2,1.3447462320327759,1.17635178565979,0.8613918423652649,3.193150758743286,6.4835615158081055
FOODS_3_804__CA,MA,One-step,0.4 < CV ≤ 0.6,2,1.1331915855407715,0.7904460430145264,0.8641892671585083,6.628082275390625,13.441781044006348
FOODS_3_503__CA,MA,One-step,0.4 < CV ≤ 0.6,2,1.2265294790267944,1.1271729469299316,0.8696934580802917,3.2089040279388428,7.047945022583008
FOODS_2_016__WI,MA,One-step,0.4 < CV ≤ 0.6,2,1.2624218463897705,1.0785752534866333,0.8594627976417542,3.7273972034454346,8.153424263000488
HOUSEHOLD_1_459__CA,MA,One-step,0.4 < CV ≤ 0.6,2,1.176337480545044,1.0262619256973267,0.8764989376068115,6.196575164794922,13.173287391662598
HOUSEHOLD_1_459__WI,MA,One-step,0.4 < CV ≤ 0.6,2,1.0854836702346802,1.184777855873108,0.8718134760856628,7.030137062072754,15.704794883728027
FOODS_3_252__WI,MA,One-step,0.4 < CV ≤ 0.6,2,1.1538499593734741,1.0881839990615845,0.865768313407898,6.11232852935791,12.153424263000488
FOODS_3_372__WI,MA,One-step,0.4 < CV ≤ 0.6,2,1.2875186204910278,1.0639744997024536,0.8536323308944702,1.7363014221191406,3.690410852432251
HOUSEHOLD_1_334__TX,MA,One-step,0.4 < CV ≤ 0.6,2,1.2508703470230103,0.8854585289955139,0.8841376304626465,5.284931659698486,10.539041519165039
HOUSEHOLD_1_118__CA,MA,One-step,0.4 < CV ≤ 0.6,2,1.2265232801437378,1.291760802268982,0.862072765827179,7.055479526519775,14.566438674926758
HOUSEHOLD_1_306__WI,MA,One-step,0.4 < CV ≤ 0.6,2,1.0452178716659546,1.3488625288009644,0.8564096689224243,2.4602739810943604,5.380136966705322
HOUSEHOLD_1_319__CA,MA,One-step,0.4 < CV ≤ 0.6,2,1.3380985260009766,1.1598789691925049,0.862350583076477,1.7609589099884033,3.7273972034454346
FOODS_3_389__WI,MA,One-step,0.4 < CV ≤ 0.6,2,1.333814263343811,1.198744773864746,0.8697677254676819,3.4630136489868164,6.910958766937256
HOUSEHOLD_1_465__CA,MA,One-step,0.4 < CV ≤ 0.6,2,1.1084139347076416,1.19380784034729,0.8664811849594116,6.8260273933410645,14.825342178344727
HOUSEHOLD_1_351__CA,MA,One-step,0.4 < CV ≤ 0.6,3,2.0442144870758057,2.230565071105957,0.8618587255477905,4.522945404052734,14.76917839050293
FOODS_2_326__TX,MA,One-step,0.4 < CV ≤ 0.6,3,2.057588577270508,2.031186103820801,0.8633638620376587,4.328424453735352,13.660959243774414
FOODS_3_652__WI,MA,One-step,0.4 < CV ≤ 0.6,3,2.11794376373291,2.9284560680389404,0.8558762669563293,2.1825342178344727,7.418835639953613
FOODS_3_469__CA,MA,One-step,0.4 < CV ≤ 0.6,3,1.9478652477264404,3.4784047603607178,0.8714698553085327,2.3311643600463867,9.322945594787598
FOODS_3_282__CA,MA,One-step,0.4 < CV ≤ 0.6,3,1.4481303691864014,2.1332035064697266,0.87290358543396,14.216095924377441,49.46369934082031
HOUSEHOLD_1_517__TX,MA,One-step,0.4 < CV ≤ 0.6,3,2.1205644607543945,2.402817487716675,0.8529701828956604,3.1589040756225586,9.931849479675293
FOODS_3_804__CA,MA,One-step,0.4 < CV ≤ 0.6,3,1.7188034057617188,1.6715803146362305,0.8571634292602539,6.395205497741699,19.97260284423828
FOODS_3_503__CA,MA,One-step,0.4 < CV ≤ 0.6,3,1.8154137134552002,2.655810594558716,0.8612870573997498,3.37465763092041,11.559247016906738
FOODS_2_016__WI,MA,One-step,0.4 < CV ≤ 0.6,3,1.9080458879470825,2.3095312118530273,0.8560940623283386,3.6027398109436035,12.40137004852295
HOUSEHOLD_1_459__CA,MA,One-step,0.4 < CV ≤ 0.6,3,1.7703877687454224,2.382239580154419,0.8650001287460327,6.373287677764893,20.931848526000977
HOUSEHOLD_1_459__WI,MA,One-step,0.4 < CV ≤ 0.6,3,1.678802728652954,2.5020558834075928,0.862011730670929,7.105136871337891,24.55821990966797
FOODS_3_252__WI,MA,One-step,0.4 < CV ≤ 0.6,3,1.7772233486175537,2.2986395359039307,0.8507447242736816,6.509931564331055,19.813013076782227
FOODS_3_372__WI,MA,One-step,0.4 < CV ≤ 0.6,3,1.9406836032867432,2.117746114730835,0.8452318906784058,1.7133561372756958,5.695548057556152
HOUSEHOLD_1_334__TX,MA,One-step,0.4 < CV ≤ 0.6,3,1.8890619277954102,2.0039894580841064,0.870384156703949,5.7041096687316895,17.220205307006836
HOUSEHOLD_1_118__CA,MA,One-step,0.4 < CV ≤ 0.6,3,2.0999197959899902,2.911254644393921,0.8480791449546814,7.145890235900879,23.36883544921875
HOUSEHOLD_1_306__WI,MA,One-step,0.4 < CV ≤ 0.6,3,1.749213457107544,3.154385566711426,0.8418961763381958,2.4304795265197754,8.61952018737793
HOUSEHOLD_1_319__CA,MA,One-step,0.4 < CV ≤ 0.6,3,2.1597723960876465,2.409458875656128,0.8430694341659546,1.7541096210479736,5.811643600463867
FOODS_3_389__WI,MA,One-step,0.4 < CV ≤ 0.6,3,2.179244041442871,2.5979461669921875,0.8547763228416443,3.692808151245117,11.372944831848145
HOUSEHOLD_1_465__CA,MA,One-step,0.4 < CV ≤ 0.6,3,1.762749433517456,2.6954681873321533,0.8527491688728333,7.1291093826293945,24.179452896118164
HOUSEHOLD_1_351__CA,MA,One-step,0.4 < CV ≤ 0.6,4,2.86810564994812,4.113675594329834,0.8550641536712646,4.489041328430176,20.21780776977539
FOODS_2_326__TX,MA,One-step,0.4 < CV ≤ 0.6,4,2.8062267303466797,3.5188851356506348,0.8543863296508789,4.332876682281494,18.893150329589844
FOODS_3_652__WI,MA,One-step,0.4 < CV ≤ 0.6,4,2.809583902359009,4.9825215339660645,0.8492822051048279,2.167123317718506,10.227396965026855
FOODS_3_469__CA,MA,One-step,0.4 < CV ≤ 0.6,4,2.710258722305298,6.150411128997803,0.8563734889030457,2.464383602142334,13.417808532714844
FOODS_3_282__CA,MA,One-step,0.4 < CV ≤ 0.6,4,2.3172669410705566,4.277548789978027,0.8523964881896973,14.675342559814453,69.51506805419922
HOUSEHOLD_1_517__TX,MA,One-step,0.4 < CV ≤ 0.6,4,2.8449878692626953,4.649814605712891,0.8406708836555481,3.273972511291504,14.313698768615723
FOODS_3_804__CA,MA,One-step,0.4 < CV ≤ 0.6,4,2.1831634044647217,3.0101921558380127,0.8486366868019104,6.535616397857666,28.179452896118164
FOODS_3_503__CA,MA,One-step,0.4 < CV ≤ 0.6,4,2.923868179321289,5.328592777252197,0.8423243761062622,3.3972601890563965,16.375343322753906
FOODS_2_016__WI,MA,One-step,0.4 < CV ≤ 0.6,4,2.3680362701416016,3.7797718048095703,0.8521381616592407,3.580821990966797,16.910959243774414
HOUSEHOLD_1_459__CA,MA,One-step,0.4 < CV ≤ 0.6,4,2.5235698223114014,4.360879421234131,0.8543916940689087,6.458904266357422,29.084932327270508
HOUSEHOLD_1_459__WI,MA,One-step,0.4 < CV ≤ 0.6,4,2.3086414337158203,4.471359729766846,0.8490033745765686,7.257534027099609,34.88356018066406
FOODS_3_252__WI,MA,One-step,0.4 < CV ≤ 0.6,4,2.979189872741699,4.610648155212402,0.8227867484092712,6.630136966705322,27.97945213317871
FOODS_3_372__WI,MA,One-step,0.4 < CV ≤ 0.6,4,2.8346827030181885,3.864690065383911,0.8324676752090454,1.617808222770691,7.594520568847656
HOUSEHOLD_1_334__TX,MA,One-step,0.4 < CV ≤ 0.6,4,2.499389410018921,3.793976306915283,0.8582295179367065,5.88767147064209,24.2219181060791
HOUSEHOLD_1_118__CA,MA,One-step,0.4 < CV ≤ 0.6,4,3.05869460105896,5.57643461227417,0.8290964365005493,7.027397155761719,32.376712799072266
HOUSEHOLD_1_306__WI,MA,One-step,0.4 < CV ≤ 0.6,4,2.5611178874969482,5.73667049407959,0.8260840773582458,2.36849308013916,12.02602767944336
HOUSEHOLD_1_319__CA,MA,One-step,0.4 < CV ≤ 0.6,4,2.992280960083008,3.8627376556396484,0.8376240134239197,1.6383562088012695,7.712328910827637
FOODS_3_389__WI,MA,One-step,0.4 < CV ≤ 0.6,4,3.554985523223877,5.153464317321777,0.8273918032646179,3.705479383468628,15.805479049682617
HOUSEHOLD_1_465__CA,MA,One-step,0.4 < CV ≤ 0.6,4,2.6797919273376465,5.310044765472412,0.8321676254272461,7.023287773132324,33.56301498413086
HOUSEHOLD_1_351__CA,MA,One-step,0.4 < CV ≤ 0.6,5,4.355076789855957,7.0536208152771,0.8487160801887512,4.26301383972168,26.331506729125977
FOODS_2_326__TX,MA,One-step,0.4 < CV ≤ 0.6,5,3.964183807373047,5.650705814361572,0.8528584241867065,4.311986446380615,25.168493270874023
FOODS_3_652__WI,MA,One-step,0.4 < CV ≤ 0.6,5,4.282933712005615,7.425919532775879,0.8476973176002502,2.0195205211639404,13.00616455078125
FOODS_3_469__CA,MA,One-step,0.4 < CV ≤ 0.6,5,4.324926376342773,10.701532363891602,0.8480450510978699,2.2041096687316895,16.95410919189453
FOODS_3_282__CA,MA,One-step,0.4 < CV ≤ 0.6,5,3.7114479541778564,7.244091033935547,0.844778835773468,14.142123222351074,89.7886962890625
HOUSEHOLD_1_517__TX,MA,One-step,0.4 < CV ≤ 0.6,5,4.274516582489014,7.9615092277526855,0.830305278301239,3.134246587753296,19.094863891601562
FOODS_3_804__CA,MA,One-step,0.4 < CV ≤ 0.6,5,3.3878304958343506,5.135607719421387,0.8437172174453735,6.219862937927246,36.56917953491211
FOODS_3_503__CA,MA,One-step,0.4 < CV ≤ 0.6,5,4.212062835693359,9.448981285095215,0.8484841585159302,2.9660959243774414,20.837671279907227
FOODS_2_016__WI,MA,One-step,0.4 < CV ≤ 0.6,5,3.2969229221343994,6.288505554199219,0.8515320420265198,3.71712327003479,23.092466354370117
HOUSEHOLD_1_459__CA,MA,One-step,0.4 < CV ≤ 0.6,5,3.9246883392333984,7.307999134063721,0.8442485928535461,6.160958766937256,38.87123107910156
HOUSEHOLD_1_459__WI,MA,One-step,0.4 < CV ≤ 0.6,5,3.411484718322754,7.544544219970703,0.8407726287841797,7.329794406890869,47.3061637878418
FOODS_3_252__WI,MA,One-step,0.4 < CV ≤ 0.6,5,4.579553127288818,7.5639190673828125,0.8229259848594666,5.905479431152344,35.359588623046875
FOODS_3_372__WI,MA,One-step,0.4 < CV ≤ 0.6,5,4.028974533081055,5.87762451171875,0.8342903256416321,1.5291095972061157,10.02534294128418
HOUSEHOLD_1_334__TX,MA,One-step,0.4 < CV ≤ 0.6,5,3.8603522777557373,6.92480993270874,0.8516208529472351,5.941781044006348,32.79726028442383
HOUSEHOLD_1_118__CA,MA,One-step,0.4 < CV ≤ 0.6,5,4.612912654876709,8.906755447387695,0.8322643637657166,6.244520664215088,41.28595733642578
HOUSEHOLD_1_306__WI,MA,One-step,0.4 < CV ≤ 0.6,5,3.442782402038574,10.034329414367676,0.8240175843238831,2.1472601890563965,15.73664379119873
HOUSEHOLD_1_319__CA,MA,One-step,0.4 < CV ≤ 0.6,5,4.149265766143799,5.62972354888916,0.844537615776062,1.561301350593567,10.093835830688477
FOODS_3_389__WI,MA,One-step,0.4 < CV ≤ 0.6,5,5.7359232902526855,8.665480613708496,0.8252130150794983,3.357534170150757,20.08527374267578
HOUSEHOLD_1_465__CA,MA,One-step,0.4 < CV ≤ 0.6,5,3.97222900390625,8.96873664855957,0.8400987386703491,6.426027297973633,43.4315071105957
HOUSEHOLD_1_351__CA,MA,One-step,0.4 < CV ≤ 0.6,6,5.334510803222656,10.222073554992676,0.8523278832435608,4.081506729125977,32.81095886230469
FOODS_2_326__TX,MA,One-step,0.4 < CV ≤ 0.6,6,4.821894645690918,8.387353897094727,0.8587927222251892,4.043150901794434,30.469863891601562
FOODS_3_652__WI,MA,One-step,0.4 < CV ≤ 0.6,6,5.433187484741211,10.28154468536377,0.8471224904060364,1.988356113433838,16.220548629760742
FOODS_3_469__CA,MA,One-step,0.4 < CV ≤ 0.6,6,5.402076244354248,17.158611297607422,0.8578848838806152,2.0075342655181885,20.845205307006836
FOODS_3_282__CA,MA,One-step,0.4 < CV ≤ 0.6,6,4.501067161560059,9.419821739196777,0.8547037243843079,12.560274124145508,106.58424377441406
HOUSEHOLD_1_517__TX,MA,One-step,0.4 < CV ≤ 0.6,6,5.293383598327637,12.913177490234375,0.8403825163841248,2.8623287677764893,23.169862747192383
FOODS_3_804__CA,MA,One-step,0.4 < CV ≤ 0.6,6,4.285125255584717,7.10343074798584,0.8467616438865662,5.852054595947266,44.209590911865234
FOODS_3_503__CA,MA,One-step,0.4 < CV ≤ 0.6,6,5.236674785614014,11.680913925170898,0.8563058376312256,2.6212329864501953,24.090410232543945
FOODS_2_016__WI,MA,One-step,0.4 < CV ≤ 0.6,6,4.107071399688721,9.140283584594727,0.8444141745567322,3.532191753387451,28.51095962524414
HOUSEHOLD_1_459__CA,MA,One-step,0.4 < CV ≤ 0.6,6,4.6438212394714355,10.652820587158203,0.8585721850395203,5.790410995483398,46.90479278564453
HOUSEHOLD_1_459__WI,MA,One-step,0.4 < CV ≤ 0.6,6,4.301352500915527,11.349071502685547,0.8447514772415161,6.978082180023193,58.22945022583008
FOODS_3_252__WI,MA,One-step,0.4 < CV ≤ 0.6,6,5.4092116355896,9.488235473632812,0.8462411761283875,5.166438579559326,40.47465896606445
FOODS_3_372__WI,MA,One-step,0.4 < CV ≤ 0.6,6,4.7094807624816895,7.4824442863464355,0.8462172150611877,1.3582191467285156,11.73082160949707
HOUSEHOLD_1_334__TX,MA,One-step,0.4 < CV ≤ 0.6,6,4.802465915679932,9.533712387084961,0.8595048189163208,5.563013553619385,38.72465896606445
HOUSEHOLD_1_118__CA,MA,One-step,0.4 < CV ≤ 0.6,6,5.279836177825928,10.988025665283203,0.8560018539428711,5.519863128662109,47.652740478515625
HOUSEHOLD_1_306__WI,MA,One-step,0.4 < CV ≤ 0.6,6,4.07692289352417,13.924580574035645,0.8425187468528748,1.819862961769104,18.0404109954834
HOUSEHOLD_1_319__CA,MA,One-step,0.4 < CV ≤ 0.6,6,4.876054286956787,7.3090972900390625,0.8556311130523682,1.413698673248291,11.836301803588867
FOODS_3_389__WI,MA,One-step,0.4 < CV ≤ 0.6,6,6.984513282775879,11.794405937194824,0.8426948189735413,2.952739715576172,23.631505966186523
HOUSEHOLD_1_465__CA,MA,One-step,0.4 < CV ≤ 0.6,6,4.73622465133667,12.3034029006958,0.8444213271141052,6.0041093826293945,53.119178771972656
HOUSEHOLD_1_351__CA,MA,One-step,0.4 < CV ≤ 0.6,7,6.2025346755981445,14.443984985351562,0.859848141670227,4.076712131500244,39.374656677246094
FOODS_2_326__TX,MA,One-step,0.4 < CV ≤ 0.6,7,5.4551286697387695,11.284774780273438,0.8639771342277527,3.9089040756225586,35.79075241088867
FOODS_3_652__WI,MA,One-step,0.4 < CV ≤ 0.6,7,6.066049098968506,13.458971977233887,0.8517570495605469,1.9698630571365356,19.184246063232422
FOODS_3_469__CA,MA,One-step,0.4 < CV ≤ 0.6,7,6.125227451324463,21.295795440673828,0.8750649094581604,1.8650684356689453,23.343151092529297
FOODS_3_282__CA,MA,One-step,0.4 < CV ≤ 0.6,7,4.875946998596191,11.0137357711792,0.8659054040908813,12.039726257324219,120.89418029785156
HOUSEHOLD_1_517__TX,MA,One-step,0.4 < CV ≤ 0.6,7,6.126006126403809,19.889184951782227,0.8501836061477661,2.8499999046325684,28.62088966369629
FOODS_3_804__CA,MA,One-step,0.4 < CV ≤ 0.6,7,4.74998140335083,9.650941848754883,0.856438398361206,5.803424835205078,52.608219146728516
FOODS_3_503__CA,MA,One-step,0.4 < CV ≤ 0.6,7,5.933563232421875,14.973896026611328,0.8645074963569641,2.5941781997680664,28.341781616210938
FOODS_2_016__WI,MA,One-step,0.4 < CV ≤ 0.6,7,4.789256572723389,13.65062427520752,0.840589702129364,3.511986255645752,34.719520568847656
HOUSEHOLD_1_459__CA,MA,One-step,0.4 < CV ≤ 0.6,7,5.3001933097839355,13.091572761535645,0.8628683686256409,5.740410804748535,54.962669372558594
HOUSEHOLD_1_459__WI,MA,One-step,0.4 < CV ≤ 0.6,7,4.859196186065674,16.634286880493164,0.8464191555976868,7.063356399536133,71.2643814086914
FOODS_3_252__WI,MA,One-step,0.4 < CV ≤ 0.6,7,6.114270210266113,12.644678115844727,0.8552286028862,5.075342655181885,47.53801345825195
FOODS_3_372__WI,MA,One-step,0.4 < CV ≤ 0.6,7,4.951504230499268,8.7550048828125,0.8608636856079102,1.3003424406051636,13.383218765258789
HOUSEHOLD_1_334__TX,MA,One-step,0.4 < CV ≤ 0.6,7,5.590896129608154,13.81998348236084,0.865637481212616,5.505479335784912,47.26609420776367
HOUSEHOLD_1_118__CA,MA,One-step,0.4 < CV ≤ 0.6,7,5.785594463348389,15.58671760559082,0.8676831126213074,5.411643981933594,56.31301498413086
HOUSEHOLD_1_306__WI,MA,One-step,0.4 < CV ≤ 0.6,7,4.338984966278076,16.381555557250977,0.8596718907356262,1.812671184539795,21.283218383789062
HOUSEHOLD_1_319__CA,MA,One-step,0.4 < CV ≤ 0.6,7,5.554771900177002,9.926010131835938,0.8625606894493103,1.359931468963623,13.765753746032715
FOODS_3_389__WI,MA,One-step,0.4 < CV ≤ 0.6,7,7.3953166007995605,13.609339714050293,0.8644081354141235,2.729109525680542,26.63390350341797
HOUSEHOLD_1_465__CA,MA,One-step,0.4 < CV ≤ 0.6,7,5.610701084136963,16.41624641418457,0.8544996380805969,5.850685119628906,62.589725494384766
HOUSEHOLD_1_351__CA,MA,One-step,0.4 < CV ≤ 0.6,8,7.142751216888428,18.128376007080078,0.861560583114624,4.06575345993042,45.404109954833984
FOODS_2_326__TX,MA,One-step,0.4 < CV ≤ 0.6,8,5.99315071105957,15.260215759277344,0.8625146150588989,4.110959053039551,43.56575393676758
FOODS_3_652__WI,MA,One-step,0.4 < CV ≤ 0.6,8,6.785016059875488,18.07198715209961,0.858627438545227,1.9465752840042114,22.110958099365234
FOODS_3_469__CA,MA,One-step,0.4 < CV ≤ 0.6,8,6.569119930267334,24.513402938842773,0.8848032355308533,1.9109588861465454,26.909589767456055
FOODS_3_282__CA,MA,One-step,0.4 < CV ≤ 0.6,8,4.8538031578063965,15.228682518005371,0.8746306300163269,13.543835639953613,149.94110107421875
HOUSEHOLD_1_517__TX,MA,One-step,0.4 < CV ≤ 0.6,8,7.002816677093506,27.359895706176758,0.8571292161941528,2.8465752601623535,34.12876892089844
FOODS_3_804__CA,MA,One-step,0.4 < CV ≤ 0.6,8,5.404393196105957,12.86295223236084,0.8531467318534851,5.92739725112915,61.51369857788086
FOODS_3_503__CA,MA,One-step,0.4 < CV ≤ 0.6,8,6.563485622406006,19.16168785095215,0.8755217790603638,2.613698720932007,33.20000076293945
FOODS_2_016__WI,MA,One-step,0.4 < CV ≤ 0.6,8,5.38023567199707,17.90618324279785,0.8513858914375305,3.583561658859253,41.27397155761719
HOUSEHOLD_1_459__CA,MA,One-step,0.4 < CV ≤ 0.6,8,5.9175567626953125,17.046119689941406,0.8699992895126343,5.804109573364258,64.1123275756836
HOUSEHOLD_1_459__WI,MA,One-step,0.4 < CV ≤ 0.6,8,5.653327465057373,24.70707893371582,0.8474046587944031,6.9684929847717285,84.80410766601562
FOODS_3_252__WI,MA,One-step,0.4 < CV ≤ 0.6,8,6.565023422241211,17.732524871826172,0.8649517893791199,5.347945213317871,57.12739562988281
FOODS_3_372__WI,MA,One-step,0.4 < CV ≤ 0.6,8,5.563442707061768,11.622762680053711,0.8690608739852905,1.3246575593948364,15.824657440185547
HOUSEHOLD_1_334__TX,MA,One-step,0.4 < CV ≤ 0.6,8,6.3713531494140625,19.549917221069336,0.8623639941215515,5.6712327003479,57.584930419921875
HOUSEHOLD_1_118__CA,MA,One-step,0.4 < CV ≤ 0.6,8,6.212380886077881,21.4394588470459,0.8758395910263062,5.543835639953613,66.7849349975586
HOUSEHOLD_1_306__WI,MA,One-step,0.4 < CV ≤ 0.6,8,4.549637794494629,19.795583724975586,0.8736697435379028,1.9013698101043701,25.22465705871582
HOUSEHOLD_1_319__CA,MA,One-step,0.4 < CV ≤ 0.6,8,6.223893642425537,13.347467422485352,0.8700610995292664,1.347945213317871,16.23013687133789
FOODS_3_389__WI,MA,One-step,0.4 < CV ≤ 0.6,8,7.897258758544922,16.30208969116211,0.8743393421173096,2.827397346496582,30.916439056396484
HOUSEHOLD_1_465__CA,MA,One-step,0.4 < CV ≤ 0.6,8,6.376393795013428,20.411195755004883,0.8565302491188049,5.8109588623046875,72.01780700683594
HOUSEHOLD_1_351__CA,MA,One-step,0.4 < CV ≤ 0.6,9,8.000227928161621,22.332212448120117,0.8639787435531616,3.9873287677764893,51.717124938964844
FOODS_2_326__TX,MA,One-step,0.4 < CV ≤ 0.6,9,6.849876880645752,19.05304718017578,0.8644755482673645,4.127054691314697,50.85445022583008
FOODS_3_652__WI,MA,One-step,0.4 < CV ≤ 0.6,9,7.364628314971924,21.375947952270508,0.868457555770874,1.9037671089172363,25.52602767944336
FOODS_3_469__CA,MA,One-step,0.4 < CV ≤ 0.6,9,7.229371547698975,27.622438430786133,0.8877055048942566,1.9523972272872925,30.75136947631836
FOODS_3_282__CA,MA,One-step,0.4 < CV ≤ 0.6,9,5.328393459320068,20.684144973754883,0.8760382533073425,14.190068244934082,176.17568969726562
HOUSEHOLD_1_517__TX,MA,One-step,0.4 < CV ≤ 0.6,9,7.94227409362793,33.67041015625,0.8595406413078308,2.7044520378112793,38.737327575683594
FOODS_3_804__CA,MA,One-step,0.4 < CV ≤ 0.6,9,6.112682819366455,17.74532699584961,0.8524935841560364,6.077397346496582,72.4873275756836
FOODS_3_503__CA,MA,One-step,0.4 < CV ≤ 0.6,9,7.084421634674072,25.977304458618164,0.8782049417495728,2.735274076461792,39.42568588256836
FOODS_2_016__WI,MA,One-step,0.4 < CV ≤ 0.6,9,6.039805889129639,22.451217651367188,0.8452603220939636,3.618835687637329,48.1373291015625
HOUSEHOLD_1_459__CA,MA,One-step,0.4 < CV ≤ 0.6,9,6.592271327972412,23.146148681640625,0.8742889761924744,5.858903884887695,74.15959167480469
HOUSEHOLD_1_459__WI,MA,One-step,0.4 < CV ≤ 0.6,9,6.421610355377197,31.05718994140625,0.8473801612854004,6.902739524841309,98.34520721435547
FOODS_3_252__WI,MA,One-step,0.4 < CV ≤ 0.6,9,7.627357006072998,24.300018310546875,0.8681471943855286,5.459589004516602,67.14246368408203
FOODS_3_372__WI,MA,One-step,0.4 < CV ≤ 0.6,9,6.3685150146484375,15.280424118041992,0.8652733564376831,1.307876706123352,18.23493194580078
HOUSEHOLD_1_334__TX,MA,One-step,0.4 < CV ≤ 0.6,9,7.016390323638916,25.866159439086914,0.8673458695411682,5.502397060394287,65.88801574707031
HOUSEHOLD_1_118__CA,MA,One-step,0.4 < CV ≤ 0.6,9,7.228445529937744,28.861953735351562,0.8737002611160278,5.672260284423828,79.96678161621094
HOUSEHOLD_1_306__WI,MA,One-step,0.4 < CV ≤ 0.6,9,5.033930778503418,25.750198364257812,0.8621055483818054,1.9267122745513916,29.432191848754883
HOUSEHOLD_1_319__CA,MA,One-step,0.4 < CV ≤ 0.6,9,7.048525333404541,16.283180236816406,0.8689678907394409,1.3181506395339966,18.471233367919922
FOODS_3_389__WI,MA,One-step,0.4 < CV ≤ 0.6,9,8.675543785095215,20.836111068725586,0.8754990100860596,2.9455480575561523,36.301029205322266
HOUSEHOLD_1_465__CA,MA,One-step,0.4 < CV ≤ 0.6,9,6.820461273193359,24.950862884521484,0.8605462908744812,6.261643886566162,86.00821685791016
HOUSEHOLD_1_351__CA,MA,One-step,0.4 < CV ≤ 0.6,10,9.228252410888672,28.12554931640625,0.8587213158607483,3.9356164932250977,59.051368713378906
FOODS_2_326__TX,MA,One-step,0.4 < CV ≤ 0.6,10,7.468990802764893,24.825336456298828,0.8565446138381958,4.206164360046387,59.86369705200195
FOODS_3_652__WI,MA,One-step,0.4 < CV ≤ 0.6,10,8.4647216796875,25.516515731811523,0.863286018371582,1.882191777229309,29.147945404052734
FOODS_3_469__CA,MA,One-step,0.4 < CV ≤ 0.6,10,8.526199340820312,35.18592834472656,0.8759620189666748,1.9602739810943604,35.54452133178711
FOODS_3_282__CA,MA,One-step,0.4 < CV ≤ 0.6,10,6.3316569328308105,28.0517520904541,0.8682929277420044,14.162328720092773,203.21575927734375
HOUSEHOLD_1_517__TX,MA,One-step,0.4 < CV ≤ 0.6,10,8.878297805786133,43.279293060302734,0.8624481558799744,2.5554795265197754,43.673973083496094
FOODS_3_804__CA,MA,One-step,0.4 < CV ≤ 0.6,10,6.8172197341918945,21.409259796142578,0.84877610206604,6.119863033294678,83.23493194580078
FOODS_3_503__CA,MA,One-step,0.4 < CV ≤ 0.6,10,7.921079635620117,34.01456069946289,0.8755245804786682,2.8102738857269287,46.07465744018555
FOODS_2_016__WI,MA,One-step,0.4 < CV ≤ 0.6,10,6.543859958648682,27.511280059814453,0.8478346467018127,3.6568493843078613,55.2376708984375
HOUSEHOLD_1_459__CA,MA,One-step,0.4 < CV ≤ 0.6,10,7.895813465118408,30.41143798828125,0.8706160187721252,5.622602939605713,84.35273742675781
HOUSEHOLD_1_459__WI,MA,One-step,0.4 < CV ≤ 0.6,10,7.313546657562256,41.39860916137695,0.8489677309989929,6.643835544586182,111.94451904296875
FOODS_3_252__WI,MA,One-step,0.4 < CV ≤ 0.6,10,8.893241882324219,30.306169509887695,0.8604654669761658,5.3945207595825195,77.29451751708984
FOODS_3_372__WI,MA,One-step,0.4 < CV ≤ 0.6,10,7.0473432540893555,18.765785217285156,0.8590071201324463,1.2595890760421753,20.428081512451172
HOUSEHOLD_1_334__TX,MA,One-step,0.4 < CV ≤ 0.6,10,7.881298542022705,31.276927947998047,0.8676376342773438,5.49383544921875,75.33904266357422
HOUSEHOLD_1_118__CA,MA,One-step,0.4 < CV ≤ 0.6,10,8.440645217895508,35.42963790893555,0.8669922947883606,5.425342559814453,91.16438293457031
HOUSEHOLD_1_306__WI,MA,One-step,0.4 < CV ≤ 0.6,10,5.834383010864258,34.12410354614258,0.8577755689620972,1.885616421699524,33.7938346862793
HOUSEHOLD_1_319__CA,MA,One-step,0.4 < CV ≤ 0.6,10,7.503514289855957,19.83586311340332,0.8740761876106262,1.3452054262161255,21.146575927734375
FOODS_3_389__WI,MA,One-step,0.4 < CV ≤ 0.6,10,9.878005027770996,25.947731018066406,0.8719987273216248,2.8705480098724365,40.923973083496094
HOUSEHOLD_1_465__CA,MA,One-step,0.4 < CV ≤ 0.6,10,7.822051525115967,31.72848129272461,0.8554868102073669,6.217808246612549,99.12191772460938
FOODS_3_555__CA,LightGBM,One-step,0.2 < CV ≤ 0.3,2,1.1026768684387207,0.4601306617259979,0.9027097821235657,8.56363582611084,7.5073628425598145
FOODS_3_694__WI,LightGBM,One-step,0.2 < CV ≤ 0.3,2,1.1341142654418945,0.50168776512146,0.9099355340003967,9.892592430114746,9.683146476745605
FOODS_3_377__CA,LightGBM,One-step,0.2 < CV ≤ 0.3,2,1.0454685688018799,0.6818946599960327,0.9251061677932739,3.056593179702759,5.22050666809082
FOODS_3_080__CA,LightGBM,One-step,0.2 < CV ≤ 0.3,2,1.1306519508361816,0.5837510824203491,0.9194175601005554,5.014031887054443,6.172055721282959
FOODS_3_694__TX,LightGBM,One-step,0.2 < CV ≤ 0.3,2,1.0137799978256226,0.44281768798828125,0.903016984462738,6.105379581451416,7.113085746765137
FOODS_3_042__WI,LightGBM,One-step,0.2 < CV ≤ 0.3,2,0.9827696084976196,0.6148785948753357,0.9254758954048157,2.6844944953918457,5.122419357299805
FOODS_3_586__CA,LightGBM,One-step,0.2 < CV ≤ 0.3,2,1.3113350868225098,0.3783395290374756,0.9194389581680298,15.007609367370605,15.22098445892334
FOODS_3_586__TX,LightGBM,One-step,0.2 < CV ≤ 0.3,2,1.4983009099960327,0.6513078808784485,0.9167383313179016,20.692922592163086,27.390958786010742
FOODS_3_377__TX,LightGBM,One-step,0.2 < CV ≤ 0.3,2,1.2984005212783813,0.7198634147644043,0.9155753254890442,8.526060104370117,11.088946342468262
FOODS_3_099__CA,LightGBM,One-step,0.2 < CV ≤ 0.3,2,0.9516021609306335,0.922374963760376,0.9092676639556885,4.842105388641357,7.257659912109375
FOODS_3_226__WI,LightGBM,One-step,0.2 < CV ≤ 0.3,2,1.3776111602783203,0.6741865277290344,0.9207537770271301,11.896623611450195,15.3157320022583
FOODS_3_694__CA,LightGBM,One-step,0.2 < CV ≤ 0.3,2,1.0149686336517334,0.4203999936580658,0.9113051295280457,4.819596767425537,5.285825252532959
FOODS_3_555__CA,LightGBM,One-step,0.2 < CV ≤ 0.3,3,2.5565595626831055,1.7562305927276611,0.8796124458312988,10.730366706848145,17.996139526367188
FOODS_3_694__WI,LightGBM,One-step,0.2 < CV ≤ 0.3,3,2.673926591873169,1.8202558755874634,0.8911840915679932,11.860621452331543,20.319969177246094
FOODS_3_377__CA,LightGBM,One-step,0.2 < CV ≤ 0.3,3,2.145023822784424,1.7471203804016113,0.9147024750709534,3.4233243465423584,8.896907806396484
FOODS_3_080__CA,LightGBM,One-step,0.2 < CV ≤ 0.3,3,2.676643133163452,1.7198641300201416,0.9047393202781677,5.927555084228516,11.92183780670166
FOODS_3_694__TX,LightGBM,One-step,0.2 < CV ≤ 0.3,3,2.187087297439575,1.3344215154647827,0.8871457576751709,7.153258800506592,13.737489700317383
FOODS_3_042__WI,LightGBM,One-step,0.2 < CV ≤ 0.3,3,2.1993091106414795,1.8085612058639526,0.9127172231674194,3.199101686477661,9.194791793823242
FOODS_3_586__CA,LightGBM,One-step,0.2 < CV ≤ 0.3,3,2.8080618381500244,1.5350927114486694,0.8991580605506897,19.289152145385742,35.980533599853516
FOODS_3_586__TX,LightGBM,One-step,0.2 < CV ≤ 0.3,3,3.4065332412719727,2.5214345455169678,0.8954954147338867,26.508567810058594,59.440185546875
FOODS_3_377__TX,LightGBM,One-step,0.2 < CV ≤ 0.3,3,2.88421630859375,2.0474629402160645,0.9002630114555359,10.037637710571289,21.217952728271484
FOODS_3_099__CA,LightGBM,One-step,0.2 < CV ≤ 0.3,3,1.8656281232833862,1.9159611463546753,0.9019445776939392,5.2445969581604,12.155439376831055
FOODS_3_226__WI,LightGBM,One-step,0.2 < CV ≤ 0.3,3,3.475831985473633,2.4790213108062744,0.898857057094574,15.143209457397461,32.71303176879883
FOODS_3_694__CA,LightGBM,One-step,0.2 < CV ≤ 0.3,3,2.384920597076416,1.5919419527053833,0.8906438946723938,5.960658073425293,11.400120735168457
FOODS_3_555__CA,LightGBM,One-step,0.2 < CV ≤ 0.3,4,3.9554548263549805,3.824800968170166,0.8689538240432739,11.843717575073242,30.583850860595703
FOODS_3_694__WI,LightGBM,One-step,0.2 < CV ≤ 0.3,4,4.393261432647705,3.932396173477173,0.8808528780937195,13.164993286132812,32.733787536621094
FOODS_3_377__CA,LightGBM,One-step,0.2 < CV ≤ 0.3,4,3.518059730529785,3.5526840686798096,0.9062286615371704,3.784421443939209,13.44299030303955
FOODS_3_080__CA,LightGBM,One-step,0.2 < CV ≤ 0.3,4,4.366634368896484,3.644973039627075,0.8949539661407471,6.4802775382995605,18.26788902282715
FOODS_3_694__TX,LightGBM,One-step,0.2 < CV ≤ 0.3,4,3.479069232940674,3.416712522506714,0.8722442388534546,8.115633964538574,23.272056579589844
FOODS_3_042__WI,LightGBM,One-step,0.2 < CV ≤ 0.3,4,3.825575828552246,4.091848373413086,0.8986169099807739,3.6683855056762695,14.527174949645996
FOODS_3_586__CA,LightGBM,One-step,0.2 < CV ≤ 0.3,4,4.340165615081787,3.773002862930298,0.8872707486152649,22.275753021240234,65.0613784790039
FOODS_3_586__TX,LightGBM,One-step,0.2 < CV ≤ 0.3,4,5.247059345245361,5.272003650665283,0.8841681480407715,30.071014404296875,99.61293029785156
FOODS_3_377__TX,LightGBM,One-step,0.2 < CV ≤ 0.3,4,4.437110424041748,4.430283546447754,0.8900238275527954,11.14995288848877,33.726558685302734
FOODS_3_099__CA,LightGBM,One-step,0.2 < CV ≤ 0.3,4,3.1365249156951904,3.893537998199463,0.8906658291816711,6.0057148933410645,19.519819259643555
FOODS_3_226__WI,LightGBM,One-step,0.2 < CV ≤ 0.3,4,5.784530162811279,5.510167598724365,0.8875072002410889,17.09672737121582,52.76900100708008
FOODS_3_694__CA,LightGBM,One-step,0.2 < CV ≤ 0.3,4,4.109145164489746,4.087316036224365,0.8727251291275024,7.129471302032471,20.74891471862793
FOODS_3_555__CA,LightGBM,One-step,0.2 < CV ≤ 0.3,5,7.893074035644531,9.84084415435791,0.8511897921562195,13.930086135864258,58.890892028808594
FOODS_3_694__WI,LightGBM,One-step,0.2 < CV ≤ 0.3,5,8.682193756103516,10.201334953308105,0.8605510592460632,15.66696834564209,59.89442825317383
FOODS_3_377__CA,LightGBM,One-step,0.2 < CV ≤ 0.3,5,6.204151630401611,7.694518566131592,0.8907569646835327,4.3664631843566895,20.760095596313477
FOODS_3_080__CA,LightGBM,One-step,0.2 < CV ≤ 0.3,5,7.640233516693115,8.235092163085938,0.8801107406616211,7.643293380737305,30.180843353271484
FOODS_3_694__TX,LightGBM,One-step,0.2 < CV ≤ 0.3,5,6.2037153244018555,7.835719108581543,0.8541997075080872,9.385486602783203,39.19300842285156
FOODS_3_042__WI,LightGBM,One-step,0.2 < CV ≤ 0.3,5,6.420886993408203,8.532245635986328,0.883927047252655,4.137783527374268,22.199512481689453
FOODS_3_586__CA,LightGBM,One-step,0.2 < CV ≤ 0.3,5,8.407764434814453,10.267081260681152,0.8630896806716919,27.991497039794922,131.8743133544922
FOODS_3_586__TX,LightGBM,One-step,0.2 < CV ≤ 0.3,5,10.198002815246582,12.975432395935059,0.8628363013267517,36.09458923339844,185.3489227294922
FOODS_3_377__TX,LightGBM,One-step,0.2 < CV ≤ 0.3,5,8.580721855163574,10.000532150268555,0.8735284805297852,13.275334358215332,58.220375061035156
FOODS_3_099__CA,LightGBM,One-step,0.2 < CV ≤ 0.3,5,5.332535266876221,7.63661527633667,0.873254656791687,6.995075225830078,30.383058547973633
FOODS_3_226__WI,LightGBM,One-step,0.2 < CV ≤ 0.3,5,10.170489311218262,12.344937324523926,0.8720542788505554,19.627445220947266,88.55960845947266
FOODS_3_694__CA,LightGBM,One-step,0.2 < CV ≤ 0.3,5,7.84171724319458,10.608576774597168,0.8507134318351746,8.147899627685547,36.886051177978516
FOODS_3_555__CA,LightGBM,One-step,0.2 < CV ≤ 0.3,6,10.510819435119629,14.382140159606934,0.8280733227729797,13.412471771240234,73.98782348632812
FOODS_3_694__WI,LightGBM,One-step,0.2 < CV ≤ 0.3,6,12.770668983459473,17.26019859313965,0.8375886082649231,16.066144943237305,82.94558715820312
FOODS_3_377__CA,LightGBM,One-step,0.2 < CV ≤ 0.3,6,9.271957397460938,12.63483715057373,0.8769500255584717,4.614322662353516,28.605295181274414
FOODS_3_080__CA,LightGBM,One-step,0.2 < CV ≤ 0.3,6,11.678630828857422,15.544907569885254,0.8586933016777039,8.086023330688477,44.92707443237305
FOODS_3_694__TX,LightGBM,One-step,0.2 < CV ≤ 0.3,6,8.85877799987793,12.616684913635254,0.8388524651527405,9.263443946838379,52.52983093261719
FOODS_3_042__WI,LightGBM,One-step,0.2 < CV ≤ 0.3,6,8.78617000579834,12.048794746398926,0.8735181093215942,3.9828035831451416,27.248619079589844
FOODS_3_586__CA,LightGBM,One-step,0.2 < CV ≤ 0.3,6,11.240324974060059,16.08136749267578,0.8418403267860413,27.43524742126465,168.27784729003906
FOODS_3_586__TX,LightGBM,One-step,0.2 < CV ≤ 0.3,6,13.421195030212402,18.469558715820312,0.8486326336860657,33.185855865478516,224.36727905273438
FOODS_3_377__TX,LightGBM,One-step,0.2 < CV ≤ 0.3,6,12.265082359313965,16.995744705200195,0.8533905744552612,13.730512619018555,83.13427734375
FOODS_3_099__CA,LightGBM,One-step,0.2 < CV ≤ 0.3,6,7.588448524475098,12.883936882019043,0.8566986322402954,7.4366278648376465,41.21923065185547
FOODS_3_226__WI,LightGBM,One-step,0.2 < CV ≤ 0.3,6,14.681550025939941,19.284786224365234,0.8552354574203491,19.772830963134766,116.69161224365234
FOODS_3_694__CA,LightGBM,One-step,0.2 < CV ≤ 0.3,6,10.375499725341797,15.138335227966309,0.8355644345283508,7.879767894744873,45.565067291259766
FOODS_3_555__CA,LightGBM,One-step,0.2 < CV ≤ 0.3,7,12.313764572143555,15.254951477050781,0.8241149187088013,12.465044021606445,72.8992691040039
FOODS_3_694__WI,LightGBM,One-step,0.2 < CV ≤ 0.3,7,14.882584571838379,18.015565872192383,0.833324134349823,15.166874885559082,83.75023651123047
FOODS_3_377__CA,LightGBM,One-step,0.2 < CV ≤ 0.3,7,10.869514465332031,14.192549705505371,0.8761717677116394,4.319692611694336,30.191314697265625
FOODS_3_080__CA,LightGBM,One-step,0.2 < CV ≤ 0.3,7,13.885056495666504,17.421234130859375,0.8536900281906128,7.819176197052002,47.19142150878906
FOODS_3_694__TX,LightGBM,One-step,0.2 < CV ≤ 0.3,7,10.297687530517578,13.329288482666016,0.830891489982605,8.683853149414062,53.85497283935547
FOODS_3_042__WI,LightGBM,One-step,0.2 < CV ≤ 0.3,7,10.460602760314941,12.811917304992676,0.8705089688301086,3.612205743789673,28.392730712890625
FOODS_3_586__CA,LightGBM,One-step,0.2 < CV ≤ 0.3,7,13.23206615447998,17.320812225341797,0.8364216685295105,25.742015838623047,171.0792236328125
FOODS_3_586__TX,LightGBM,One-step,0.2 < CV ≤ 0.3,7,15.96670913696289,19.495262145996094,0.8478642702102661,30.61136245727539,227.0562744140625
FOODS_3_377__TX,LightGBM,One-step,0.2 < CV ≤ 0.3,7,14.469613075256348,18.843780517578125,0.8472530841827393,13.184783935546875,86.71290588378906
FOODS_3_099__CA,LightGBM,One-step,0.2 < CV ≤ 0.3,7,9.295653343200684,16.57839584350586,0.8493005037307739,7.119467258453369,45.9721794128418
FOODS_3_226__WI,LightGBM,One-step,0.2 < CV ≤ 0.3,7,17.416521072387695,21.588388442993164,0.8524677157402039,18.981895446777344,125.75836181640625
FOODS_3_694__CA,LightGBM,One-step,0.2 < CV ≤ 0.3,7,12.283660888671875,15.644248962402344,0.8268230557441711,7.485746383666992,46.281837463378906
FOODS_3_555__CA,LightGBM,One-step,0.2 < CV ≤ 0.3,8,13.515908241271973,15.50853157043457,0.8448002934455872,11.216780662536621,71.6689224243164
FOODS_3_694__WI,LightGBM,One-step,0.2 < CV ≤ 0.3,8,15.986414909362793,17.324893951416016,0.8498700857162476,13.676409721374512,81.30524444580078
FOODS_3_377__CA,LightGBM,One-step,0.2 < CV ≤ 0.3,8,11.980018615722656,14.41032600402832,0.8888616561889648,3.9623539447784424,31.380800247192383
FOODS_3_080__CA,LightGBM,One-step,0.2 < CV ≤ 0.3,8,15.34195613861084,17.363231658935547,0.8685247302055359,6.983914852142334,46.46015548706055
FOODS_3_694__TX,LightGBM,One-step,0.2 < CV ≤ 0.3,8,11.010956764221191,12.591351509094238,0.8503994941711426,7.617426872253418,51.603458404541016
FOODS_3_042__WI,LightGBM,One-step,0.2 < CV ≤ 0.3,8,11.734062194824219,13.128693580627441,0.884579062461853,3.249415397644043,29.833995819091797
FOODS_3_586__CA,LightGBM,One-step,0.2 < CV ≤ 0.3,8,14.393317222595215,16.856225967407227,0.8609328269958496,22.04859733581543,164.8336181640625
FOODS_3_586__TX,LightGBM,One-step,0.2 < CV ≤ 0.3,8,17.73444366455078,20.25651741027832,0.8686752319335938,27.291433334350586,234.05218505859375
FOODS_3_377__TX,LightGBM,One-step,0.2 < CV ≤ 0.3,8,15.422836303710938,19.28240203857422,0.865939736366272,11.564715385437012,85.4482421875
FOODS_3_099__CA,LightGBM,One-step,0.2 < CV ≤ 0.3,8,10.339216232299805,18.163488388061523,0.8573613166809082,6.449290752410889,46.92567443847656
FOODS_3_226__WI,LightGBM,One-step,0.2 < CV ≤ 0.3,8,19.098176956176758,21.681901931762695,0.8657589554786682,17.061735153198242,128.87973022460938
FOODS_3_694__CA,LightGBM,One-step,0.2 < CV ≤ 0.3,8,13.199087142944336,15.00139045715332,0.8534273505210876,6.482322692871094,44.95635223388672
FOODS_3_555__CA,LightGBM,One-step,0.2 < CV ≤ 0.3,9,14.262374877929688,19.123455047607422,0.8617721796035767,10.637594223022461,79.81352996826172
FOODS_3_694__WI,LightGBM,One-step,0.2 < CV ≤ 0.3,9,17.31032371520996,21.689083099365234,0.8597561120986938,13.300348281860352,91.95193481445312
FOODS_3_377__CA,LightGBM,One-step,0.2 < CV ≤ 0.3,9,13.21175765991211,16.179759979248047,0.8990418314933777,3.707298517227173,34.32755661010742
FOODS_3_080__CA,LightGBM,One-step,0.2 < CV ≤ 0.3,9,16.923627853393555,19.442480087280273,0.880563497543335,6.490684986114502,49.663761138916016
FOODS_3_694__TX,LightGBM,One-step,0.2 < CV ≤ 0.3,9,11.496809005737305,14.33873462677002,0.8690481781959534,7.100600719451904,55.22440719604492
FOODS_3_042__WI,LightGBM,One-step,0.2 < CV ≤ 0.3,9,12.881855010986328,16.00106430053711,0.8995510935783386,3.005462646484375,33.1275749206543
FOODS_3_586__CA,LightGBM,One-step,0.2 < CV ≤ 0.3,9,15.269085884094238,19.624160766601562,0.8738590478897095,20.633390426635742,182.02972412109375
FOODS_3_586__TX,LightGBM,One-step,0.2 < CV ≤ 0.3,9,19.41570281982422,24.759963989257812,0.8865094184875488,25.333866119384766,260.317626953125
FOODS_3_377__TX,LightGBM,One-step,0.2 < CV ≤ 0.3,9,16.614952087402344,24.55698585510254,0.8763198852539062,11.061088562011719,95.74995422363281
FOODS_3_099__CA,LightGBM,One-step,0.2 < CV ≤ 0.3,9,11.238358497619629,19.582674026489258,0.8682722449302673,5.944415092468262,49.29200744628906
FOODS_3_226__WI,LightGBM,One-step,0.2 < CV ≤ 0.3,9,20.485570907592773,26.4350528717041,0.8742374777793884,16.507387161254883,146.28781127929688
FOODS_3_694__CA,LightGBM,One-step,0.2 < CV ≤ 0.3,9,13.971653938293457,17.79593276977539,0.8692932724952698,6.206284999847412,50.91672897338867
FOODS_3_555__CA,LightGBM,One-step,0.2 < CV ≤ 0.3,10,17.003978729248047,26.11789894104004,0.8692155480384827,10.989727020263672,101.48908233642578
FOODS_3_694__WI,LightGBM,One-step,0.2 < CV ≤ 0.3,10,19.348365783691406,28.481416702270508,0.8668659329414368,13.4716796875,112.71061706542969
FOODS_3_377__CA,LightGBM,One-step,0.2 < CV ≤ 0.3,10,15.055983543395996,22.253328323364258,0.9022284746170044,3.771946668624878,41.84030532836914
FOODS_3_080__CA,LightGBM,One-step,0.2 < CV ≤ 0.3,10,19.26471519470215,27.650590896606445,0.8827221393585205,6.763248920440674,62.653072357177734
FOODS_3_694__TX,LightGBM,One-step,0.2 < CV ≤ 0.3,10,13.60749340057373,20.077178955078125,0.8758906126022339,7.519505977630615,70.99006652832031
FOODS_3_042__WI,LightGBM,One-step,0.2 < CV ≤ 0.3,10,15.432038307189941,21.73207664489746,0.9087815284729004,3.0736300945281982,42.09352111816406
FOODS_3_586__CA,LightGBM,One-step,0.2 < CV ≤ 0.3,10,17.934675216674805,26.324844360351562,0.8836129903793335,21.044309616088867,223.24461364746094
FOODS_3_586__TX,LightGBM,One-step,0.2 < CV ≤ 0.3,10,22.492618560791016,33.11402130126953,0.8938437104225159,26.370424270629883,328.31976318359375
FOODS_3_377__TX,LightGBM,One-step,0.2 < CV ≤ 0.3,10,19.333404541015625,30.50520133972168,0.880656361579895,11.266140937805176,116.67926788330078
FOODS_3_099__CA,LightGBM,One-step,0.2 < CV ≤ 0.3,10,13.614924430847168,24.080307006835938,0.8782820105552673,5.988132953643799,58.339481353759766
FOODS_3_226__WI,LightGBM,One-step,0.2 < CV ≤ 0.3,10,23.621337890625,36.03939437866211,0.8809274435043335,16.791170120239258,179.63414001464844
FOODS_3_694__CA,LightGBM,One-step,0.2 < CV ≤ 0.3,10,17.494857788085938,27.507156372070312,0.8720016479492188,6.635656356811523,67.50359344482422
FOODS_2_181__TX,LightGBM,One-step,0.3 < CV ≤ 0.4,2,0.8506113290786743,0.6272878646850586,0.901357889175415,4.293666839599609,7.049501895904541
FOODS_3_377__WI,LightGBM,One-step,0.3 < CV ≤ 0.4,2,0.9808105826377869,0.728740394115448,0.8994287848472595,2.4135148525238037,3.89604115486145
FOODS_3_714__CA,LightGBM,One-step,0.3 < CV ≤ 0.4,2,0.9697202444076538,0.33202898502349854,0.8794817924499512,11.699274063110352,9.620977401733398
FOODS_3_697__CA,LightGBM,One-step,0.3 < CV ≤ 0.4,2,0.8170350193977356,0.40169206261634827,0.9019433259963989,4.020171165466309,4.593847751617432
FOODS_3_080__TX,LightGBM,One-step,0.3 < CV ≤ 0.4,2,1.2265422344207764,0.7100668549537659,0.9119765758514404,3.7798941135406494,5.405794143676758
FOODS_3_499__CA,LightGBM,One-step,0.3 < CV ≤ 0.4,2,0.8519212603569031,0.4529742896556854,0.880295991897583,9.408682823181152,10.21707820892334
HOUSEHOLD_1_110__CA,LightGBM,One-step,0.3 < CV ≤ 0.4,2,0.9870151877403259,1.907189130783081,0.9029377102851868,4.927221298217773,10.87890338897705
FOODS_3_288__CA,LightGBM,One-step,0.3 < CV ≤ 0.4,2,0.9600115418434143,1.6531965732574463,0.8821523785591125,11.105494499206543,21.431827545166016
FOODS_3_252__CA,LightGBM,One-step,0.3 < CV ≤ 0.4,2,1.0507817268371582,0.3358994722366333,0.9091293811798096,14.890801429748535,17.86966896057129
HOUSEHOLD_1_110__TX,LightGBM,One-step,0.3 < CV ≤ 0.4,2,0.9997343420982361,1.8195829391479492,0.8984383940696716,4.283885478973389,10.497322082519531
FOODS_3_228__CA,LightGBM,One-step,0.3 < CV ≤ 0.4,2,0.9722006916999817,0.522079586982727,0.9275269508361816,2.314718246459961,4.491110801696777
HOUSEHOLD_1_429__CA,LightGBM,One-step,0.3 < CV ≤ 0.4,2,0.8385688662528992,1.6620903015136719,0.9054559469223022,2.6419694423675537,6.178941249847412
FOODS_3_555__TX,LightGBM,One-step,0.3 < CV ≤ 0.4,2,1.4257524013519287,0.7423379421234131,0.9057943224906921,11.113183975219727,15.1998872756958
FOODS_3_252__TX,LightGBM,One-step,0.3 < CV ≤ 0.4,2,1.2125053405761719,0.573884129524231,0.9141127467155457,14.218271255493164,24.47887420654297
FOODS_3_739__CA,LightGBM,One-step,0.3 < CV ≤ 0.4,2,0.9161136150360107,1.5561429262161255,0.866042971611023,11.263605117797852,18.585145950317383
FOODS_3_477__TX,LightGBM,One-step,0.3 < CV ≤ 0.4,2,0.8640488982200623,0.7112067341804504,0.9096586108207703,1.6443352699279785,3.5174458026885986
FOODS_3_458__CA,LightGBM,One-step,0.3 < CV ≤ 0.4,2,0.97690349817276,0.7059963345527649,0.8904091119766235,4.552146911621094,5.550942420959473
HOUSEHOLD_1_429__TX,LightGBM,One-step,0.3 < CV ≤ 0.4,2,0.8409128189086914,0.7542287707328796,0.8968258500099182,2.2517080307006836,3.4156064987182617
FOODS_3_226__TX,LightGBM,One-step,0.3 < CV ≤ 0.4,2,0.8743299841880798,0.5051649808883667,0.9030097723007202,5.093921184539795,6.032768249511719
FOODS_2_181__TX,LightGBM,One-step,0.3 < CV ≤ 0.4,3,1.4213241338729858,1.507300615310669,0.8962798714637756,4.438229560852051,11.10859489440918
FOODS_3_377__WI,LightGBM,One-step,0.3 < CV ≤ 0.4,3,1.9539388418197632,1.6306562423706055,0.890048086643219,2.5716495513916016,6.355414390563965
FOODS_3_714__CA,LightGBM,One-step,0.3 < CV ≤ 0.4,3,1.999994158744812,1.421607255935669,0.8555623888969421,14.326770782470703,23.38045883178711
FOODS_3_697__CA,LightGBM,One-step,0.3 < CV ≤ 0.4,3,1.856149673461914,1.3799165487289429,0.883341908454895,4.787405014038086,9.147626876831055
FOODS_3_080__TX,LightGBM,One-step,0.3 < CV ≤ 0.4,3,2.546092987060547,1.9622210264205933,0.8960543870925903,4.414667129516602,10.03371524810791
FOODS_3_499__CA,LightGBM,One-step,0.3 < CV ≤ 0.4,3,1.5457725524902344,1.2411673069000244,0.8667110800743103,10.72856616973877,19.973785400390625
HOUSEHOLD_1_110__CA,LightGBM,One-step,0.3 < CV ≤ 0.4,3,1.6898598670959473,4.236659526824951,0.8888304233551025,5.657588958740234,18.94239044189453
FOODS_3_288__CA,LightGBM,One-step,0.3 < CV ≤ 0.4,3,1.6151435375213623,3.8121144771575928,0.8641126751899719,12.92751407623291,38.5383415222168
FOODS_3_252__CA,LightGBM,One-step,0.3 < CV ≤ 0.4,3,2.2470204830169678,1.4983911514282227,0.8812369704246521,19.76422882080078,42.51873779296875
HOUSEHOLD_1_110__TX,LightGBM,One-step,0.3 < CV ≤ 0.4,3,1.5201364755630493,3.862741708755493,0.8892602324485779,4.814070701599121,17.493812561035156
FOODS_3_228__CA,LightGBM,One-step,0.3 < CV ≤ 0.4,3,1.8047493696212769,1.3578068017959595,0.916895866394043,2.7083306312561035,7.915341377258301
HOUSEHOLD_1_429__CA,LightGBM,One-step,0.3 < CV ≤ 0.4,3,1.4358017444610596,3.624988555908203,0.8972944617271423,2.8051390647888184,9.898179054260254
FOODS_3_555__TX,LightGBM,One-step,0.3 < CV ≤ 0.4,3,3.072685480117798,2.4820451736450195,0.8854315876960754,13.625847816467285,31.02376937866211
FOODS_3_252__TX,LightGBM,One-step,0.3 < CV ≤ 0.4,3,2.5471036434173584,2.0214483737945557,0.8888800740242004,18.633018493652344,52.21140670776367
FOODS_3_739__CA,LightGBM,One-step,0.3 < CV ≤ 0.4,3,1.670552372932434,3.6803252696990967,0.8458305597305298,13.102193832397461,34.86783981323242
FOODS_3_477__TX,LightGBM,One-step,0.3 < CV ≤ 0.4,3,1.506077766418457,1.6511235237121582,0.9030209183692932,1.7349350452423096,5.564911365509033
FOODS_3_458__CA,LightGBM,One-step,0.3 < CV ≤ 0.4,3,1.8895217180252075,1.7614307403564453,0.8743294477462769,5.114160537719727,10.06655216217041
HOUSEHOLD_1_429__TX,LightGBM,One-step,0.3 < CV ≤ 0.4,3,1.3687413930892944,1.5801687240600586,0.8929324746131897,2.3028714656829834,5.289822578430176
FOODS_3_226__TX,LightGBM,One-step,0.3 < CV ≤ 0.4,3,1.9441050291061401,1.534619688987732,0.8873454928398132,5.924615859985352,11.49244213104248
FOODS_2_181__TX,LightGBM,One-step,0.3 < CV ≤ 0.4,4,2.119708299636841,2.804136276245117,0.8906874656677246,4.658690929412842,16.073101043701172
FOODS_3_377__WI,LightGBM,One-step,0.3 < CV ≤ 0.4,4,2.899406671524048,3.1642568111419678,0.8804298043251038,2.7380917072296143,9.502889633178711
FOODS_3_714__CA,LightGBM,One-step,0.3 < CV ≤ 0.4,4,3.662259101867676,4.035278797149658,0.8360319137573242,17.320011138916016,49.9243049621582
FOODS_3_697__CA,LightGBM,One-step,0.3 < CV ≤ 0.4,4,3.458101272583008,3.6139774322509766,0.8644477725028992,5.624190807342529,16.413532257080078
FOODS_3_080__TX,LightGBM,One-step,0.3 < CV ≤ 0.4,4,4.1400251388549805,4.205589771270752,0.8809963464736938,4.969032287597656,16.002655029296875
FOODS_3_499__CA,LightGBM,One-step,0.3 < CV ≤ 0.4,4,2.367339849472046,2.701456069946289,0.8530154824256897,11.837568283081055,33.28618240356445
HOUSEHOLD_1_110__CA,LightGBM,One-step,0.3 < CV ≤ 0.4,4,2.533818244934082,7.341593265533447,0.8773193955421448,6.361791610717773,28.92999839782715
FOODS_3_288__CA,LightGBM,One-step,0.3 < CV ≤ 0.4,4,2.4051854610443115,6.978784561157227,0.8526924252510071,14.448099136352539,60.81720733642578
FOODS_3_252__CA,LightGBM,One-step,0.3 < CV ≤ 0.4,4,3.9650139808654785,4.266434669494629,0.8582035303115845,24.660131454467773,86.12933349609375
HOUSEHOLD_1_110__TX,LightGBM,One-step,0.3 < CV ≤ 0.4,4,2.1885921955108643,6.6271867752075195,0.8820111155509949,5.096714019775391,25.20886993408203
FOODS_3_228__CA,LightGBM,One-step,0.3 < CV ≤ 0.4,4,2.9813876152038574,3.1994121074676514,0.8999558687210083,3.2098121643066406,12.896547317504883
HOUSEHOLD_1_429__CA,LightGBM,One-step,0.3 < CV ≤ 0.4,4,2.1730337142944336,6.3247971534729,0.892964243888855,2.8981475830078125,13.904304504394531
FOODS_3_555__TX,LightGBM,One-step,0.3 < CV ≤ 0.4,4,5.521722793579102,6.136987209320068,0.8662796020507812,16.526378631591797,57.07102966308594
FOODS_3_252__TX,LightGBM,One-step,0.3 < CV ≤ 0.4,4,4.538907527923584,5.510568618774414,0.8683217763900757,23.111927032470703,98.51402282714844
FOODS_3_739__CA,LightGBM,One-step,0.3 < CV ≤ 0.4,4,2.5464909076690674,6.899261951446533,0.8363900184631348,14.585572242736816,57.27754592895508
FOODS_3_477__TX,LightGBM,One-step,0.3 < CV ≤ 0.4,4,2.306835651397705,3.056023597717285,0.8941934704780579,1.7793571949005127,7.853633403778076
FOODS_3_458__CA,LightGBM,One-step,0.3 < CV ≤ 0.4,4,2.838210105895996,3.273301362991333,0.8685584664344788,5.482762813568115,15.35947036743164
HOUSEHOLD_1_429__TX,LightGBM,One-step,0.3 < CV ≤ 0.4,4,2.2357773780822754,3.0157973766326904,0.8836562633514404,2.456620931625366,7.745549201965332
FOODS_3_226__TX,LightGBM,One-step,0.3 < CV ≤ 0.4,4,3.31086802482605,3.464137077331543,0.8715429902076721,6.799871444702148,19.275920867919922
FOODS_2_181__TX,LightGBM,One-step,0.3 < CV ≤ 0.4,5,3.06154727935791,4.964462757110596,0.8786728382110596,5.142385482788086,23.257699966430664
FOODS_3_377__WI,LightGBM,One-step,0.3 < CV ≤ 0.4,5,5.007012367248535,6.665070533752441,0.8690748810768127,3.0453500747680664,14.962053298950195
FOODS_3_714__CA,LightGBM,One-step,0.3 < CV ≤ 0.4,5,6.375816345214844,9.611189842224121,0.8153124451637268,17.222768783569336,87.87310791015625
FOODS_3_697__CA,LightGBM,One-step,0.3 < CV ≤ 0.4,5,6.174586772918701,8.203720092773438,0.8452173471450806,6.312412261962891,27.82999610900879
FOODS_3_080__TX,LightGBM,One-step,0.3 < CV ≤ 0.4,5,7.726418495178223,9.0928316116333,0.8640661239624023,5.740189075469971,26.3001766204834
FOODS_3_499__CA,LightGBM,One-step,0.3 < CV ≤ 0.4,5,4.047628879547119,6.449560642242432,0.8403764367103577,13.148465156555176,59.2695198059082
HOUSEHOLD_1_110__CA,LightGBM,One-step,0.3 < CV ≤ 0.4,5,4.011634349822998,12.620539665222168,0.863316535949707,7.271774768829346,44.47832489013672
FOODS_3_288__CA,LightGBM,One-step,0.3 < CV ≤ 0.4,5,4.205907821655273,11.993574142456055,0.8410727977752686,16.14096450805664,100.44591522216797
FOODS_3_252__CA,LightGBM,One-step,0.3 < CV ≤ 0.4,5,6.9834489822387695,10.461755752563477,0.8384407758712769,26.0578556060791,151.99838256835938
HOUSEHOLD_1_110__TX,LightGBM,One-step,0.3 < CV ≤ 0.4,5,3.3499855995178223,10.295140266418457,0.8712087869644165,5.661599636077881,36.15829849243164
FOODS_3_228__CA,LightGBM,One-step,0.3 < CV ≤ 0.4,5,5.085967063903809,6.737621784210205,0.8821344375610352,3.7687814235687256,20.376211166381836
HOUSEHOLD_1_429__CA,LightGBM,One-step,0.3 < CV ≤ 0.4,5,3.5854876041412354,10.532482147216797,0.880378007888794,3.479083776473999,21.649166107177734
FOODS_3_555__TX,LightGBM,One-step,0.3 < CV ≤ 0.4,5,10.344095230102539,14.625173568725586,0.8471554517745972,18.515926361083984,100.81632232666016
FOODS_3_252__TX,LightGBM,One-step,0.3 < CV ≤ 0.4,5,7.5934929847717285,11.736455917358398,0.8502628803253174,24.04043197631836,160.9683074951172
FOODS_3_739__CA,LightGBM,One-step,0.3 < CV ≤ 0.4,5,4.368131160736084,11.265519142150879,0.8291804790496826,15.36346435546875,90.90074157714844
FOODS_3_477__TX,LightGBM,One-step,0.3 < CV ≤ 0.4,5,3.611044406890869,5.600018501281738,0.8926094174385071,1.847327709197998,10.938690185546875
FOODS_3_458__CA,LightGBM,One-step,0.3 < CV ≤ 0.4,5,5.2525763511657715,6.3880181312561035,0.8544145822525024,6.011054992675781,23.260543823242188
HOUSEHOLD_1_429__TX,LightGBM,One-step,0.3 < CV ≤ 0.4,5,4.104726314544678,6.096117973327637,0.8662028908729553,2.926067590713501,13.000588417053223
FOODS_3_226__TX,LightGBM,One-step,0.3 < CV ≤ 0.4,5,6.273695945739746,8.157328605651855,0.8545675873756409,7.8238115310668945,32.80292510986328
FOODS_2_181__TX,LightGBM,One-step,0.3 < CV ≤ 0.4,6,4.518652439117432,8.894558906555176,0.8648023009300232,5.465447902679443,32.83802032470703
FOODS_3_377__WI,LightGBM,One-step,0.3 < CV ≤ 0.4,6,7.271427631378174,10.364070892333984,0.8569055199623108,3.0184240341186523,19.29431915283203
FOODS_3_714__CA,LightGBM,One-step,0.3 < CV ≤ 0.4,6,8.050097465515137,12.058993339538574,0.7974405288696289,15.5892333984375,94.17987823486328
FOODS_3_697__CA,LightGBM,One-step,0.3 < CV ≤ 0.4,6,8.189142227172852,11.443970680236816,0.8140495419502258,6.057929992675781,33.126277923583984
FOODS_3_080__TX,LightGBM,One-step,0.3 < CV ≤ 0.4,6,10.616145133972168,13.452025413513184,0.853961169719696,5.657960891723633,34.45498275756836
FOODS_3_499__CA,LightGBM,One-step,0.3 < CV ≤ 0.4,6,5.448472023010254,9.726371765136719,0.8222755789756775,13.021265983581543,74.04701232910156
HOUSEHOLD_1_110__CA,LightGBM,One-step,0.3 < CV ≤ 0.4,6,5.385713577270508,18.125234603881836,0.8480600714683533,7.491023540496826,57.383155822753906
FOODS_3_288__CA,LightGBM,One-step,0.3 < CV ≤ 0.4,6,5.35830545425415,16.868812561035156,0.8213599920272827,15.177584648132324,117.48458862304688
FOODS_3_252__CA,LightGBM,One-step,0.3 < CV ≤ 0.4,6,8.64827823638916,13.212960243225098,0.8194302320480347,23.28706169128418,165.2963104248047
HOUSEHOLD_1_110__TX,LightGBM,One-step,0.3 < CV ≤ 0.4,6,4.432690143585205,14.391894340515137,0.8578419089317322,5.796915054321289,46.946388244628906
FOODS_3_228__CA,LightGBM,One-step,0.3 < CV ≤ 0.4,6,7.045919418334961,10.263237953186035,0.8677451014518738,3.734800338745117,26.464717864990234
HOUSEHOLD_1_429__CA,LightGBM,One-step,0.3 < CV ≤ 0.4,6,4.738504886627197,15.154895782470703,0.8670751452445984,3.633277416229248,28.3226375579834
FOODS_3_555__TX,LightGBM,One-step,0.3 < CV ≤ 0.4,6,12.901373863220215,17.938552856445312,0.8373894691467285,16.289653778076172,112.87388610839844
FOODS_3_252__TX,LightGBM,One-step,0.3 < CV ≤ 0.4,6,9.496232032775879,13.84984302520752,0.8446877598762512,20.640792846679688,174.54713439941406
FOODS_3_739__CA,LightGBM,One-step,0.3 < CV ≤ 0.4,6,5.50331974029541,15.484703063964844,0.8094949126243591,14.237157821655273,105.97005462646484
FOODS_3_477__TX,LightGBM,One-step,0.3 < CV ≤ 0.4,6,5.111473083496094,7.900784969329834,0.8874644041061401,1.757138967514038,13.16419792175293
FOODS_3_458__CA,LightGBM,One-step,0.3 < CV ≤ 0.4,6,7.63834285736084,9.791707038879395,0.8354655504226685,5.830549716949463,30.873868942260742
HOUSEHOLD_1_429__TX,LightGBM,One-step,0.3 < CV ≤ 0.4,6,5.649527072906494,9.598464965820312,0.8488175868988037,3.1074254512786865,17.898197174072266
FOODS_3_226__TX,LightGBM,One-step,0.3 < CV ≤ 0.4,6,8.614842414855957,12.674016952514648,0.831562340259552,7.846845626831055,42.736106872558594
FOODS_2_181__TX,LightGBM,One-step,0.3 < CV ≤ 0.4,7,5.466139316558838,11.080283164978027,0.860510528087616,5.237973690032959,36.43047332763672
FOODS_3_377__WI,LightGBM,One-step,0.3 < CV ≤ 0.4,7,8.385303497314453,11.458678245544434,0.8599196076393127,2.8513200283050537,20.729978561401367
FOODS_3_714__CA,LightGBM,One-step,0.3 < CV ≤ 0.4,7,9.393034934997559,11.404508590698242,0.8041993975639343,14.135247230529785,92.8286361694336
FOODS_3_697__CA,LightGBM,One-step,0.3 < CV ≤ 0.4,7,9.634921073913574,11.278724670410156,0.8119328022003174,5.558737277984619,32.28205871582031
FOODS_3_080__TX,LightGBM,One-step,0.3 < CV ≤ 0.4,7,12.528679847717285,15.08090591430664,0.8516054749488831,5.49840784072876,36.4889030456543
FOODS_3_499__CA,LightGBM,One-step,0.3 < CV ≤ 0.4,7,6.247478485107422,10.75321102142334,0.814828097820282,12.365862846374512,77.6453628540039
HOUSEHOLD_1_110__CA,LightGBM,One-step,0.3 < CV ≤ 0.4,7,6.451571464538574,21.597782135009766,0.8343233466148376,7.092146873474121,61.72450637817383
FOODS_3_288__CA,LightGBM,One-step,0.3 < CV ≤ 0.4,7,6.246343612670898,20.110843658447266,0.8138924241065979,14.200039863586426,124.23681640625
FOODS_3_252__CA,LightGBM,One-step,0.3 < CV ≤ 0.4,7,10.192534446716309,13.10948657989502,0.8240869045257568,20.97197723388672,166.66714477539062
HOUSEHOLD_1_110__TX,LightGBM,One-step,0.3 < CV ≤ 0.4,7,5.298645973205566,17.72794532775879,0.8549584150314331,5.53898811340332,52.57414245605469
FOODS_3_228__CA,LightGBM,One-step,0.3 < CV ≤ 0.4,7,8.27143669128418,11.178427696228027,0.8691100478172302,3.3195369243621826,26.95800018310547
HOUSEHOLD_1_429__CA,LightGBM,One-step,0.3 < CV ≤ 0.4,7,5.546085834503174,18.546527862548828,0.8617610335350037,3.2705109119415283,29.95633888244629
FOODS_3_555__TX,LightGBM,One-step,0.3 < CV ≤ 0.4,7,15.141173362731934,18.838834762573242,0.839051365852356,15.003238677978516,116.48899841308594
FOODS_3_252__TX,LightGBM,One-step,0.3 < CV ≤ 0.4,7,11.434460639953613,14.265801429748535,0.8450073003768921,18.73566436767578,180.33966064453125
FOODS_3_739__CA,LightGBM,One-step,0.3 < CV ≤ 0.4,7,6.420645236968994,19.269514083862305,0.8117097020149231,12.93979263305664,111.05996704101562
FOODS_3_477__TX,LightGBM,One-step,0.3 < CV ≤ 0.4,7,6.200857639312744,9.430540084838867,0.8861533999443054,1.712183952331543,15.177298545837402
FOODS_3_458__CA,LightGBM,One-step,0.3 < CV ≤ 0.4,7,8.922049522399902,10.72858715057373,0.8305720686912537,5.628809452056885,31.965662002563477
HOUSEHOLD_1_429__TX,LightGBM,One-step,0.3 < CV ≤ 0.4,7,6.627999305725098,11.74055290222168,0.8416206240653992,2.9471795558929443,18.95809555053711
FOODS_3_226__TX,LightGBM,One-step,0.3 < CV ≤ 0.4,7,10.15884017944336,13.168936729431152,0.8266112208366394,7.3037004470825195,43.03525161743164
FOODS_2_181__TX,LightGBM,One-step,0.3 < CV ≤ 0.4,8,5.907472133636475,12.049144744873047,0.8618055582046509,4.877772331237793,38.11670684814453
FOODS_3_377__WI,LightGBM,One-step,0.3 < CV ≤ 0.4,8,9.152522087097168,11.977567672729492,0.8699917793273926,2.6066527366638184,21.958234786987305
FOODS_3_714__CA,LightGBM,One-step,0.3 < CV ≤ 0.4,8,10.18735122680664,11.298775672912598,0.8283694982528687,12.653931617736816,92.83312225341797
FOODS_3_697__CA,LightGBM,One-step,0.3 < CV ≤ 0.4,8,10.379936218261719,10.155835151672363,0.8440510034561157,4.634975433349609,29.50165367126465
FOODS_3_080__TX,LightGBM,One-step,0.3 < CV ≤ 0.4,8,13.552948951721191,16.04474639892578,0.868013322353363,4.888584136962891,36.93958282470703
FOODS_3_499__CA,LightGBM,One-step,0.3 < CV ≤ 0.4,8,6.974178314208984,11.891709327697754,0.8299608826637268,11.13478946685791,79.71463012695312
HOUSEHOLD_1_110__CA,LightGBM,One-step,0.3 < CV ≤ 0.4,8,7.1777873039245605,24.73788070678711,0.8531823754310608,6.120299339294434,62.51411437988281
FOODS_3_288__CA,LightGBM,One-step,0.3 < CV ≤ 0.4,8,6.787386417388916,23.95334243774414,0.8332158327102661,12.64716625213623,130.14053344726562
FOODS_3_252__CA,LightGBM,One-step,0.3 < CV ≤ 0.4,8,11.37218952178955,12.312178611755371,0.8526490926742554,17.714563369750977,163.86474609375
HOUSEHOLD_1_110__TX,LightGBM,One-step,0.3 < CV ≤ 0.4,8,5.867056846618652,21.24395179748535,0.8598092794418335,4.957381725311279,54.838199615478516
FOODS_3_228__CA,LightGBM,One-step,0.3 < CV ≤ 0.4,8,9.258888244628906,11.971236228942871,0.8797876834869385,2.932526111602783,27.52117156982422
HOUSEHOLD_1_429__CA,LightGBM,One-step,0.3 < CV ≤ 0.4,8,6.3274383544921875,21.53311538696289,0.8659718036651611,2.9177372455596924,31.428436279296875
FOODS_3_555__TX,LightGBM,One-step,0.3 < CV ≤ 0.4,8,16.49502944946289,19.74901580810547,0.860671877861023,13.655722618103027,121.08152770996094
FOODS_3_252__TX,LightGBM,One-step,0.3 < CV ≤ 0.4,8,12.896300315856934,14.563876152038574,0.8729252815246582,16.14719009399414,189.51361083984375
FOODS_3_739__CA,LightGBM,One-step,0.3 < CV ≤ 0.4,8,6.941616535186768,22.039838790893555,0.8283055424690247,12.177881240844727,117.5089111328125
FOODS_3_477__TX,LightGBM,One-step,0.3 < CV ≤ 0.4,8,7.122419834136963,10.661815643310547,0.8920614123344421,1.5455845594406128,16.45771598815918
FOODS_3_458__CA,LightGBM,One-step,0.3 < CV ≤ 0.4,8,9.216836929321289,10.46963119506836,0.8569923043251038,5.030941963195801,31.416349411010742
HOUSEHOLD_1_429__TX,LightGBM,One-step,0.3 < CV ≤ 0.4,8,7.235508441925049,11.87205696105957,0.8534871935844421,2.65331768989563,19.02178192138672
FOODS_3_226__TX,LightGBM,One-step,0.3 < CV ≤ 0.4,8,11.042515754699707,12.689373016357422,0.8479178547859192,6.375878810882568,42.066925048828125
FOODS_2_181__TX,LightGBM,One-step,0.3 < CV ≤ 0.4,9,6.465148448944092,14.412871360778809,0.8756185173988342,4.612349033355713,41.19295120239258
FOODS_3_377__WI,LightGBM,One-step,0.3 < CV ≤ 0.4,9,10.163803100585938,14.398689270019531,0.8750595450401306,2.4272425174713135,24.73272705078125
FOODS_3_714__CA,LightGBM,One-step,0.3 < CV ≤ 0.4,9,10.657707214355469,13.402120590209961,0.8561508655548096,12.129877090454102,106.05052185058594
FOODS_3_697__CA,LightGBM,One-step,0.3 < CV ≤ 0.4,9,10.900432586669922,11.87595272064209,0.8649373650550842,4.41662073135376,32.915679931640625
FOODS_3_080__TX,LightGBM,One-step,0.3 < CV ≤ 0.4,9,14.87520980834961,20.33921241760254,0.8817824125289917,4.6166839599609375,40.95705795288086
FOODS_3_499__CA,LightGBM,One-step,0.3 < CV ≤ 0.4,9,7.310473442077637,14.962494850158691,0.8419647812843323,10.796506881713867,91.33270263671875
HOUSEHOLD_1_110__CA,LightGBM,One-step,0.3 < CV ≤ 0.4,9,8.008061408996582,31.14251136779785,0.8646014332771301,5.630743026733398,68.42579650878906
FOODS_3_288__CA,LightGBM,One-step,0.3 < CV ≤ 0.4,9,7.283336162567139,29.479040145874023,0.8512920141220093,12.151676177978516,146.7933807373047
FOODS_3_252__CA,LightGBM,One-step,0.3 < CV ≤ 0.4,9,12.179706573486328,14.122255325317383,0.8799512982368469,16.594499588012695,185.4550018310547
HOUSEHOLD_1_110__TX,LightGBM,One-step,0.3 < CV ≤ 0.4,9,6.231508255004883,26.026424407958984,0.8695081472396851,4.723694801330566,60.37424087524414
FOODS_3_228__CA,LightGBM,One-step,0.3 < CV ≤ 0.4,9,10.163211822509766,14.227327346801758,0.898451030254364,2.682856559753418,30.009899139404297
HOUSEHOLD_1_429__CA,LightGBM,One-step,0.3 < CV ≤ 0.4,9,7.133270263671875,26.21250343322754,0.877795934677124,2.687955379486084,34.19015884399414
FOODS_3_555__TX,LightGBM,One-step,0.3 < CV ≤ 0.4,9,18.083850860595703,23.573711395263672,0.8791858553886414,12.869385719299316,135.62777709960938
FOODS_3_252__TX,LightGBM,One-step,0.3 < CV ≤ 0.4,9,14.015419006347656,18.890663146972656,0.8916148543357849,15.60058879852295,222.22958374023438
FOODS_3_739__CA,LightGBM,One-step,0.3 < CV ≤ 0.4,9,7.41077995300293,27.465524673461914,0.8427976965904236,11.995219230651855,133.77960205078125
FOODS_3_477__TX,LightGBM,One-step,0.3 < CV ≤ 0.4,9,7.823975563049316,12.909496307373047,0.8984651565551758,1.5054631233215332,18.617002487182617
FOODS_3_458__CA,LightGBM,One-step,0.3 < CV ≤ 0.4,9,9.595752716064453,12.97354793548584,0.8621416687965393,5.111952781677246,37.038597106933594
HOUSEHOLD_1_429__TX,LightGBM,One-step,0.3 < CV ≤ 0.4,9,7.875814437866211,13.851861000061035,0.860812246799469,2.4774107933044434,20.567218780517578
FOODS_3_226__TX,LightGBM,One-step,0.3 < CV ≤ 0.4,9,11.677242279052734,14.458597183227539,0.8576813340187073,6.140374660491943,46.43988037109375
FOODS_2_181__TX,LightGBM,One-step,0.3 < CV ≤ 0.4,10,7.70302677154541,19.79503631591797,0.8749727606773376,4.806389331817627,49.90671920776367
FOODS_3_377__WI,LightGBM,One-step,0.3 < CV ≤ 0.4,10,11.572617530822754,19.848587036132812,0.8852241635322571,2.4706931114196777,30.49505043029785
FOODS_3_714__CA,LightGBM,One-step,0.3 < CV ≤ 0.4,10,13.409106254577637,19.755388259887695,0.8764208555221558,12.661462783813477,141.07736206054688
FOODS_3_697__CA,LightGBM,One-step,0.3 < CV ≤ 0.4,10,13.957296371459961,17.313255310058594,0.8808354735374451,4.701614856719971,44.160438537597656
FOODS_3_080__TX,LightGBM,One-step,0.3 < CV ≤ 0.4,10,17.654455184936523,26.697185516357422,0.886903703212738,4.691115856170654,50.71139907836914
FOODS_3_499__CA,LightGBM,One-step,0.3 < CV ≤ 0.4,10,8.363090515136719,21.862133026123047,0.8512803912162781,11.140131950378418,118.21942138671875
HOUSEHOLD_1_110__CA,LightGBM,One-step,0.3 < CV ≤ 0.4,10,9.77925968170166,38.28891372680664,0.8751776814460754,5.848084449768066,83.53546142578125
FOODS_3_288__CA,LightGBM,One-step,0.3 < CV ≤ 0.4,10,9.019680976867676,37.03384780883789,0.8644616603851318,12.784819602966309,186.64646911621094
FOODS_3_252__CA,LightGBM,One-step,0.3 < CV ≤ 0.4,10,15.547840118408203,21.03870391845703,0.8942759037017822,17.83586311340332,248.76922607421875
HOUSEHOLD_1_110__TX,LightGBM,One-step,0.3 < CV ≤ 0.4,10,7.402562141418457,31.583459854125977,0.8776176571846008,4.972192764282227,72.95091247558594
FOODS_3_228__CA,LightGBM,One-step,0.3 < CV ≤ 0.4,10,12.195663452148438,19.9054012298584,0.9030033349990845,2.9051249027252197,38.506919860839844
HOUSEHOLD_1_429__CA,LightGBM,One-step,0.3 < CV ≤ 0.4,10,8.374208450317383,31.295339584350586,0.8931128978729248,2.71085262298584,40.72749328613281
FOODS_3_555__TX,LightGBM,One-step,0.3 < CV ≤ 0.4,10,22.351852416992188,34.827964782714844,0.88970547914505,13.260231018066406,175.59786987304688
FOODS_3_252__TX,LightGBM,One-step,0.3 < CV ≤ 0.4,10,17.31467056274414,27.584545135498047,0.9043558835983276,16.333934783935547,288.87213134765625
FOODS_3_739__CA,LightGBM,One-step,0.3 < CV ≤ 0.4,10,8.991591453552246,34.25807571411133,0.8619917631149292,12.1105318069458,168.5401611328125
FOODS_3_477__TX,LightGBM,One-step,0.3 < CV ≤ 0.4,10,8.854928970336914,17.76956558227539,0.9002810716629028,1.5602753162384033,22.773496627807617
FOODS_3_458__CA,LightGBM,One-step,0.3 < CV ≤ 0.4,10,11.034795761108398,17.757198333740234,0.8708468675613403,5.1487579345703125,44.44784927368164
HOUSEHOLD_1_429__TX,LightGBM,One-step,0.3 < CV ≤ 0.4,10,9.369974136352539,17.46436882019043,0.8675824999809265,2.467067241668701,24.863805770874023
FOODS_3_226__TX,LightGBM,One-step,0.3 < CV ≤ 0.4,10,14.368422508239746,20.932828903198242,0.8693330883979797,6.266244411468506,59.661033630371094
HOUSEHOLD_1_351__CA,LightGBM,One-step,0.4 < CV ≤ 0.6,2,0.8266346454620361,0.784267783164978,0.8899609446525574,3.8442556858062744,6.785193920135498
FOODS_2_326__TX,LightGBM,One-step,0.4 < CV ≤ 0.6,2,0.7986545562744141,0.5167928338050842,0.8785355091094971,4.171194076538086,6.04509973526001
FOODS_3_652__WI,LightGBM,One-step,0.4 < CV ≤ 0.6,2,0.7299236059188843,0.6450672745704651,0.8633235692977905,2.199650287628174,2.7804226875305176
FOODS_3_469__CA,LightGBM,One-step,0.4 < CV ≤ 0.6,2,0.8239216208457947,1.811773657798767,0.8904854655265808,2.0538744926452637,4.818844795227051
FOODS_3_282__CA,LightGBM,One-step,0.4 < CV ≤ 0.6,2,0.6808268427848816,0.4633527994155884,0.8932784199714661,12.279818534851074,16.559005737304688
HOUSEHOLD_1_517__TX,LightGBM,One-step,0.4 < CV ≤ 0.6,2,0.7096129655838013,0.7152119874954224,0.8655204772949219,3.0973689556121826,4.383274078369141
FOODS_3_804__CA,LightGBM,One-step,0.4 < CV ≤ 0.6,2,0.7846176028251648,0.472708135843277,0.8452705144882202,7.571498394012451,8.368884086608887
FOODS_3_503__CA,LightGBM,One-step,0.4 < CV ≤ 0.6,2,0.7650498747825623,0.9180603623390198,0.8921909928321838,2.6097259521484375,4.788097381591797
FOODS_2_016__WI,LightGBM,One-step,0.4 < CV ≤ 0.6,2,0.7790022492408752,0.6420045495033264,0.8461646437644958,4.272397518157959,5.490937232971191
HOUSEHOLD_1_459__CA,LightGBM,One-step,0.4 < CV ≤ 0.6,2,0.7395378351211548,0.5883353352546692,0.8720810413360596,6.336025238037109,7.631377696990967
HOUSEHOLD_1_459__WI,LightGBM,One-step,0.4 < CV ≤ 0.6,2,0.7752907276153564,0.8653073310852051,0.8398491144180298,8.88596248626709,9.959003448486328
FOODS_3_252__WI,LightGBM,One-step,0.4 < CV ≤ 0.6,2,0.7098923921585083,0.3769521117210388,0.8839089870452881,5.284110069274902,6.398786544799805
FOODS_3_372__WI,LightGBM,One-step,0.4 < CV ≤ 0.6,2,0.8196661472320557,0.6606271862983704,0.8520117998123169,1.753798246383667,2.477179765701294
HOUSEHOLD_1_334__TX,LightGBM,One-step,0.4 < CV ≤ 0.6,2,0.6827659606933594,0.3732002377510071,0.8669303059577942,6.430361270904541,5.900666236877441
HOUSEHOLD_1_118__CA,LightGBM,One-step,0.4 < CV ≤ 0.6,2,0.5483187437057495,0.4719155430793762,0.8641859292984009,6.70655632019043,6.620462417602539
HOUSEHOLD_1_306__WI,LightGBM,One-step,0.4 < CV ≤ 0.6,2,0.5450888872146606,0.7719516158103943,0.8386461138725281,2.6203718185424805,2.9508862495422363
HOUSEHOLD_1_319__CA,LightGBM,One-step,0.4 < CV ≤ 0.6,2,0.7991712689399719,0.6540812253952026,0.8795952200889587,1.4883618354797363,2.547459363937378
FOODS_3_389__WI,LightGBM,One-step,0.4 < CV ≤ 0.6,2,0.8988233208656311,0.5940545797348022,0.8738803267478943,3.1750195026397705,3.7595200538635254
HOUSEHOLD_1_465__CA,LightGBM,One-step,0.4 < CV ≤ 0.6,2,0.6144691705703735,0.6140848398208618,0.8586516976356506,6.947813987731934,7.427958965301514
HOUSEHOLD_1_351__CA,LightGBM,One-step,0.4 < CV ≤ 0.6,3,1.5422134399414062,1.7761871814727783,0.8811994194984436,4.11173677444458,11.145710945129395
FOODS_2_326__TX,LightGBM,One-step,0.4 < CV ≤ 0.6,3,1.563220500946045,1.1891143321990967,0.8666037321090698,4.45572566986084,10.105792045593262
FOODS_3_652__WI,LightGBM,One-step,0.4 < CV ≤ 0.6,3,1.4000226259231567,1.3979578018188477,0.8561128973960876,2.230203151702881,4.354671478271484
FOODS_3_469__CA,LightGBM,One-step,0.4 < CV ≤ 0.6,3,1.3638107776641846,3.8870737552642822,0.8835096955299377,2.139866828918457,7.548120498657227
FOODS_3_282__CA,LightGBM,One-step,0.4 < CV ≤ 0.6,3,1.2568234205245972,1.2067326307296753,0.874950110912323,14.451072692871094,31.580303192138672
HOUSEHOLD_1_517__TX,LightGBM,One-step,0.4 < CV ≤ 0.6,3,1.2897735834121704,1.494946002960205,0.8602816462516785,3.07666277885437,6.603897571563721
FOODS_3_804__CA,LightGBM,One-step,0.4 < CV ≤ 0.6,3,1.2695584297180176,1.173945426940918,0.8341413736343384,7.987130165100098,14.173498153686523
FOODS_3_503__CA,LightGBM,One-step,0.4 < CV ≤ 0.6,3,1.346312403678894,2.099607467651367,0.8835355639457703,2.77205753326416,7.730165004730225
FOODS_2_016__WI,LightGBM,One-step,0.4 < CV ≤ 0.6,3,1.5248825550079346,1.44600510597229,0.8314560055732727,4.24180269241333,8.600293159484863
HOUSEHOLD_1_459__CA,LightGBM,One-step,0.4 < CV ≤ 0.6,3,1.3409024477005005,1.509821891784668,0.8607152104377747,6.777066707611084,13.132441520690918
HOUSEHOLD_1_459__WI,LightGBM,One-step,0.4 < CV ≤ 0.6,3,1.4461021423339844,2.031085729598999,0.8232587575912476,9.57031536102295,17.692720413208008
FOODS_3_252__WI,LightGBM,One-step,0.4 < CV ≤ 0.6,3,1.4656448364257812,1.1409404277801514,0.8658828735351562,6.114154815673828,12.280977249145508
FOODS_3_372__WI,LightGBM,One-step,0.4 < CV ≤ 0.6,3,1.3486714363098145,1.3237897157669067,0.8466285467147827,1.7329519987106323,3.8216288089752197
HOUSEHOLD_1_334__TX,LightGBM,One-step,0.4 < CV ≤ 0.6,3,1.316328763961792,0.9966796040534973,0.8548527956008911,7.046604633331299,10.755439758300781
HOUSEHOLD_1_118__CA,LightGBM,One-step,0.4 < CV ≤ 0.6,3,1.0745741128921509,1.1071159839630127,0.8580614924430847,7.0155768394470215,11.137237548828125
HOUSEHOLD_1_306__WI,LightGBM,One-step,0.4 < CV ≤ 0.6,3,1.045560598373413,1.8258105516433716,0.8270903825759888,2.7460882663726807,4.932663440704346
HOUSEHOLD_1_319__CA,LightGBM,One-step,0.4 < CV ≤ 0.6,3,1.2346335649490356,1.3845953941345215,0.8759966492652893,1.5213252305984497,3.9855990409851074
FOODS_3_389__WI,LightGBM,One-step,0.4 < CV ≤ 0.6,3,1.9747892618179321,1.7594316005706787,0.8562735915184021,3.701882839202881,7.395788669586182
HOUSEHOLD_1_465__CA,LightGBM,One-step,0.4 < CV ≤ 0.6,3,1.2009309530258179,1.445041537284851,0.8448787927627563,7.500187397003174,13.131892204284668
HOUSEHOLD_1_351__CA,LightGBM,One-step,0.4 < CV ≤ 0.6,4,2.3408634662628174,3.1821672916412354,0.869438111782074,4.404460906982422,16.715097427368164
FOODS_2_326__TX,LightGBM,One-step,0.4 < CV ≤ 0.6,4,2.2556357383728027,2.3821680545806885,0.8596226572990417,4.553720951080322,14.308830261230469
FOODS_3_652__WI,LightGBM,One-step,0.4 < CV ≤ 0.6,4,2.1117043495178223,2.7474982738494873,0.8480226397514343,2.3285467624664307,6.461794853210449
FOODS_3_469__CA,LightGBM,One-step,0.4 < CV ≤ 0.6,4,2.067678213119507,6.773611068725586,0.8750982284545898,2.343323230743408,11.033808708190918
FOODS_3_282__CA,LightGBM,One-step,0.4 < CV ≤ 0.6,4,1.8359102010726929,2.4232733249664307,0.8651152849197388,15.61470890045166,48.45934295654297
HOUSEHOLD_1_517__TX,LightGBM,One-step,0.4 < CV ≤ 0.6,4,2.07790470123291,2.7576498985290527,0.8549843430519104,3.239011287689209,9.937582015991211
FOODS_3_804__CA,LightGBM,One-step,0.4 < CV ≤ 0.6,4,1.9083107709884644,2.4300994873046875,0.8220771551132202,8.485549926757812,22.1910400390625
FOODS_3_503__CA,LightGBM,One-step,0.4 < CV ≤ 0.6,4,2.1756935119628906,4.15850830078125,0.8706982731819153,3.1037590503692627,12.044979095458984
FOODS_2_016__WI,LightGBM,One-step,0.4 < CV ≤ 0.6,4,2.064225435256958,2.8463869094848633,0.8290542960166931,4.339411735534668,12.776104927062988
HOUSEHOLD_1_459__CA,LightGBM,One-step,0.4 < CV ≤ 0.6,4,2.185302972793579,3.2609081268310547,0.8519483804702759,7.233237266540527,21.010393142700195
HOUSEHOLD_1_459__WI,LightGBM,One-step,0.4 < CV ≤ 0.6,4,2.044095516204834,3.6642396450042725,0.8175991773605347,9.589497566223145,25.88638687133789
FOODS_3_252__WI,LightGBM,One-step,0.4 < CV ≤ 0.6,4,2.297827959060669,2.5061886310577393,0.8548355102539062,6.548402786254883,19.299442291259766
FOODS_3_372__WI,LightGBM,One-step,0.4 < CV ≤ 0.6,4,1.918805480003357,2.4625680446624756,0.8420426249504089,1.7820408344268799,5.646067142486572
HOUSEHOLD_1_334__TX,LightGBM,One-step,0.4 < CV ≤ 0.6,4,2.038393259048462,2.0305705070495605,0.8426521420478821,7.320133209228516,16.285303115844727
HOUSEHOLD_1_118__CA,LightGBM,One-step,0.4 < CV ≤ 0.6,4,1.6974499225616455,2.498446226119995,0.8441610932350159,7.616988182067871,18.446659088134766
HOUSEHOLD_1_306__WI,LightGBM,One-step,0.4 < CV ≤ 0.6,4,1.6312652826309204,3.528653860092163,0.8146644234657288,2.9000649452209473,7.883709907531738
HOUSEHOLD_1_319__CA,LightGBM,One-step,0.4 < CV ≤ 0.6,4,1.9969538450241089,2.57881760597229,0.8605876564979553,1.5663319826126099,5.692497730255127
FOODS_3_389__WI,LightGBM,One-step,0.4 < CV ≤ 0.6,4,3.2421042919158936,4.1883931159973145,0.8439204692840576,4.005490779876709,12.443120956420898
HOUSEHOLD_1_465__CA,LightGBM,One-step,0.4 < CV ≤ 0.6,4,1.7432774305343628,2.7076945304870605,0.8394283652305603,7.828701496124268,19.94948959350586
HOUSEHOLD_1_351__CA,LightGBM,One-step,0.4 < CV ≤ 0.6,5,3.76155948638916,6.149092674255371,0.8585836887359619,4.793382167816162,25.054601669311523
FOODS_2_326__TX,LightGBM,One-step,0.4 < CV ≤ 0.6,5,3.3311030864715576,4.658584117889404,0.85370934009552,4.955886363983154,21.351646423339844
FOODS_3_652__WI,LightGBM,One-step,0.4 < CV ≤ 0.6,5,3.4250035285949707,5.737069606781006,0.841180145740509,2.5271952152252197,10.309123039245605
FOODS_3_469__CA,LightGBM,One-step,0.4 < CV ≤ 0.6,5,3.4775772094726562,10.925882339477539,0.8618828058242798,2.500810384750366,15.814102172851562
FOODS_3_282__CA,LightGBM,One-step,0.4 < CV ≤ 0.6,5,2.9998810291290283,4.865646839141846,0.85289067029953,17.60770034790039,78.38214111328125
HOUSEHOLD_1_517__TX,LightGBM,One-step,0.4 < CV ≤ 0.6,5,3.424205780029297,5.040591716766357,0.8402861952781677,3.5403554439544678,15.123836517333984
FOODS_3_804__CA,LightGBM,One-step,0.4 < CV ≤ 0.6,5,3.3190271854400635,4.926362991333008,0.8073842525482178,8.681095123291016,34.62128829956055
FOODS_3_503__CA,LightGBM,One-step,0.4 < CV ≤ 0.6,5,3.516012668609619,7.4993767738342285,0.8527581095695496,3.4647152423858643,18.714784622192383
FOODS_2_016__WI,LightGBM,One-step,0.4 < CV ≤ 0.6,5,3.430837631225586,6.0551252365112305,0.8185468912124634,4.759788513183594,21.273710250854492
HOUSEHOLD_1_459__CA,LightGBM,One-step,0.4 < CV ≤ 0.6,5,3.441993236541748,5.944621562957764,0.8400895595550537,7.924712181091309,33.599273681640625
HOUSEHOLD_1_459__WI,LightGBM,One-step,0.4 < CV ≤ 0.6,5,3.489443302154541,7.283699035644531,0.8044005632400513,9.569694519042969,39.79751205444336
FOODS_3_252__WI,LightGBM,One-step,0.4 < CV ≤ 0.6,5,3.975456476211548,5.876363277435303,0.835879921913147,6.954209804534912,30.099597930908203
FOODS_3_372__WI,LightGBM,One-step,0.4 < CV ≤ 0.6,5,3.1162595748901367,4.862253665924072,0.8332326412200928,1.7832595109939575,8.23201847076416
HOUSEHOLD_1_334__TX,LightGBM,One-step,0.4 < CV ≤ 0.6,5,3.6653194427490234,5.489794731140137,0.8243128657341003,8.134257316589355,28.842775344848633
HOUSEHOLD_1_118__CA,LightGBM,One-step,0.4 < CV ≤ 0.6,5,2.9139559268951416,5.296724796295166,0.8301247954368591,8.18337631225586,29.658540725708008
HOUSEHOLD_1_306__WI,LightGBM,One-step,0.4 < CV ≤ 0.6,5,2.6255574226379395,6.735029697418213,0.7893010973930359,3.0457587242126465,12.322105407714844
HOUSEHOLD_1_319__CA,LightGBM,One-step,0.4 < CV ≤ 0.6,5,3.4252846240997314,5.389681339263916,0.8497354388237,1.7410361766815186,8.941510200500488
FOODS_3_389__WI,LightGBM,One-step,0.4 < CV ≤ 0.6,5,5.879209041595459,8.376888275146484,0.8248191475868225,4.174744606018066,19.84322738647461
HOUSEHOLD_1_465__CA,LightGBM,One-step,0.4 < CV ≤ 0.6,5,2.8013811111450195,5.188536643981934,0.82389897108078,8.459651947021484,32.16295623779297
HOUSEHOLD_1_351__CA,LightGBM,One-step,0.4 < CV ≤ 0.6,6,4.955031394958496,9.039161682128906,0.8452184200286865,4.5831756591796875,31.303871154785156
FOODS_2_326__TX,LightGBM,One-step,0.4 < CV ≤ 0.6,6,4.623231410980225,6.685795783996582,0.8367682695388794,4.914548873901367,26.109460830688477
FOODS_3_652__WI,LightGBM,One-step,0.4 < CV ≤ 0.6,6,4.7807230949401855,8.357593536376953,0.8225511312484741,2.5684242248535156,13.421101570129395
FOODS_3_469__CA,LightGBM,One-step,0.4 < CV ≤ 0.6,6,4.553830146789551,15.823532104492188,0.85016930103302,2.4404053688049316,19.43878746032715
FOODS_3_282__CA,LightGBM,One-step,0.4 < CV ≤ 0.6,6,3.9733924865722656,7.620835781097412,0.8255112171173096,17.70575714111328,99.66263580322266
HOUSEHOLD_1_517__TX,LightGBM,One-step,0.4 < CV ≤ 0.6,6,4.423583507537842,7.691381931304932,0.8283616304397583,3.479680061340332,19.03174591064453
FOODS_3_804__CA,LightGBM,One-step,0.4 < CV ≤ 0.6,6,4.396504878997803,6.748415470123291,0.7954062223434448,7.820040702819824,40.345767974853516
FOODS_3_503__CA,LightGBM,One-step,0.4 < CV ≤ 0.6,6,4.682432651519775,10.753445625305176,0.8396218419075012,3.459965705871582,24.02280044555664
FOODS_2_016__WI,LightGBM,One-step,0.4 < CV ≤ 0.6,6,4.501086711883545,8.465453147888184,0.8183832764625549,4.538846015930176,25.853044509887695
HOUSEHOLD_1_459__CA,LightGBM,One-step,0.4 < CV ≤ 0.6,6,4.689642429351807,9.546869277954102,0.8231810927391052,7.647253513336182,42.39681625366211
HOUSEHOLD_1_459__WI,LightGBM,One-step,0.4 < CV ≤ 0.6,6,4.610441207885742,9.118830680847168,0.798192024230957,8.989086151123047,46.37383270263672
FOODS_3_252__WI,LightGBM,One-step,0.4 < CV ≤ 0.6,6,5.236116886138916,7.846992492675781,0.8214850425720215,6.456282615661621,34.24302673339844
FOODS_3_372__WI,LightGBM,One-step,0.4 < CV ≤ 0.6,6,3.967740297317505,6.186395168304443,0.8132994771003723,1.6624444723129272,9.52722454071045
HOUSEHOLD_1_334__TX,LightGBM,One-step,0.4 < CV ≤ 0.6,6,5.452615261077881,8.676450729370117,0.812541663646698,7.79577112197876,37.149600982666016
HOUSEHOLD_1_118__CA,LightGBM,One-step,0.4 < CV ≤ 0.6,6,3.9341373443603516,8.02029800415039,0.8113495111465454,8.122559547424316,36.80063247680664
HOUSEHOLD_1_306__WI,LightGBM,One-step,0.4 < CV ≤ 0.6,6,3.1906850337982178,9.233031272888184,0.7712533473968506,2.843578815460205,13.898109436035156
HOUSEHOLD_1_319__CA,LightGBM,One-step,0.4 < CV ≤ 0.6,6,4.265704154968262,7.492403030395508,0.8453705310821533,1.680220127105713,10.722084045410156
FOODS_3_389__WI,LightGBM,One-step,0.4 < CV ≤ 0.6,6,7.334952354431152,10.1663179397583,0.8032500743865967,3.838980197906494,22.23458480834961
HOUSEHOLD_1_465__CA,LightGBM,One-step,0.4 < CV ≤ 0.6,6,3.7053582668304443,7.458357810974121,0.8079051971435547,8.233444213867188,41.3274040222168
HOUSEHOLD_1_351__CA,LightGBM,One-step,0.4 < CV ≤ 0.6,7,5.855535507202148,10.97780990600586,0.844775378704071,4.233714580535889,33.75667953491211
FOODS_2_326__TX,LightGBM,One-step,0.4 < CV ≤ 0.6,7,5.288939476013184,6.90554141998291,0.8392671942710876,4.638545036315918,28.46425437927246
FOODS_3_652__WI,LightGBM,One-step,0.4 < CV ≤ 0.6,7,5.7583231925964355,10.562479019165039,0.813678503036499,2.4548745155334473,14.725105285644531
FOODS_3_469__CA,LightGBM,One-step,0.4 < CV ≤ 0.6,7,5.323264122009277,19.874950408935547,0.8514997959136963,2.1686196327209473,20.498573303222656
FOODS_3_282__CA,LightGBM,One-step,0.4 < CV ≤ 0.6,7,4.481956958770752,8.011252403259277,0.8258108496665955,16.269468307495117,103.05785369873047
HOUSEHOLD_1_517__TX,LightGBM,One-step,0.4 < CV ≤ 0.6,7,5.185239315032959,9.430213928222656,0.8246644139289856,3.3033370971679688,20.692663192749023
FOODS_3_804__CA,LightGBM,One-step,0.4 < CV ≤ 0.6,7,5.044552326202393,7.425041675567627,0.7994197607040405,7.4819254875183105,42.4930419921875
FOODS_3_503__CA,LightGBM,One-step,0.4 < CV ≤ 0.6,7,5.517918586730957,12.023033142089844,0.8368490934371948,3.0308587551116943,24.11002540588379
FOODS_2_016__WI,LightGBM,One-step,0.4 < CV ≤ 0.6,7,5.1485419273376465,9.428202629089355,0.808938205242157,4.31229305267334,27.99934196472168
HOUSEHOLD_1_459__CA,LightGBM,One-step,0.4 < CV ≤ 0.6,7,5.678956031799316,12.264732360839844,0.8193247318267822,7.37883186340332,47.258140563964844
HOUSEHOLD_1_459__WI,LightGBM,One-step,0.4 < CV ≤ 0.6,7,5.234490394592285,10.365642547607422,0.8039413690567017,8.64305305480957,49.708839416503906
FOODS_3_252__WI,LightGBM,One-step,0.4 < CV ≤ 0.6,7,6.226309776306152,8.186224937438965,0.8203509449958801,5.925876140594482,35.56993865966797
FOODS_3_372__WI,LightGBM,One-step,0.4 < CV ≤ 0.6,7,4.505195617675781,6.898242473602295,0.8268350958824158,1.5175366401672363,9.967386245727539
HOUSEHOLD_1_334__TX,LightGBM,One-step,0.4 < CV ≤ 0.6,7,6.4072113037109375,10.061572074890137,0.8055752515792847,7.624214172363281,39.87406539916992
HOUSEHOLD_1_118__CA,LightGBM,One-step,0.4 < CV ≤ 0.6,7,4.50639533996582,9.31179141998291,0.7999761700630188,7.780022144317627,39.59346008300781
HOUSEHOLD_1_306__WI,LightGBM,One-step,0.4 < CV ≤ 0.6,7,3.776782989501953,10.793608665466309,0.7753008008003235,2.5762126445770264,13.810274124145508
HOUSEHOLD_1_319__CA,LightGBM,One-step,0.4 < CV ≤ 0.6,7,5.080742359161377,8.001626968383789,0.8441725373268127,1.5392818450927734,11.276153564453125
FOODS_3_389__WI,LightGBM,One-step,0.4 < CV ≤ 0.6,7,8.461544036865234,10.039590835571289,0.8076545000076294,3.472536087036133,22.371990203857422
HOUSEHOLD_1_465__CA,LightGBM,One-step,0.4 < CV ≤ 0.6,7,4.435202598571777,9.139274597167969,0.7998263239860535,7.927840232849121,44.734500885009766
HOUSEHOLD_1_351__CA,LightGBM,One-step,0.4 < CV ≤ 0.6,8,6.638271331787109,13.043527603149414,0.8539605736732483,3.837913990020752,35.59999084472656
FOODS_2_326__TX,LightGBM,One-step,0.4 < CV ≤ 0.6,8,5.682532787322998,7.715289115905762,0.848851203918457,4.261862754821777,29.89153480529785
FOODS_3_652__WI,LightGBM,One-step,0.4 < CV ≤ 0.6,8,6.273606300354004,12.057807922363281,0.8268067836761475,2.274866819381714,15.577044486999512
FOODS_3_469__CA,LightGBM,One-step,0.4 < CV ≤ 0.6,8,5.812471389770508,24.340089797973633,0.8624832630157471,1.9699859619140625,21.969146728515625
FOODS_3_282__CA,LightGBM,One-step,0.4 < CV ≤ 0.6,8,4.976833343505859,8.667619705200195,0.8376068472862244,14.96171760559082,109.80612182617188
HOUSEHOLD_1_517__TX,LightGBM,One-step,0.4 < CV ≤ 0.6,8,5.691797256469727,10.846977233886719,0.8308237791061401,3.0338542461395264,21.384597778320312
FOODS_3_804__CA,LightGBM,One-step,0.4 < CV ≤ 0.6,8,5.1225666999816895,8.063631057739258,0.8098927140235901,7.171031475067139,44.757118225097656
FOODS_3_503__CA,LightGBM,One-step,0.4 < CV ≤ 0.6,8,6.170262336730957,13.992294311523438,0.8498375415802002,2.7763559818267822,25.17861557006836
FOODS_2_016__WI,LightGBM,One-step,0.4 < CV ≤ 0.6,8,5.432422637939453,10.30748462677002,0.8167527318000793,4.117961406707764,30.34664535522461
HOUSEHOLD_1_459__CA,LightGBM,One-step,0.4 < CV ≤ 0.6,8,6.320547580718994,15.579080581665039,0.8361106514930725,6.680212020874023,49.97411346435547
HOUSEHOLD_1_459__WI,LightGBM,One-step,0.4 < CV ≤ 0.6,8,5.482697010040283,12.072306632995605,0.8143654465675354,8.439034461975098,55.359073638916016
FOODS_3_252__WI,LightGBM,One-step,0.4 < CV ≤ 0.6,8,6.614837646484375,7.47635555267334,0.8385170102119446,5.268987655639648,35.10411834716797
FOODS_3_372__WI,LightGBM,One-step,0.4 < CV ≤ 0.6,8,4.824212551116943,7.306069850921631,0.8396992683410645,1.4527738094329834,10.992362976074219
HOUSEHOLD_1_334__TX,LightGBM,One-step,0.4 < CV ≤ 0.6,8,6.684088230133057,9.606740951538086,0.8224161267280579,7.143197536468506,39.29379653930664
HOUSEHOLD_1_118__CA,LightGBM,One-step,0.4 < CV ≤ 0.6,8,4.949868679046631,9.224443435668945,0.8110421895980835,6.924238204956055,37.630828857421875
HOUSEHOLD_1_306__WI,LightGBM,One-step,0.4 < CV ≤ 0.6,8,4.086349010467529,12.684063911437988,0.795788049697876,2.375713586807251,14.303756713867188
HOUSEHOLD_1_319__CA,LightGBM,One-step,0.4 < CV ≤ 0.6,8,5.530562400817871,7.941865921020508,0.8526911735534668,1.391838550567627,11.794822692871094
FOODS_3_389__WI,LightGBM,One-step,0.4 < CV ≤ 0.6,8,9.103760719299316,9.821468353271484,0.8353460431098938,3.111186981201172,22.671783447265625
HOUSEHOLD_1_465__CA,LightGBM,One-step,0.4 < CV ≤ 0.6,8,4.83906888961792,9.77939510345459,0.8054817318916321,7.170307636260986,44.67425537109375
HOUSEHOLD_1_351__CA,LightGBM,One-step,0.4 < CV ≤ 0.6,9,7.355232238769531,16.11419105529785,0.8642071485519409,3.7085983753204346,40.176761627197266
FOODS_2_326__TX,LightGBM,One-step,0.4 < CV ≤ 0.6,9,6.462569236755371,9.95508861541748,0.8489436507225037,4.2987446784973145,35.42111587524414
FOODS_3_652__WI,LightGBM,One-step,0.4 < CV ≤ 0.6,9,6.922191143035889,13.352084159851074,0.8353997468948364,2.147706985473633,17.0953311920166
FOODS_3_469__CA,LightGBM,One-step,0.4 < CV ≤ 0.6,9,6.554583549499512,29.179378509521484,0.8829208612442017,1.8251301050186157,24.29530143737793
FOODS_3_282__CA,LightGBM,One-step,0.4 < CV ≤ 0.6,9,5.399648189544678,11.154817581176758,0.851315438747406,14.36780834197998,123.82264709472656
HOUSEHOLD_1_517__TX,LightGBM,One-step,0.4 < CV ≤ 0.6,9,6.367793560028076,13.185627937316895,0.8430255055427551,2.95330548286438,23.968915939331055
FOODS_3_804__CA,LightGBM,One-step,0.4 < CV ≤ 0.6,9,5.285567283630371,10.67297077178955,0.8213557004928589,7.293513774871826,51.909584045410156
FOODS_3_503__CA,LightGBM,One-step,0.4 < CV ≤ 0.6,9,6.866890907287598,18.03157615661621,0.8653545379638672,2.654170513153076,28.111724853515625
FOODS_2_016__WI,LightGBM,One-step,0.4 < CV ≤ 0.6,9,5.9094414710998535,13.193455696105957,0.8228784799575806,3.984666347503662,34.13790512084961
HOUSEHOLD_1_459__CA,LightGBM,One-step,0.4 < CV ≤ 0.6,9,6.898146152496338,21.07939338684082,0.8405243158340454,6.462765693664551,55.953895568847656
HOUSEHOLD_1_459__WI,LightGBM,One-step,0.4 < CV ≤ 0.6,9,5.95610237121582,16.461809158325195,0.8257855176925659,8.538348197937012,66.23049926757812
FOODS_3_252__WI,LightGBM,One-step,0.4 < CV ≤ 0.6,9,6.856177806854248,8.94470500946045,0.8574997782707214,5.127511024475098,40.916316986083984
FOODS_3_372__WI,LightGBM,One-step,0.4 < CV ≤ 0.6,9,5.293346405029297,8.463929176330566,0.8519969582557678,1.3901928663253784,12.165617942810059
HOUSEHOLD_1_334__TX,LightGBM,One-step,0.4 < CV ≤ 0.6,9,6.923103332519531,10.898627281188965,0.8349772691726685,6.876504898071289,43.143463134765625
HOUSEHOLD_1_118__CA,LightGBM,One-step,0.4 < CV ≤ 0.6,9,5.268152713775635,11.254975318908691,0.8267816305160522,6.535172939300537,40.62981414794922
HOUSEHOLD_1_306__WI,LightGBM,One-step,0.4 < CV ≤ 0.6,9,4.389377117156982,13.24959945678711,0.8140856027603149,2.3370912075042725,16.25478172302246
HOUSEHOLD_1_319__CA,LightGBM,One-step,0.4 < CV ≤ 0.6,9,5.879359245300293,9.372991561889648,0.8628018498420715,1.3401061296463013,13.18801498413086
FOODS_3_389__WI,LightGBM,One-step,0.4 < CV ≤ 0.6,9,9.778115272521973,12.899147987365723,0.8581785559654236,2.9588234424591064,26.376754760742188
HOUSEHOLD_1_465__CA,LightGBM,One-step,0.4 < CV ≤ 0.6,9,5.127529144287109,10.853801727294922,0.8246886134147644,6.757867813110352,46.61427307128906
HOUSEHOLD_1_351__CA,LightGBM,One-step,0.4 < CV ≤ 0.6,10,8.668839454650879,20.344545364379883,0.8761059045791626,3.8485465049743652,48.94000244140625
FOODS_2_326__TX,LightGBM,One-step,0.4 < CV ≤ 0.6,10,7.875499725341797,13.760096549987793,0.8605908751487732,4.179392337799072,42.39536666870117
FOODS_3_652__WI,LightGBM,One-step,0.4 < CV ≤ 0.6,10,8.22571849822998,18.42314338684082,0.8380244970321655,2.1698362827301025,21.718469619750977
FOODS_3_469__CA,LightGBM,One-step,0.4 < CV ≤ 0.6,10,7.80179500579834,35.0665168762207,0.8874115347862244,1.8354843854904175,29.06964111328125
FOODS_3_282__CA,LightGBM,One-step,0.4 < CV ≤ 0.6,10,6.725226402282715,16.01363182067871,0.8689417243003845,15.285826683044434,164.54469299316406
HOUSEHOLD_1_517__TX,LightGBM,One-step,0.4 < CV ≤ 0.6,10,7.603728294372559,16.81655502319336,0.8531544208526611,2.8142497539520264,28.407180786132812
FOODS_3_804__CA,LightGBM,One-step,0.4 < CV ≤ 0.6,10,6.522906303405762,15.105792045593262,0.8305355310440063,7.356335639953613,65.7313232421875
FOODS_3_503__CA,LightGBM,One-step,0.4 < CV ≤ 0.6,10,8.258818626403809,23.80889129638672,0.8773258328437805,2.726447343826294,34.740272521972656
FOODS_2_016__WI,LightGBM,One-step,0.4 < CV ≤ 0.6,10,6.8583855628967285,17.202808380126953,0.8372576236724854,3.966285228729248,42.27476119995117
HOUSEHOLD_1_459__CA,LightGBM,One-step,0.4 < CV ≤ 0.6,10,8.258047103881836,26.636547088623047,0.8551050424575806,6.582398414611816,67.48452758789062
HOUSEHOLD_1_459__WI,LightGBM,One-step,0.4 < CV ≤ 0.6,10,7.037250995635986,20.311325073242188,0.8326970934867859,8.182954788208008,79.5909652709961
FOODS_3_252__WI,LightGBM,One-step,0.4 < CV ≤ 0.6,10,8.58295726776123,14.840048789978027,0.8703777194023132,5.409045696258545,57.74323654174805
FOODS_3_372__WI,LightGBM,One-step,0.4 < CV ≤ 0.6,10,6.202822685241699,14.079005241394043,0.8604433536529541,1.4266760349273682,15.66391372680664
HOUSEHOLD_1_334__TX,LightGBM,One-step,0.4 < CV ≤ 0.6,10,7.814391136169434,14.844571113586426,0.8464361429214478,6.990516662597656,54.15095138549805
HOUSEHOLD_1_118__CA,LightGBM,One-step,0.4 < CV ≤ 0.6,10,6.121382713317871,13.73046875,0.8449980616569519,6.4747724533081055,48.98130416870117
HOUSEHOLD_1_306__WI,LightGBM,One-step,0.4 < CV ≤ 0.6,10,5.296565532684326,17.90484619140625,0.8271299004554749,2.422142505645752,22.312366485595703
HOUSEHOLD_1_319__CA,LightGBM,One-step,0.4 < CV ≤ 0.6,10,7.418035507202148,12.623336791992188,0.8710312247276306,1.3460502624511719,16.45199966430664
FOODS_3_389__WI,LightGBM,One-step,0.4 < CV ≤ 0.6,10,12.124772071838379,19.165205001831055,0.8785746693611145,3.064647674560547,36.422035217285156
HOUSEHOLD_1_465__CA,LightGBM,One-step,0.4 < CV ≤ 0.6,10,6.002636909484863,13.368438720703125,0.8336383700370789,6.83301305770874,57.763702392578125
FOODS_3_555__CA,LightGBM,H-step,0.2 < CV ≤ 0.3,2,0.6964468359947205,0.3437214195728302,0.9146333336830139,7.655798435211182,6.6916632652282715
FOODS_3_694__WI,LightGBM,H-step,0.2 < CV ≤ 0.3,2,0.7838335037231445,0.4180872440338135,0.9229724407196045,8.53701400756836,8.737303733825684
FOODS_3_377__CA,LightGBM,H-step,0.2 < CV ≤ 0.3,2,0.7995956540107727,0.6019269824028015,0.9303323030471802,2.8675031661987305,4.736011981964111
FOODS_3_080__CA,LightGBM,H-step,0.2 < CV ≤ 0.3,2,0.8103774189949036,0.48044857382774353,0.9233934283256531,4.728595733642578,5.447415351867676
FOODS_3_694__TX,LightGBM,H-step,0.2 < CV ≤ 0.3,2,0.8017207384109497,0.42231523990631104,0.9072678089141846,5.889084339141846,6.864445686340332
FOODS_3_042__WI,LightGBM,H-step,0.2 < CV ≤ 0.3,2,0.6692328453063965,0.5136266350746155,0.9301393032073975,2.516603469848633,4.6054792404174805
FOODS_3_586__CA,LightGBM,H-step,0.2 < CV ≤ 0.3,2,0.8641255497932434,0.3273060619831085,0.9303252696990967,13.044622421264648,13.123466491699219
FOODS_3_586__TX,LightGBM,H-step,0.2 < CV ≤ 0.3,2,0.9520213007926941,0.45219922065734863,0.9298361539840698,17.36739158630371,20.95357894897461
FOODS_3_377__TX,LightGBM,H-step,0.2 < CV ≤ 0.3,2,0.9210582375526428,0.631644606590271,0.9244641661643982,7.709771156311035,9.742868423461914
FOODS_3_099__CA,LightGBM,H-step,0.2 < CV ≤ 0.3,2,0.7578139901161194,0.8857613801956177,0.9043393731117249,5.164789199829102,6.734516143798828
FOODS_3_226__WI,LightGBM,H-step,0.2 < CV ≤ 0.3,2,0.9574583172798157,0.5426438450813293,0.9296682476997375,10.632057189941406,13.12643051147461
FOODS_3_694__CA,LightGBM,H-step,0.2 < CV ≤ 0.3,2,0.7635491490364075,0.3716520071029663,0.9177526831626892,4.5117645263671875,5.033633232116699
FOODS_3_555__CA,LightGBM,H-step,0.2 < CV ≤ 0.3,3,0.9309252500534058,0.7270969152450562,0.9170700311660767,7.380263328552246,10.019515037536621
FOODS_3_694__WI,LightGBM,H-step,0.2 < CV ≤ 0.3,3,1.135341763496399,0.9548119306564331,0.9243269562721252,8.27407169342041,14.352461814880371
FOODS_3_377__CA,LightGBM,H-step,0.2 < CV ≤ 0.3,3,1.1012808084487915,1.0630425214767456,0.9314332604408264,2.7757816314697266,6.831521511077881
FOODS_3_080__CA,LightGBM,H-step,0.2 < CV ≤ 0.3,3,1.160888433456421,0.8611527681350708,0.9245050549507141,4.575950622558594,8.238369941711426
FOODS_3_694__TX,LightGBM,H-step,0.2 < CV ≤ 0.3,3,0.9888193607330322,0.8109184503555298,0.9118562340736389,5.587744235992432,10.213017463684082
FOODS_3_042__WI,LightGBM,H-step,0.2 < CV ≤ 0.3,3,0.8770372867584229,1.0124461650848389,0.9334592819213867,2.424957752227783,6.995626926422119
FOODS_3_586__CA,LightGBM,H-step,0.2 < CV ≤ 0.3,3,1.1482867002487183,0.6900712847709656,0.931591808795929,12.682577133178711,20.27304458618164
FOODS_3_586__TX,LightGBM,H-step,0.2 < CV ≤ 0.3,3,1.187950849533081,0.9513075351715088,0.9283761382102966,17.660934448242188,32.88432312011719
FOODS_3_377__TX,LightGBM,H-step,0.2 < CV ≤ 0.3,3,1.2682478427886963,1.2523572444915771,0.9250693917274475,7.53736686706543,15.019464492797852
FOODS_3_099__CA,LightGBM,H-step,0.2 < CV ≤ 0.3,3,1.0665338039398193,1.7201405763626099,0.9035515189170837,5.070534706115723,9.694293975830078
FOODS_3_226__WI,LightGBM,H-step,0.2 < CV ≤ 0.3,3,1.330620288848877,1.195945382118225,0.9319971203804016,10.237324714660645,20.668777465820312
FOODS_3_694__CA,LightGBM,H-step,0.2 < CV ≤ 0.3,3,1.007228136062622,0.7586029171943665,0.9208511114120483,4.313328266143799,7.402807235717773
FOODS_3_555__CA,LightGBM,H-step,0.2 < CV ≤ 0.3,4,1.0872998237609863,1.1849117279052734,0.9205920696258545,6.9237165451049805,13.668917655944824
FOODS_3_694__WI,LightGBM,H-step,0.2 < CV ≤ 0.3,4,1.2694978713989258,1.5647660493850708,0.9276975989341736,7.949210166931152,18.53355598449707
FOODS_3_377__CA,LightGBM,H-step,0.2 < CV ≤ 0.3,4,1.2675355672836304,1.6532399654388428,0.9348306655883789,2.6223394870758057,8.900357246398926
FOODS_3_080__CA,LightGBM,H-step,0.2 < CV ≤ 0.3,4,1.3669416904449463,1.4103915691375732,0.9344579577445984,4.004815578460693,10.712309837341309
FOODS_3_694__TX,LightGBM,H-step,0.2 < CV ≤ 0.3,4,1.1480895280838013,1.3764556646347046,0.9141044020652771,5.333499431610107,13.836788177490234
FOODS_3_042__WI,LightGBM,H-step,0.2 < CV ≤ 0.3,4,0.9622728228569031,1.5415328741073608,0.9364653825759888,2.305089235305786,8.806568145751953
FOODS_3_586__CA,LightGBM,H-step,0.2 < CV ≤ 0.3,4,1.2708603143692017,1.1439409255981445,0.9330676198005676,12.353495597839355,27.433462142944336
FOODS_3_586__TX,LightGBM,H-step,0.2 < CV ≤ 0.3,4,1.3647099733352661,1.5536963939666748,0.9262365698814392,18.051300048828125,42.65870666503906
FOODS_3_377__TX,LightGBM,H-step,0.2 < CV ≤ 0.3,4,1.5137720108032227,1.9686272144317627,0.9248269200325012,7.517976760864258,20.27227020263672
FOODS_3_099__CA,LightGBM,H-step,0.2 < CV ≤ 0.3,4,1.3426052331924438,2.8021676540374756,0.9077108502388,4.915796756744385,13.336665153503418
FOODS_3_226__WI,LightGBM,H-step,0.2 < CV ≤ 0.3,4,1.4910978078842163,2.0045053958892822,0.9339551329612732,9.965010643005371,27.709915161132812
FOODS_3_694__CA,LightGBM,H-step,0.2 < CV ≤ 0.3,4,1.1851094961166382,1.3311712741851807,0.925609827041626,4.068048477172852,10.247114181518555
FOODS_3_555__CA,LightGBM,H-step,0.2 < CV ≤ 0.3,5,1.3837367296218872,1.7783249616622925,0.9199716448783875,7.009696960449219,17.524169921875
FOODS_3_694__WI,LightGBM,H-step,0.2 < CV ≤ 0.3,5,1.5318511724472046,2.46852707862854,0.9227411150932312,8.355518341064453,24.185359954833984
FOODS_3_377__CA,LightGBM,H-step,0.2 < CV ≤ 0.3,5,1.43156099319458,2.5030605792999268,0.9356754422187805,2.6246695518493652,10.80325984954834
FOODS_3_080__CA,LightGBM,H-step,0.2 < CV ≤ 0.3,5,1.7280821800231934,2.307462453842163,0.9323919415473938,4.142454147338867,14.202129364013672
FOODS_3_694__TX,LightGBM,H-step,0.2 < CV ≤ 0.3,5,1.4503000974655151,1.9043638706207275,0.9123140573501587,5.303642272949219,16.554752349853516
FOODS_3_042__WI,LightGBM,H-step,0.2 < CV ≤ 0.3,5,1.161028265953064,2.225996494293213,0.9347814917564392,2.2645351886749268,10.577116012573242
FOODS_3_586__CA,LightGBM,H-step,0.2 < CV ≤ 0.3,5,1.621299386024475,1.8796266317367554,0.9268057942390442,13.162487983703613,37.94583511352539
FOODS_3_586__TX,LightGBM,H-step,0.2 < CV ≤ 0.3,5,1.6107287406921387,2.3800106048583984,0.9232951402664185,18.6962947845459,52.50889205932617
FOODS_3_377__TX,LightGBM,H-step,0.2 < CV ≤ 0.3,5,1.808977723121643,2.8640267848968506,0.9245785474777222,7.491390228271484,23.549381256103516
FOODS_3_099__CA,LightGBM,H-step,0.2 < CV ≤ 0.3,5,1.6227706670761108,4.231235504150391,0.906661331653595,4.8940019607543945,16.10742950439453
FOODS_3_226__WI,LightGBM,H-step,0.2 < CV ≤ 0.3,5,1.8188855648040771,3.001025676727295,0.9332530498504639,9.926393508911133,34.19020462036133
FOODS_3_694__CA,LightGBM,H-step,0.2 < CV ≤ 0.3,5,1.4629563093185425,1.9712324142456055,0.9247588515281677,4.053432941436768,12.445833206176758
FOODS_3_555__CA,LightGBM,H-step,0.2 < CV ≤ 0.3,6,1.7000293731689453,2.5305583477020264,0.9178541302680969,7.155360221862793,21.583572387695312
FOODS_3_694__WI,LightGBM,H-step,0.2 < CV ≤ 0.3,6,2.1459596157073975,3.407975673675537,0.9162267446517944,8.759589195251465,29.390666961669922
FOODS_3_377__CA,LightGBM,H-step,0.2 < CV ≤ 0.3,6,1.769551396369934,3.240964889526367,0.9352117776870728,2.6229000091552734,12.429495811462402
FOODS_3_080__CA,LightGBM,H-step,0.2 < CV ≤ 0.3,6,2.0410587787628174,3.2675085067749023,0.9332399368286133,4.092895984649658,16.604766845703125
FOODS_3_694__TX,LightGBM,H-step,0.2 < CV ≤ 0.3,6,1.9175605773925781,2.5397684574127197,0.9089050889015198,5.4726643562316895,19.642562866210938
FOODS_3_042__WI,LightGBM,H-step,0.2 < CV ≤ 0.3,6,1.6693637371063232,2.9969654083251953,0.9318665266036987,2.2948763370513916,12.255457878112793
FOODS_3_586__CA,LightGBM,H-step,0.2 < CV ≤ 0.3,6,2.0418710708618164,2.3730475902557373,0.9266281127929688,13.229399681091309,43.97245407104492
FOODS_3_586__TX,LightGBM,H-step,0.2 < CV ≤ 0.3,6,2.0366122722625732,3.0057828426361084,0.9187319278717041,19.34242057800293,62.45317840576172
FOODS_3_377__TX,LightGBM,H-step,0.2 < CV ≤ 0.3,6,2.236527919769287,3.819857358932495,0.9225900173187256,7.645119667053223,28.037986755371094
FOODS_3_099__CA,LightGBM,H-step,0.2 < CV ≤ 0.3,6,2.0348615646362305,5.743600368499756,0.9045534133911133,4.980038166046143,19.41278076171875
FOODS_3_226__WI,LightGBM,H-step,0.2 < CV ≤ 0.3,6,2.4151082038879395,4.053145408630371,0.9289818406105042,10.574141502380371,42.37331008911133
FOODS_3_694__CA,LightGBM,H-step,0.2 < CV ≤ 0.3,6,1.8525530099868774,2.7642087936401367,0.9200049638748169,4.203861236572266,15.40640926361084
FOODS_3_555__CA,LightGBM,H-step,0.2 < CV ≤ 0.3,7,2.015059471130371,3.399332046508789,0.9150711894035339,7.35447883605957,25.155805587768555
FOODS_3_694__WI,LightGBM,H-step,0.2 < CV ≤ 0.3,7,2.617576837539673,4.610757350921631,0.9122551679611206,9.080349922180176,33.33636474609375
FOODS_3_377__CA,LightGBM,H-step,0.2 < CV ≤ 0.3,7,2.312239408493042,4.361945152282715,0.931222677230835,2.72147536277771,14.59567642211914
FOODS_3_080__CA,LightGBM,H-step,0.2 < CV ≤ 0.3,7,2.3095345497131348,4.291015625,0.9330975413322449,4.12600040435791,18.595123291015625
FOODS_3_694__TX,LightGBM,H-step,0.2 < CV ≤ 0.3,7,1.9307242631912231,3.1718087196350098,0.9069157838821411,5.66910457611084,22.452056884765625
FOODS_3_042__WI,LightGBM,H-step,0.2 < CV ≤ 0.3,7,2.1199791431427,3.6153199672698975,0.9308710694313049,2.3111050128936768,13.533705711364746
FOODS_3_586__CA,LightGBM,H-step,0.2 < CV ≤ 0.3,7,2.3687314987182617,3.1875555515289307,0.9263587594032288,13.752991676330566,50.70878601074219
FOODS_3_586__TX,LightGBM,H-step,0.2 < CV ≤ 0.3,7,2.4079952239990234,4.270841598510742,0.9140390753746033,20.369890213012695,72.94624328613281
FOODS_3_377__TX,LightGBM,H-step,0.2 < CV ≤ 0.3,7,2.423902988433838,4.502939224243164,0.9201193451881409,7.988161563873291,32.59466552734375
FOODS_3_099__CA,LightGBM,H-step,0.2 < CV ≤ 0.3,7,2.1724019050598145,7.828163146972656,0.9020101428031921,5.084549903869629,22.271860122680664
FOODS_3_226__WI,LightGBM,H-step,0.2 < CV ≤ 0.3,7,3.263535976409912,5.210610866546631,0.9212060570716858,11.305136680603027,49.34306335449219
FOODS_3_694__CA,LightGBM,H-step,0.2 < CV ≤ 0.3,7,2.274106740951538,3.546464204788208,0.9172194600105286,4.229309558868408,17.119464874267578
FOODS_3_555__CA,LightGBM,H-step,0.2 < CV ≤ 0.3,8,2.392971992492676,4.944343090057373,0.914307713508606,7.426459312438965,29.060087203979492
FOODS_3_694__WI,LightGBM,H-step,0.2 < CV ≤ 0.3,8,3.258763074874878,6.024611949920654,0.9091244339942932,9.358322143554688,38.60169982910156
FOODS_3_377__CA,LightGBM,H-step,0.2 < CV ≤ 0.3,8,2.7297751903533936,5.528903484344482,0.9300428628921509,2.7338216304779053,16.05628776550293
FOODS_3_080__CA,LightGBM,H-step,0.2 < CV ≤ 0.3,8,2.8855249881744385,5.905664443969727,0.9301482439041138,4.254561901092529,21.280433654785156
FOODS_3_694__TX,LightGBM,H-step,0.2 < CV ≤ 0.3,8,2.3540971279144287,4.0342116355896,0.9024735689163208,5.801205158233643,25.224363327026367
FOODS_3_042__WI,LightGBM,H-step,0.2 < CV ≤ 0.3,8,2.4765779972076416,5.281255722045898,0.9272064566612244,2.3956828117370605,15.431717872619629
FOODS_3_586__CA,LightGBM,H-step,0.2 < CV ≤ 0.3,8,2.6044044494628906,4.47260046005249,0.9249800443649292,14.121599197387695,58.04179000854492
FOODS_3_586__TX,LightGBM,H-step,0.2 < CV ≤ 0.3,8,3.334942579269409,6.257821559906006,0.9082484245300293,21.373254776000977,87.21571350097656
FOODS_3_377__TX,LightGBM,H-step,0.2 < CV ≤ 0.3,8,3.144702911376953,6.7292304039001465,0.9168477058410645,8.208659172058105,37.51846694946289
FOODS_3_099__CA,LightGBM,H-step,0.2 < CV ≤ 0.3,8,2.6088173389434814,9.146671295166016,0.9002969264984131,5.1275105476379395,24.65438461303711
FOODS_3_226__WI,LightGBM,H-step,0.2 < CV ≤ 0.3,8,4.008687496185303,7.397576332092285,0.9171210527420044,11.921486854553223,57.29703140258789
FOODS_3_694__CA,LightGBM,H-step,0.2 < CV ≤ 0.3,8,2.6658380031585693,4.933509349822998,0.9171425104141235,4.359752178192139,19.91464614868164
FOODS_3_555__CA,LightGBM,H-step,0.2 < CV ≤ 0.3,9,2.773559331893921,6.53399133682251,0.9104964733123779,7.596906661987305,32.999237060546875
FOODS_3_694__WI,LightGBM,H-step,0.2 < CV ≤ 0.3,9,4.002758502960205,7.719573974609375,0.9056249260902405,9.528249740600586,42.3952751159668
FOODS_3_377__CA,LightGBM,H-step,0.2 < CV ≤ 0.3,9,3.0981533527374268,7.29410982131958,0.9304996132850647,2.7598631381988525,18.44969940185547
FOODS_3_080__CA,LightGBM,H-step,0.2 < CV ≤ 0.3,9,3.5880930423736572,8.186824798583984,0.9269803166389465,4.342375755310059,24.72167205810547
FOODS_3_694__TX,LightGBM,H-step,0.2 < CV ≤ 0.3,9,2.711076259613037,5.431079864501953,0.8958653211593628,5.984057903289795,28.690935134887695
FOODS_3_042__WI,LightGBM,H-step,0.2 < CV ≤ 0.3,9,2.858278751373291,7.2512054443359375,0.9285132884979248,2.376833438873291,17.319202423095703
FOODS_3_586__CA,LightGBM,H-step,0.2 < CV ≤ 0.3,9,3.0009751319885254,6.49513053894043,0.9203290343284607,14.652636528015137,67.73887634277344
FOODS_3_586__TX,LightGBM,H-step,0.2 < CV ≤ 0.3,9,3.924111843109131,8.270913124084473,0.9042858481407166,21.97356605529785,97.00015258789062
FOODS_3_377__TX,LightGBM,H-step,0.2 < CV ≤ 0.3,9,3.668015241622925,7.8106913566589355,0.913650631904602,8.409123420715332,41.762062072753906
FOODS_3_099__CA,LightGBM,H-step,0.2 < CV ≤ 0.3,9,3.068946123123169,11.633346557617188,0.8992860317230225,5.140451908111572,28.111234664916992
FOODS_3_226__WI,LightGBM,H-step,0.2 < CV ≤ 0.3,9,4.847431182861328,9.610963821411133,0.912747323513031,12.211346626281738,64.34404754638672
FOODS_3_694__CA,LightGBM,H-step,0.2 < CV ≤ 0.3,9,3.259849786758423,7.423944473266602,0.915661633014679,4.385603904724121,22.89148712158203
FOODS_3_555__CA,LightGBM,H-step,0.2 < CV ≤ 0.3,10,3.2557196617126465,8.078534126281738,0.9100651144981384,7.491738796234131,36.70939254760742
FOODS_3_694__WI,LightGBM,H-step,0.2 < CV ≤ 0.3,10,4.418369293212891,10.491618156433105,0.9053969979286194,9.536733627319336,49.41421127319336
FOODS_3_377__CA,LightGBM,H-step,0.2 < CV ≤ 0.3,10,3.6234593391418457,10.372711181640625,0.9300088286399841,2.733690023422241,21.931777954101562
FOODS_3_080__CA,LightGBM,H-step,0.2 < CV ≤ 0.3,10,4.23361873626709,11.193631172180176,0.9257258772850037,4.338409900665283,27.511478424072266
FOODS_3_694__TX,LightGBM,H-step,0.2 < CV ≤ 0.3,10,2.9963631629943848,7.1223835945129395,0.8961399793624878,6.168328762054443,33.510093688964844
FOODS_3_042__WI,LightGBM,H-step,0.2 < CV ≤ 0.3,10,3.124884843826294,8.75039291381836,0.9309929609298706,2.3020730018615723,19.10888671875
FOODS_3_586__CA,LightGBM,H-step,0.2 < CV ≤ 0.3,10,3.7348387241363525,8.976683616638184,0.9174414277076721,14.830618858337402,78.4771728515625
FOODS_3_586__TX,LightGBM,H-step,0.2 < CV ≤ 0.3,10,4.303187847137451,10.91845417022705,0.904651403427124,22.589031219482422,107.41663360595703
FOODS_3_377__TX,LightGBM,H-step,0.2 < CV ≤ 0.3,10,4.326897144317627,10.74319076538086,0.9129205346107483,8.472041130065918,47.43379592895508
FOODS_3_099__CA,LightGBM,H-step,0.2 < CV ≤ 0.3,10,3.431696653366089,14.528632164001465,0.8971293568611145,5.140014171600342,32.026424407958984
FOODS_3_226__WI,LightGBM,H-step,0.2 < CV ≤ 0.3,10,5.436185836791992,12.424198150634766,0.910910427570343,12.327792167663574,74.15866088867188
FOODS_3_694__CA,LightGBM,H-step,0.2 < CV ≤ 0.3,10,3.795541286468506,9.827475547790527,0.9178375601768494,4.299288272857666,26.107030868530273
FOODS_2_181__TX,LightGBM,H-step,0.3 < CV ≤ 0.4,2,0.7653293013572693,0.5406116247177124,0.8980455994606018,4.417351245880127,6.445257663726807
FOODS_3_377__WI,LightGBM,H-step,0.3 < CV ≤ 0.4,2,0.7579949498176575,0.6392061710357666,0.8995426297187805,2.4042320251464844,3.644834280014038
FOODS_3_714__CA,LightGBM,H-step,0.3 < CV ≤ 0.4,2,0.6253898739814758,0.20300891995429993,0.898561418056488,10.073943138122559,7.0876054763793945
FOODS_3_697__CA,LightGBM,H-step,0.3 < CV ≤ 0.4,2,0.5802498459815979,0.32828933000564575,0.906622052192688,3.8716623783111572,4.02980899810791
FOODS_3_080__TX,LightGBM,H-step,0.3 < CV ≤ 0.4,2,0.9807224869728088,0.5772944688796997,0.915325939655304,3.654197931289673,4.817716121673584
FOODS_3_499__CA,LightGBM,H-step,0.3 < CV ≤ 0.4,2,0.6657302379608154,0.4177916347980499,0.8864926695823669,9.020602226257324,9.459868431091309
HOUSEHOLD_1_110__CA,LightGBM,H-step,0.3 < CV ≤ 0.4,2,0.8426563143730164,1.7443606853485107,0.9006345868110657,5.110368728637695,10.600512504577637
FOODS_3_288__CA,LightGBM,H-step,0.3 < CV ≤ 0.4,2,0.7773200273513794,1.6046924591064453,0.8895525932312012,10.55435562133789,20.588706970214844
FOODS_3_252__CA,LightGBM,H-step,0.3 < CV ≤ 0.4,2,0.6858921051025391,0.23140820860862732,0.9246904850006104,12.528691291809082,14.839038848876953
HOUSEHOLD_1_110__TX,LightGBM,H-step,0.3 < CV ≤ 0.4,2,0.8515505194664001,1.6161370277404785,0.8946782350540161,4.438258647918701,9.86501407623291
FOODS_3_228__CA,LightGBM,H-step,0.3 < CV ≤ 0.4,2,0.7545038461685181,0.44377797842025757,0.9296799898147583,2.2458527088165283,4.11719274520874
HOUSEHOLD_1_429__CA,LightGBM,H-step,0.3 < CV ≤ 0.4,2,0.6871881484985352,1.5664217472076416,0.8973008990287781,2.9017069339752197,5.973820686340332
FOODS_3_555__TX,LightGBM,H-step,0.3 < CV ≤ 0.4,2,0.9585877060890198,0.5530465245246887,0.918963611125946,9.594785690307617,12.987388610839844
FOODS_3_252__TX,LightGBM,H-step,0.3 < CV ≤ 0.4,2,0.829490065574646,0.40318143367767334,0.9272868037223816,12.163848876953125,21.381391525268555
FOODS_3_739__CA,LightGBM,H-step,0.3 < CV ≤ 0.4,2,0.7316495180130005,1.4821184873580933,0.8776871562004089,10.474372863769531,17.480302810668945
FOODS_3_477__TX,LightGBM,H-step,0.3 < CV ≤ 0.4,2,0.6565070748329163,0.6216695308685303,0.9179563522338867,1.5233668088912964,3.3377902507781982
FOODS_3_458__CA,LightGBM,H-step,0.3 < CV ≤ 0.4,2,0.7711240649223328,0.5621514916419983,0.8942497372627258,4.384810447692871,4.815693378448486
HOUSEHOLD_1_429__TX,LightGBM,H-step,0.3 < CV ≤ 0.4,2,0.6777028441429138,0.645035982131958,0.8877079486846924,2.443774700164795,2.9848923683166504
FOODS_3_226__TX,LightGBM,H-step,0.3 < CV ≤ 0.4,2,0.6954227685928345,0.45455899834632874,0.902179479598999,5.199658393859863,5.462436676025391
FOODS_2_181__TX,LightGBM,H-step,0.3 < CV ≤ 0.4,3,0.9248462915420532,1.1094688177108765,0.9011833071708679,4.301741600036621,9.354585647583008
FOODS_3_377__WI,LightGBM,H-step,0.3 < CV ≤ 0.4,3,1.0168895721435547,1.2365739345550537,0.9045402407646179,2.268127679824829,5.633216381072998
FOODS_3_714__CA,LightGBM,H-step,0.3 < CV ≤ 0.4,3,0.7831057906150818,0.42396825551986694,0.8975062370300293,10.034713745117188,11.2678804397583
FOODS_3_697__CA,LightGBM,H-step,0.3 < CV ≤ 0.4,3,0.7759134769439697,0.579046368598938,0.9080912470817566,3.7366909980773926,5.46941614151001
FOODS_3_080__TX,LightGBM,H-step,0.3 < CV ≤ 0.4,3,1.288085699081421,1.054038166999817,0.9187491536140442,3.4763591289520264,7.043760776519775
FOODS_3_499__CA,LightGBM,H-step,0.3 < CV ≤ 0.4,3,0.8505765795707703,0.9435397386550903,0.8811421394348145,9.240682601928711,14.993682861328125
HOUSEHOLD_1_110__CA,LightGBM,H-step,0.3 < CV ≤ 0.4,3,1.0340427160263062,3.636431932449341,0.9022332429885864,4.898628234863281,15.582040786743164
FOODS_3_288__CA,LightGBM,H-step,0.3 < CV ≤ 0.4,3,1.000346302986145,3.9111239910125732,0.8810904622077942,10.823981285095215,32.62126922607422
FOODS_3_252__CA,LightGBM,H-step,0.3 < CV ≤ 0.4,3,0.886817455291748,0.49801698327064514,0.9226086735725403,12.708270072937012,23.06217384338379
HOUSEHOLD_1_110__TX,LightGBM,H-step,0.3 < CV ≤ 0.4,3,0.9722984433174133,3.320251226425171,0.9004296064376831,4.270832538604736,14.341776847839355
FOODS_3_228__CA,LightGBM,H-step,0.3 < CV ≤ 0.4,3,0.9693523645401001,0.8079788088798523,0.9300734400749207,2.195448398590088,5.89161491394043
HOUSEHOLD_1_429__CA,LightGBM,H-step,0.3 < CV ≤ 0.4,3,0.9143920540809631,3.231123208999634,0.8932687640190125,2.8877999782562256,8.486871719360352
FOODS_3_555__TX,LightGBM,H-step,0.3 < CV ≤ 0.4,3,1.2537281513214111,1.1059410572052002,0.9233412742614746,9.161005973815918,20.040891647338867
FOODS_3_252__TX,LightGBM,H-step,0.3 < CV ≤ 0.4,3,1.0277063846588135,0.7680067420005798,0.9258254766464233,12.262755393981934,32.478729248046875
FOODS_3_739__CA,LightGBM,H-step,0.3 < CV ≤ 0.4,3,0.960534930229187,3.5116260051727295,0.8652296662330627,11.219152450561523,27.053558349609375
FOODS_3_477__TX,LightGBM,H-step,0.3 < CV ≤ 0.4,3,0.834447979927063,1.2665624618530273,0.9233628511428833,1.4011608362197876,4.982456684112549
FOODS_3_458__CA,LightGBM,H-step,0.3 < CV ≤ 0.4,3,0.928065299987793,0.9691559076309204,0.8952777981758118,4.309558391571045,6.9074225425720215
HOUSEHOLD_1_429__TX,LightGBM,H-step,0.3 < CV ≤ 0.4,3,0.8126814961433411,1.0590541362762451,0.8851445317268372,2.460188627243042,3.757965087890625
FOODS_3_226__TX,LightGBM,H-step,0.3 < CV ≤ 0.4,3,0.9104396104812622,0.9256062507629395,0.902442216873169,5.042774677276611,8.237607955932617
FOODS_2_181__TX,LightGBM,H-step,0.3 < CV ≤ 0.4,4,1.1879446506500244,1.7681934833526611,0.9002928137779236,4.217615127563477,12.230595588684082
FOODS_3_377__WI,LightGBM,H-step,0.3 < CV ≤ 0.4,4,1.2874102592468262,1.9539904594421387,0.9057356119155884,2.1602516174316406,7.408975124359131
FOODS_3_714__CA,LightGBM,H-step,0.3 < CV ≤ 0.4,4,0.8172501921653748,0.726510226726532,0.9023393392562866,9.633795738220215,15.649529457092285
FOODS_3_697__CA,LightGBM,H-step,0.3 < CV ≤ 0.4,4,0.8717043399810791,0.9587453007698059,0.9110627770423889,3.6199867725372314,7.692986011505127
FOODS_3_080__TX,LightGBM,H-step,0.3 < CV ≤ 0.4,4,1.4816985130310059,1.715354561805725,0.920300304889679,3.3917200565338135,9.176162719726562
FOODS_3_499__CA,LightGBM,H-step,0.3 < CV ≤ 0.4,4,0.9656363725662231,1.645341157913208,0.8837848901748657,9.036168098449707,20.65534210205078
HOUSEHOLD_1_110__CA,LightGBM,H-step,0.3 < CV ≤ 0.4,4,1.1939119100570679,5.973822116851807,0.906424343585968,4.5105061531066895,20.567873001098633
FOODS_3_288__CA,LightGBM,H-step,0.3 < CV ≤ 0.4,4,1.053625464439392,7.196627616882324,0.8849430680274963,10.546210289001465,44.19552230834961
FOODS_3_252__CA,LightGBM,H-step,0.3 < CV ≤ 0.4,4,0.9301141500473022,0.8297621011734009,0.924036979675293,12.203506469726562,30.343955993652344
HOUSEHOLD_1_110__TX,LightGBM,H-step,0.3 < CV ≤ 0.4,4,1.121777892112732,5.486136436462402,0.9043920040130615,3.9974794387817383,18.704071044921875
FOODS_3_228__CA,LightGBM,H-step,0.3 < CV ≤ 0.4,4,1.0900449752807617,1.2991375923156738,0.9363079071044922,2.0194005966186523,7.841858386993408
HOUSEHOLD_1_429__CA,LightGBM,H-step,0.3 < CV ≤ 0.4,4,1.1017520427703857,5.124746799468994,0.900310754776001,2.6284382343292236,11.198332786560059
FOODS_3_555__TX,LightGBM,H-step,0.3 < CV ≤ 0.4,4,1.4153069257736206,1.7158674001693726,0.9285176396369934,8.720274925231934,26.143068313598633
FOODS_3_252__TX,LightGBM,H-step,0.3 < CV ≤ 0.4,4,1.119349479675293,1.2083410024642944,0.9257471561431885,12.164668083190918,42.45903778076172
FOODS_3_739__CA,LightGBM,H-step,0.3 < CV ≤ 0.4,4,1.0210195779800415,6.794408798217773,0.8661746382713318,11.307169914245605,37.23910903930664
FOODS_3_477__TX,LightGBM,H-step,0.3 < CV ≤ 0.4,4,1.021768569946289,1.8423689603805542,0.9263474345207214,1.3154754638671875,6.243846416473389
FOODS_3_458__CA,LightGBM,H-step,0.3 < CV ≤ 0.4,4,1.056522250175476,1.4607789516448975,0.8986148238182068,4.1678314208984375,9.083096504211426
HOUSEHOLD_1_429__TX,LightGBM,H-step,0.3 < CV ≤ 0.4,4,0.9780590534210205,1.7219741344451904,0.887815535068512,2.338536024093628,4.896303176879883
FOODS_3_226__TX,LightGBM,H-step,0.3 < CV ≤ 0.4,4,1.0561833381652832,1.4984930753707886,0.9035476446151733,4.9696807861328125,10.952300071716309
FOODS_2_181__TX,LightGBM,H-step,0.3 < CV ≤ 0.4,5,1.3583502769470215,2.762444019317627,0.8996314406394958,4.237207412719727,15.315078735351562
FOODS_3_377__WI,LightGBM,H-step,0.3 < CV ≤ 0.4,5,1.5794265270233154,2.8671061992645264,0.9076110124588013,2.115729570388794,9.419647216796875
FOODS_3_714__CA,LightGBM,H-step,0.3 < CV ≤ 0.4,5,0.888927698135376,1.052850604057312,0.9014930129051208,9.627613067626953,19.182083129882812
FOODS_3_697__CA,LightGBM,H-step,0.3 < CV ≤ 0.4,5,1.0228062868118286,1.352535367012024,0.9096586108207703,3.549349069595337,9.401483535766602
FOODS_3_080__TX,LightGBM,H-step,0.3 < CV ≤ 0.4,5,1.7302775382995605,2.452136754989624,0.9203264713287354,3.450371503829956,11.022658348083496
FOODS_3_499__CA,LightGBM,H-step,0.3 < CV ≤ 0.4,5,1.132264256477356,2.4926929473876953,0.8800832033157349,9.10451602935791,26.383848190307617
HOUSEHOLD_1_110__CA,LightGBM,H-step,0.3 < CV ≤ 0.4,5,1.4601670503616333,8.316368103027344,0.9002718925476074,4.6247663497924805,25.87831687927246
FOODS_3_288__CA,LightGBM,H-step,0.3 < CV ≤ 0.4,5,1.2362159490585327,10.466391563415527,0.8808257579803467,10.695955276489258,54.52568435668945
FOODS_3_252__CA,LightGBM,H-step,0.3 < CV ≤ 0.4,5,1.072210669517517,1.1543291807174683,0.9234222769737244,12.08149528503418,36.58390808105469
HOUSEHOLD_1_110__TX,LightGBM,H-step,0.3 < CV ≤ 0.4,5,1.3444825410842896,7.533047676086426,0.9004586935043335,4.091770172119141,23.187612533569336
FOODS_3_228__CA,LightGBM,H-step,0.3 < CV ≤ 0.4,5,1.2426162958145142,1.9408199787139893,0.9329538941383362,2.028162956237793,10.018196105957031
HOUSEHOLD_1_429__CA,LightGBM,H-step,0.3 < CV ≤ 0.4,5,1.427030324935913,7.404651641845703,0.9005216956138611,2.5161263942718506,13.638671875
FOODS_3_555__TX,LightGBM,H-step,0.3 < CV ≤ 0.4,5,1.5152267217636108,2.4412765502929688,0.9249058365821838,9.192968368530273,33.28694152832031
FOODS_3_252__TX,LightGBM,H-step,0.3 < CV ≤ 0.4,5,1.2437468767166138,1.756921410560608,0.9239665865898132,12.418859481811523,51.30592727661133
FOODS_3_739__CA,LightGBM,H-step,0.3 < CV ≤ 0.4,5,1.2069990634918213,9.713692665100098,0.8568779230117798,11.600961685180664,45.67677688598633
FOODS_3_477__TX,LightGBM,H-step,0.3 < CV ≤ 0.4,5,1.1923787593841553,2.6493406295776367,0.9278597831726074,1.3013063669204712,7.751886367797852
FOODS_3_458__CA,LightGBM,H-step,0.3 < CV ≤ 0.4,5,1.2340753078460693,2.0828678607940674,0.897601842880249,4.161740303039551,10.930322647094727
HOUSEHOLD_1_429__TX,LightGBM,H-step,0.3 < CV ≤ 0.4,5,1.1670770645141602,2.629545211791992,0.8919663429260254,2.2904608249664307,6.455427169799805
FOODS_3_226__TX,LightGBM,H-step,0.3 < CV ≤ 0.4,5,1.3022398948669434,2.2243151664733887,0.8981333374977112,5.143641471862793,13.251618385314941
FOODS_2_181__TX,LightGBM,H-step,0.3 < CV ≤ 0.4,6,1.8757777214050293,3.9730265140533447,0.8917034268379211,4.317196846008301,18.117870330810547
FOODS_3_377__WI,LightGBM,H-step,0.3 < CV ≤ 0.4,6,1.9257253408432007,3.687403678894043,0.9062276482582092,2.1426684856414795,11.045055389404297
FOODS_3_714__CA,LightGBM,H-step,0.3 < CV ≤ 0.4,6,1.2112175226211548,1.5531437397003174,0.8941211700439453,9.869029998779297,24.018096923828125
FOODS_3_697__CA,LightGBM,H-step,0.3 < CV ≤ 0.4,6,1.4903955459594727,1.8126176595687866,0.9032096862792969,3.5080602169036865,10.670330047607422
FOODS_3_080__TX,LightGBM,H-step,0.3 < CV ≤ 0.4,6,2.0083742141723633,3.105250835418701,0.9195891618728638,3.4473841190338135,12.437617301940918
FOODS_3_499__CA,LightGBM,H-step,0.3 < CV ≤ 0.4,6,1.4305826425552368,3.624666929244995,0.8750025629997253,9.086575508117676,31.728710174560547
HOUSEHOLD_1_110__CA,LightGBM,H-step,0.3 < CV ≤ 0.4,6,1.8743667602539062,11.045483589172363,0.8960673213005066,4.781721115112305,30.900150299072266
FOODS_3_288__CA,LightGBM,H-step,0.3 < CV ≤ 0.4,6,1.5199909210205078,14.109297752380371,0.8751455545425415,10.81979751586914,65.22969055175781
FOODS_3_252__CA,LightGBM,H-step,0.3 < CV ≤ 0.4,6,1.4098877906799316,1.7610951662063599,0.9171814918518066,12.805102348327637,46.57506561279297
HOUSEHOLD_1_110__TX,LightGBM,H-step,0.3 < CV ≤ 0.4,6,1.5258318185806274,9.973061561584473,0.8990322947502136,4.193111419677734,27.298608779907227
FOODS_3_228__CA,LightGBM,H-step,0.3 < CV ≤ 0.4,6,1.6090470552444458,2.4305248260498047,0.9347372651100159,1.9741542339324951,11.3280611038208
HOUSEHOLD_1_429__CA,LightGBM,H-step,0.3 < CV ≤ 0.4,6,1.6981751918792725,10.06163501739502,0.9018454551696777,2.5115909576416016,16.052396774291992
FOODS_3_555__TX,LightGBM,H-step,0.3 < CV ≤ 0.4,6,2.0729308128356934,3.226797103881836,0.919990599155426,9.427351951599121,39.34954071044922
FOODS_3_252__TX,LightGBM,H-step,0.3 < CV ≤ 0.4,6,1.6624045372009277,2.501115083694458,0.9168350696563721,12.84687328338623,61.241214752197266
FOODS_3_739__CA,LightGBM,H-step,0.3 < CV ≤ 0.4,6,1.3846368789672852,12.788191795349121,0.8547391891479492,11.91376781463623,53.600616455078125
FOODS_3_477__TX,LightGBM,H-step,0.3 < CV ≤ 0.4,6,1.4943066835403442,3.6288790702819824,0.9256220459938049,1.3109804391860962,9.002187728881836
FOODS_3_458__CA,LightGBM,H-step,0.3 < CV ≤ 0.4,6,1.395765781402588,2.4063196182250977,0.8962612748146057,4.110068321228027,12.321182250976562
HOUSEHOLD_1_429__TX,LightGBM,H-step,0.3 < CV ≤ 0.4,6,1.4528647661209106,3.6261789798736572,0.8866586089134216,2.3280391693115234,7.645769119262695
FOODS_3_226__TX,LightGBM,H-step,0.3 < CV ≤ 0.4,6,1.7914842367172241,2.9752981662750244,0.8910057544708252,5.217169284820557,14.988154411315918
FOODS_2_181__TX,LightGBM,H-step,0.3 < CV ≤ 0.4,7,2.1126201152801514,5.416954040527344,0.8901371955871582,4.425529479980469,21.397058486938477
FOODS_3_377__WI,LightGBM,H-step,0.3 < CV ≤ 0.4,7,2.0586512088775635,4.698832988739014,0.9059399962425232,2.1469013690948486,12.370189666748047
FOODS_3_714__CA,LightGBM,H-step,0.3 < CV ≤ 0.4,7,1.6633368730545044,2.0943984985351562,0.8899096250534058,9.899358749389648,27.798673629760742
FOODS_3_697__CA,LightGBM,H-step,0.3 < CV ≤ 0.4,7,2.0398855209350586,2.549675941467285,0.8993220925331116,3.5506484508514404,12.111865997314453
FOODS_3_080__TX,LightGBM,H-step,0.3 < CV ≤ 0.4,7,2.1941945552825928,3.9629833698272705,0.9188734889030457,3.4352245330810547,13.729652404785156
FOODS_3_499__CA,LightGBM,H-step,0.3 < CV ≤ 0.4,7,1.486397385597229,4.7515363693237305,0.879077672958374,9.389368057250977,37.6287727355957
HOUSEHOLD_1_110__CA,LightGBM,H-step,0.3 < CV ≤ 0.4,7,1.8915367126464844,14.524993896484375,0.9013887047767639,4.755156517028809,34.611976623535156
FOODS_3_288__CA,LightGBM,H-step,0.3 < CV ≤ 0.4,7,1.6839802265167236,18.22626304626465,0.8737298250198364,11.423312187194824,78.47774505615234
FOODS_3_252__CA,LightGBM,H-step,0.3 < CV ≤ 0.4,7,1.8726272583007812,2.322932720184326,0.9129285216331482,12.913277626037598,52.50771713256836
HOUSEHOLD_1_110__TX,LightGBM,H-step,0.3 < CV ≤ 0.4,7,1.6254377365112305,12.896392822265625,0.8961096405982971,4.444911479949951,32.68885040283203
FOODS_3_228__CA,LightGBM,H-step,0.3 < CV ≤ 0.4,7,1.9400554895401,3.332516670227051,0.9339113831520081,2.0434062480926514,13.090003967285156
HOUSEHOLD_1_429__CA,LightGBM,H-step,0.3 < CV ≤ 0.4,7,1.7738029956817627,12.795816421508789,0.9077617526054382,2.558990716934204,18.698509216308594
FOODS_3_555__TX,LightGBM,H-step,0.3 < CV ≤ 0.4,7,2.880856513977051,4.256261825561523,0.9139301180839539,9.745057106018066,45.64950942993164
FOODS_3_252__TX,LightGBM,H-step,0.3 < CV ≤ 0.4,7,2.2234046459198,3.539445161819458,0.91095370054245,13.610065460205078,73.43973541259766
FOODS_3_739__CA,LightGBM,H-step,0.3 < CV ≤ 0.4,7,1.3561854362487793,16.631128311157227,0.856086790561676,12.4730224609375,63.3902702331543
FOODS_3_477__TX,LightGBM,H-step,0.3 < CV ≤ 0.4,7,1.7251042127609253,4.317569255828857,0.9233028888702393,1.3095922470092773,9.993622779846191
FOODS_3_458__CA,LightGBM,H-step,0.3 < CV ≤ 0.4,7,1.8024559020996094,2.956338405609131,0.892993688583374,4.085557460784912,13.241861343383789
HOUSEHOLD_1_429__TX,LightGBM,H-step,0.3 < CV ≤ 0.4,7,1.53988516330719,4.904031753540039,0.8892834186553955,2.3944649696350098,9.344058990478516
FOODS_3_226__TX,LightGBM,H-step,0.3 < CV ≤ 0.4,7,2.15450382232666,3.571260452270508,0.8869469165802002,5.345449447631836,16.70859718322754
FOODS_2_181__TX,LightGBM,H-step,0.3 < CV ≤ 0.4,8,2.4428834915161133,7.1470255851745605,0.8881306052207947,4.455686092376709,24.572643280029297
FOODS_3_377__WI,LightGBM,H-step,0.3 < CV ≤ 0.4,8,2.5946290493011475,5.632050514221191,0.9010800719261169,2.1819510459899902,13.851988792419434
FOODS_3_714__CA,LightGBM,H-step,0.3 < CV ≤ 0.4,8,1.8304237127304077,2.7798900604248047,0.8884531259536743,10.144795417785645,32.13639831542969
FOODS_3_697__CA,LightGBM,H-step,0.3 < CV ≤ 0.4,8,2.20719575881958,3.6394174098968506,0.9017437696456909,3.579300880432129,13.447864532470703
FOODS_3_080__TX,LightGBM,H-step,0.3 < CV ≤ 0.4,8,2.8866775035858154,5.121838569641113,0.9166420102119446,3.4715261459350586,15.656790733337402
FOODS_3_499__CA,LightGBM,H-step,0.3 < CV ≤ 0.4,8,1.5592318773269653,6.113697528839111,0.8764945268630981,9.753822326660156,44.78498458862305
HOUSEHOLD_1_110__CA,LightGBM,H-step,0.3 < CV ≤ 0.4,8,2.0352320671081543,18.18502426147461,0.899951159954071,4.877416610717773,39.37129592895508
FOODS_3_288__CA,LightGBM,H-step,0.3 < CV ≤ 0.4,8,1.7387763261795044,22.517135620117188,0.8685693144798279,11.582191467285156,87.63772583007812
FOODS_3_252__CA,LightGBM,H-step,0.3 < CV ≤ 0.4,8,2.0008602142333984,3.2152040004730225,0.9161992073059082,13.237537384033203,61.786964416503906
HOUSEHOLD_1_110__TX,LightGBM,H-step,0.3 < CV ≤ 0.4,8,1.8577500581741333,15.537964820861816,0.8922611474990845,4.463633060455322,36.519989013671875
FOODS_3_228__CA,LightGBM,H-step,0.3 < CV ≤ 0.4,8,2.250582218170166,4.6849870681762695,0.9340139627456665,2.006044626235962,14.50316333770752
HOUSEHOLD_1_429__CA,LightGBM,H-step,0.3 < CV ≤ 0.4,8,1.8576031923294067,15.694310188293457,0.9088876247406006,2.496044158935547,21.110549926757812
FOODS_3_555__TX,LightGBM,H-step,0.3 < CV ≤ 0.4,8,3.5534303188323975,6.351263046264648,0.9098537564277649,10.136373519897461,54.323246002197266
FOODS_3_252__TX,LightGBM,H-step,0.3 < CV ≤ 0.4,8,2.5745255947113037,4.945415019989014,0.9076889157295227,13.678494453430176,81.85369873046875
FOODS_3_739__CA,LightGBM,H-step,0.3 < CV ≤ 0.4,8,1.6261743307113647,20.3349666595459,0.8462896347045898,12.481781959533691,70.99553680419922
FOODS_3_477__TX,LightGBM,H-step,0.3 < CV ≤ 0.4,8,2.1677587032318115,5.038425445556641,0.9197381734848022,1.321964144706726,10.83480453491211
FOODS_3_458__CA,LightGBM,H-step,0.3 < CV ≤ 0.4,8,2.1763570308685303,3.931605339050293,0.8896917700767517,4.234732151031494,15.369921684265137
HOUSEHOLD_1_429__TX,LightGBM,H-step,0.3 < CV ≤ 0.4,8,1.7785214185714722,6.345424175262451,0.8869734406471252,2.3536715507507324,10.602696418762207
FOODS_3_226__TX,LightGBM,H-step,0.3 < CV ≤ 0.4,8,2.420154333114624,4.249309539794922,0.8863677382469177,5.548260688781738,18.90271759033203
FOODS_2_181__TX,LightGBM,H-step,0.3 < CV ≤ 0.4,9,2.5361456871032715,8.36877727508545,0.8930203914642334,4.457066059112549,27.597986221313477
FOODS_3_377__WI,LightGBM,H-step,0.3 < CV ≤ 0.4,9,3.042001247406006,7.485417366027832,0.9019473791122437,2.132539749145508,15.645727157592773
FOODS_3_714__CA,LightGBM,H-step,0.3 < CV ≤ 0.4,9,1.8931902647018433,3.8194472789764404,0.8866921067237854,10.206772804260254,36.40312957763672
FOODS_3_697__CA,LightGBM,H-step,0.3 < CV ≤ 0.4,9,2.3536131381988525,4.5817461013793945,0.9024972319602966,3.579850435256958,14.826292037963867
FOODS_3_080__TX,LightGBM,H-step,0.3 < CV ≤ 0.4,9,3.5946905612945557,7.412280559539795,0.9165993928909302,3.4513015747070312,17.9970703125
FOODS_3_499__CA,LightGBM,H-step,0.3 < CV ≤ 0.4,9,1.7904751300811768,8.342733383178711,0.8680430054664612,10.026556015014648,53.08140563964844
HOUSEHOLD_1_110__CA,LightGBM,H-step,0.3 < CV ≤ 0.4,9,2.2832484245300293,21.238128662109375,0.9000297784805298,4.852342128753662,43.636775970458984
FOODS_3_288__CA,LightGBM,H-step,0.3 < CV ≤ 0.4,9,1.8964064121246338,28.09041976928711,0.8678549528121948,11.488195419311523,96.83517456054688
FOODS_3_252__CA,LightGBM,H-step,0.3 < CV ≤ 0.4,9,2.24695086479187,4.530298233032227,0.9144789576530457,13.402437210083008,70.2922134399414
HOUSEHOLD_1_110__TX,LightGBM,H-step,0.3 < CV ≤ 0.4,9,2.052518129348755,18.484262466430664,0.8865513801574707,4.5440521240234375,40.73118209838867
FOODS_3_228__CA,LightGBM,H-step,0.3 < CV ≤ 0.4,9,2.644763946533203,6.636473655700684,0.9353781342506409,1.9420702457427979,16.393329620361328
HOUSEHOLD_1_429__CA,LightGBM,H-step,0.3 < CV ≤ 0.4,9,2.1623623371124268,19.856605529785156,0.9025945067405701,2.485520839691162,24.74552345275879
FOODS_3_555__TX,LightGBM,H-step,0.3 < CV ≤ 0.4,9,3.9814157485961914,8.25251579284668,0.9075222611427307,10.245705604553223,60.49505615234375
FOODS_3_252__TX,LightGBM,H-step,0.3 < CV ≤ 0.4,9,2.944704532623291,6.020228862762451,0.910442054271698,13.786550521850586,90.30571746826172
FOODS_3_739__CA,LightGBM,H-step,0.3 < CV ≤ 0.4,9,1.7805429697036743,24.716506958007812,0.8438693881034851,12.528326988220215,79.16064453125
FOODS_3_477__TX,LightGBM,H-step,0.3 < CV ≤ 0.4,9,2.4857795238494873,6.121887683868408,0.9167943596839905,1.3757967948913574,12.188593864440918
FOODS_3_458__CA,LightGBM,H-step,0.3 < CV ≤ 0.4,9,2.4005980491638184,5.27876615524292,0.8868416547775269,4.373538970947266,18.31496238708496
HOUSEHOLD_1_429__TX,LightGBM,H-step,0.3 < CV ≤ 0.4,9,2.054877758026123,8.17530632019043,0.8834514617919922,2.3207178115844727,12.111298561096191
FOODS_3_226__TX,LightGBM,H-step,0.3 < CV ≤ 0.4,9,2.8140318393707275,5.3556318283081055,0.8827953338623047,5.622490406036377,20.713212966918945
FOODS_2_181__TX,LightGBM,H-step,0.3 < CV ≤ 0.4,10,2.790825128555298,10.58492374420166,0.8933904767036438,4.43025541305542,30.946636199951172
FOODS_3_377__WI,LightGBM,H-step,0.3 < CV ≤ 0.4,10,3.3956563472747803,9.579029083251953,0.9058617353439331,1.9987066984176636,17.7783145904541
FOODS_3_714__CA,LightGBM,H-step,0.3 < CV ≤ 0.4,10,2.0983262062072754,4.93339204788208,0.8865694403648376,10.118631362915039,41.22108459472656
FOODS_3_697__CA,LightGBM,H-step,0.3 < CV ≤ 0.4,10,2.493741512298584,5.8455705642700195,0.90543532371521,3.533453941345215,17.206714630126953
FOODS_3_080__TX,LightGBM,H-step,0.3 < CV ≤ 0.4,10,4.311707496643066,10.276785850524902,0.9172908663749695,3.501450777053833,21.248994827270508
FOODS_3_499__CA,LightGBM,H-step,0.3 < CV ≤ 0.4,10,2.113173484802246,11.37125015258789,0.8612660765647888,10.177724838256836,62.8184700012207
HOUSEHOLD_1_110__CA,LightGBM,H-step,0.3 < CV ≤ 0.4,10,2.5594890117645264,24.528152465820312,0.8995851278305054,4.7404866218566895,49.232669830322266
FOODS_3_288__CA,LightGBM,H-step,0.3 < CV ≤ 0.4,10,2.087528944015503,35.965003967285156,0.8665331602096558,11.560044288635254,109.7968521118164
FOODS_3_252__CA,LightGBM,H-step,0.3 < CV ≤ 0.4,10,2.6281771659851074,5.773530960083008,0.9140160083770752,13.21856689453125,76.84148406982422
HOUSEHOLD_1_110__TX,LightGBM,H-step,0.3 < CV ≤ 0.4,10,2.2211568355560303,21.972740173339844,0.885875940322876,4.447150707244873,45.252708435058594
FOODS_3_228__CA,LightGBM,H-step,0.3 < CV ≤ 0.4,10,3.0482962131500244,8.491897583007812,0.9356033802032471,1.9325062036514282,19.072250366210938
HOUSEHOLD_1_429__CA,LightGBM,H-step,0.3 < CV ≤ 0.4,10,2.5279548168182373,23.940494537353516,0.9058663845062256,2.355912923812866,27.750883102416992
FOODS_3_555__TX,LightGBM,H-step,0.3 < CV ≤ 0.4,10,4.402288436889648,10.276945114135742,0.9086012840270996,10.238876342773438,68.94032287597656
FOODS_3_252__TX,LightGBM,H-step,0.3 < CV ≤ 0.4,10,3.2799482345581055,7.570792198181152,0.9084579944610596,13.811872482299805,101.02375793457031
FOODS_3_739__CA,LightGBM,H-step,0.3 < CV ≤ 0.4,10,2.030010938644409,32.09461212158203,0.8417395353317261,12.637022018432617,91.17057037353516
FOODS_3_477__TX,LightGBM,H-step,0.3 < CV ≤ 0.4,10,2.8548290729522705,8.0814847946167,0.9144106507301331,1.3819159269332886,14.214527130126953
FOODS_3_458__CA,LightGBM,H-step,0.3 < CV ≤ 0.4,10,2.64656662940979,7.425719738006592,0.8861939907073975,4.430167198181152,21.827617645263672
HOUSEHOLD_1_429__TX,LightGBM,H-step,0.3 < CV ≤ 0.4,10,2.3381435871124268,10.266449928283691,0.8877650499343872,2.271700620651245,14.150989532470703
FOODS_3_226__TX,LightGBM,H-step,0.3 < CV ≤ 0.4,10,3.1251230239868164,6.9424214363098145,0.880778431892395,5.719166278839111,23.848833084106445
HOUSEHOLD_1_351__CA,LightGBM,H-step,0.4 < CV ≤ 0.6,2,0.6706486940383911,0.6674816012382507,0.8978275656700134,3.655305862426758,6.526937961578369
FOODS_2_326__TX,LightGBM,H-step,0.4 < CV ≤ 0.6,2,0.6109831929206848,0.45744264125823975,0.8767013549804688,4.298076152801514,5.628338813781738
FOODS_3_652__WI,LightGBM,H-step,0.4 < CV ≤ 0.6,2,0.5722108483314514,0.58867347240448,0.8553966879844666,2.3383266925811768,2.5743982791900635
FOODS_3_469__CA,LightGBM,H-step,0.4 < CV ≤ 0.6,2,0.6643854975700378,1.6795932054519653,0.8888715505599976,2.0966532230377197,4.370875835418701
FOODS_3_282__CA,LightGBM,H-step,0.4 < CV ≤ 0.6,2,0.5526533126831055,0.5013449788093567,0.8990195989608765,11.959935188293457,16.968801498413086
HOUSEHOLD_1_517__TX,LightGBM,H-step,0.4 < CV ≤ 0.6,2,0.5394628643989563,0.6832101345062256,0.8755069971084595,2.9495110511779785,4.2604660987854
FOODS_3_804__CA,LightGBM,H-step,0.4 < CV ≤ 0.6,2,0.6598767638206482,0.3796335458755493,0.8557924628257751,7.049139022827148,7.601456165313721
FOODS_3_503__CA,LightGBM,H-step,0.4 < CV ≤ 0.6,2,0.6555470824241638,0.8728168606758118,0.8860166072845459,2.759965419769287,4.588988304138184
FOODS_2_016__WI,LightGBM,H-step,0.4 < CV ≤ 0.6,2,0.6175927519798279,0.5514183044433594,0.8527641296386719,4.123452663421631,5.250283718109131
HOUSEHOLD_1_459__CA,LightGBM,H-step,0.4 < CV ≤ 0.6,2,0.608469545841217,0.48435109853744507,0.87632817029953,6.200729846954346,7.091099739074707
HOUSEHOLD_1_459__WI,LightGBM,H-step,0.4 < CV ≤ 0.6,2,0.6120021939277649,0.6640406847000122,0.8476311564445496,8.467039108276367,8.564729690551758
FOODS_3_252__WI,LightGBM,H-step,0.4 < CV ≤ 0.6,2,0.5288507342338562,0.30919432640075684,0.8945133686065674,4.82944393157959,5.7683491706848145
FOODS_3_372__WI,LightGBM,H-step,0.4 < CV ≤ 0.6,2,0.6701899170875549,0.6171260476112366,0.8639028072357178,1.625150203704834,2.465515375137329
HOUSEHOLD_1_334__TX,LightGBM,H-step,0.4 < CV ≤ 0.6,2,0.5277662873268127,0.3303414583206177,0.8729802966117859,6.1801838874816895,5.430881977081299
HOUSEHOLD_1_118__CA,LightGBM,H-step,0.4 < CV ≤ 0.6,2,0.38849517703056335,0.4831404387950897,0.8710000514984131,6.514768600463867,6.752424716949463
HOUSEHOLD_1_306__WI,LightGBM,H-step,0.4 < CV ≤ 0.6,2,0.44131287932395935,0.7458285093307495,0.8431392312049866,2.5327441692352295,2.701953411102295
HOUSEHOLD_1_319__CA,LightGBM,H-step,0.4 < CV ≤ 0.6,2,0.636335015296936,0.5800285935401917,0.8727265000343323,1.5903053283691406,2.2888970375061035
FOODS_3_389__WI,LightGBM,H-step,0.4 < CV ≤ 0.6,2,0.6207111477851868,0.47601941227912903,0.8903125524520874,2.7918121814727783,3.4518256187438965
HOUSEHOLD_1_465__CA,LightGBM,H-step,0.4 < CV ≤ 0.6,2,0.5020378232002258,0.5332815647125244,0.8593505024909973,7.009279251098633,7.265662670135498
HOUSEHOLD_1_351__CA,LightGBM,H-step,0.4 < CV ≤ 0.6,3,0.876484215259552,1.16633939743042,0.8992075324058533,3.491408586502075,9.119145393371582
FOODS_2_326__TX,LightGBM,H-step,0.4 < CV ≤ 0.6,3,0.8092526197433472,0.7858107089996338,0.8717135787010193,4.293824195861816,7.579622745513916
FOODS_3_652__WI,LightGBM,H-step,0.4 < CV ≤ 0.6,3,0.9065324664115906,1.0559453964233398,0.8395506143569946,2.410538911819458,3.6721928119659424
FOODS_3_469__CA,LightGBM,H-step,0.4 < CV ≤ 0.6,3,0.8086971640586853,2.9680869579315186,0.8910182118415833,2.0131521224975586,5.786386966705322
FOODS_3_282__CA,LightGBM,H-step,0.4 < CV ≤ 0.6,3,0.8586699962615967,1.1745970249176025,0.8921670913696289,12.394879341125488,27.063941955566406
HOUSEHOLD_1_517__TX,LightGBM,H-step,0.4 < CV ≤ 0.6,3,0.8093796372413635,1.2324507236480713,0.8793532252311707,2.713130474090576,5.875284194946289
FOODS_3_804__CA,LightGBM,H-step,0.4 < CV ≤ 0.6,3,0.8730799555778503,0.7315027117729187,0.8605243563652039,6.60759162902832,11.032434463500977
FOODS_3_503__CA,LightGBM,H-step,0.4 < CV ≤ 0.6,3,0.8452146053314209,1.800763487815857,0.8837721943855286,2.760906457901001,6.6081223487854
FOODS_2_016__WI,LightGBM,H-step,0.4 < CV ≤ 0.6,3,1.0524342060089111,0.9347586035728455,0.8381156921386719,4.093567848205566,6.783803939819336
HOUSEHOLD_1_459__CA,LightGBM,H-step,0.4 < CV ≤ 0.6,3,0.8334835171699524,0.9230456948280334,0.8762359023094177,6.056919574737549,10.609108924865723
HOUSEHOLD_1_459__WI,LightGBM,H-step,0.4 < CV ≤ 0.6,3,0.7909389138221741,1.1770422458648682,0.8499886393547058,8.346535682678223,12.585867881774902
FOODS_3_252__WI,LightGBM,H-step,0.4 < CV ≤ 0.6,3,0.6521314978599548,0.6189393401145935,0.9017663598060608,4.531185626983643,8.771411895751953
FOODS_3_372__WI,LightGBM,H-step,0.4 < CV ≤ 0.6,3,0.9473051428794861,0.9872951507568359,0.8723497986793518,1.477684497833252,3.5044167041778564
HOUSEHOLD_1_334__TX,LightGBM,H-step,0.4 < CV ≤ 0.6,3,0.7039257884025574,0.5910078883171082,0.8751696348190308,6.115926742553711,7.910528182983398
HOUSEHOLD_1_118__CA,LightGBM,H-step,0.4 < CV ≤ 0.6,3,0.6190478205680847,1.0345460176467896,0.8724830150604248,6.170561790466309,9.88798999786377
HOUSEHOLD_1_306__WI,LightGBM,H-step,0.4 < CV ≤ 0.6,3,0.5957157015800476,1.6659082174301147,0.8376273512840271,2.4995064735412598,3.8461663722991943
HOUSEHOLD_1_319__CA,LightGBM,H-step,0.4 < CV ≤ 0.6,3,0.7339516878128052,0.9726576805114746,0.8725590705871582,1.569339394569397,3.1198267936706543
FOODS_3_389__WI,LightGBM,H-step,0.4 < CV ≤ 0.6,3,0.7938999533653259,0.9096889495849609,0.9029964208602905,2.4924728870391846,5.296524524688721
HOUSEHOLD_1_465__CA,LightGBM,H-step,0.4 < CV ≤ 0.6,3,0.6705134510993958,1.0750007629394531,0.8547273278236389,6.918745994567871,11.034899711608887
HOUSEHOLD_1_351__CA,LightGBM,H-step,0.4 < CV ≤ 0.6,4,1.0728991031646729,1.7979967594146729,0.9047544002532959,3.2839040756225586,12.32029914855957
FOODS_2_326__TX,LightGBM,H-step,0.4 < CV ≤ 0.6,4,1.0395128726959229,1.1974750757217407,0.8779284358024597,4.024190425872803,10.052985191345215
FOODS_3_652__WI,LightGBM,H-step,0.4 < CV ≤ 0.6,4,1.1402336359024048,1.572534441947937,0.837465226650238,2.3521533012390137,4.443393230438232
FOODS_3_469__CA,LightGBM,H-step,0.4 < CV ≤ 0.6,4,0.9843561053276062,4.746252059936523,0.8929246664047241,1.9668608903884888,7.747798919677734
FOODS_3_282__CA,LightGBM,H-step,0.4 < CV ≤ 0.6,4,0.9256218075752258,2.207789659500122,0.8938760757446289,12.081708908081055,38.213382720947266
HOUSEHOLD_1_517__TX,LightGBM,H-step,0.4 < CV ≤ 0.6,4,0.8996782898902893,1.9316587448120117,0.8888573050498962,2.5495831966400146,7.981882095336914
FOODS_3_804__CA,LightGBM,H-step,0.4 < CV ≤ 0.6,4,0.9562991261482239,1.1578686237335205,0.8671849966049194,6.279921531677246,14.430935859680176
FOODS_3_503__CA,LightGBM,H-step,0.4 < CV ≤ 0.6,4,1.0344191789627075,2.960461378097534,0.8896610736846924,2.5688693523406982,8.511527061462402
FOODS_2_016__WI,LightGBM,H-step,0.4 < CV ≤ 0.6,4,0.9840081334114075,1.4454069137573242,0.8571295142173767,3.9074764251708984,9.196167945861816
HOUSEHOLD_1_459__CA,LightGBM,H-step,0.4 < CV ≤ 0.6,4,0.9885145425796509,1.4806461334228516,0.8785072565078735,5.7796173095703125,13.824684143066406
HOUSEHOLD_1_459__WI,LightGBM,H-step,0.4 < CV ≤ 0.6,4,0.9070574641227722,1.7618458271026611,0.8494670987129211,8.304571151733398,16.33844566345215
FOODS_3_252__WI,LightGBM,H-step,0.4 < CV ≤ 0.6,4,0.6672654151916504,0.9070868492126465,0.9045976400375366,4.449313640594482,11.487327575683594
FOODS_3_372__WI,LightGBM,H-step,0.4 < CV ≤ 0.6,4,1.1133506298065186,1.4655475616455078,0.8697695136070251,1.430942177772522,4.379188537597656
HOUSEHOLD_1_334__TX,LightGBM,H-step,0.4 < CV ≤ 0.6,4,0.8113574981689453,0.9725275039672852,0.8763900995254517,5.985130786895752,10.398857116699219
HOUSEHOLD_1_118__CA,LightGBM,H-step,0.4 < CV ≤ 0.6,4,0.7032365798950195,1.6821624040603638,0.8727512359619141,6.01970100402832,13.290224075317383
HOUSEHOLD_1_306__WI,LightGBM,H-step,0.4 < CV ≤ 0.6,4,0.7484018206596375,3.040653944015503,0.8402076363563538,2.3759992122650146,5.156386375427246
HOUSEHOLD_1_319__CA,LightGBM,H-step,0.4 < CV ≤ 0.6,4,0.8838536143302917,1.3764127492904663,0.8755187392234802,1.4350332021713257,3.8700308799743652
FOODS_3_389__WI,LightGBM,H-step,0.4 < CV ≤ 0.6,4,0.9064565896987915,1.4812841415405273,0.902685821056366,2.4463086128234863,6.9495697021484375
HOUSEHOLD_1_465__CA,LightGBM,H-step,0.4 < CV ≤ 0.6,4,0.8599703311920166,1.7188304662704468,0.8582097291946411,6.698050022125244,14.601073265075684
HOUSEHOLD_1_351__CA,LightGBM,H-step,0.4 < CV ≤ 0.6,5,1.2488932609558105,2.675079107284546,0.9062349796295166,3.1431729793548584,14.91651439666748
FOODS_2_326__TX,LightGBM,H-step,0.4 < CV ≤ 0.6,5,1.1971989870071411,1.8296574354171753,0.8804494142532349,4.000924587249756,12.8939208984375
FOODS_3_652__WI,LightGBM,H-step,0.4 < CV ≤ 0.6,5,1.4091764688491821,2.3545875549316406,0.8376493453979492,2.3801345825195312,5.630707740783691
FOODS_3_469__CA,LightGBM,H-step,0.4 < CV ≤ 0.6,5,1.1768757104873657,6.726737976074219,0.8882153630256653,1.9740052223205566,9.477712631225586
FOODS_3_282__CA,LightGBM,H-step,0.4 < CV ≤ 0.6,5,1.1389696598052979,3.148108720779419,0.8897838592529297,12.109460830688477,48.25196838378906
HOUSEHOLD_1_517__TX,LightGBM,H-step,0.4 < CV ≤ 0.6,5,1.0952770709991455,2.681753396987915,0.8884279727935791,2.4401180744171143,9.580477714538574
FOODS_3_804__CA,LightGBM,H-step,0.4 < CV ≤ 0.6,5,1.0530993938446045,1.6812644004821777,0.8628884553909302,6.273256301879883,17.51359748840332
FOODS_3_503__CA,LightGBM,H-step,0.4 < CV ≤ 0.6,5,1.3602980375289917,4.139993667602539,0.8893188238143921,2.548462152481079,10.576623916625977
FOODS_2_016__WI,LightGBM,H-step,0.4 < CV ≤ 0.6,5,1.1586027145385742,2.107936382293701,0.8621675968170166,3.7855141162872314,11.698139190673828
HOUSEHOLD_1_459__CA,LightGBM,H-step,0.4 < CV ≤ 0.6,5,1.1832469701766968,2.099393606185913,0.8768858909606934,5.850947856903076,17.06816864013672
HOUSEHOLD_1_459__WI,LightGBM,H-step,0.4 < CV ≤ 0.6,5,1.0545930862426758,2.2130844593048096,0.8471696376800537,8.369659423828125,19.181554794311523
FOODS_3_252__WI,LightGBM,H-step,0.4 < CV ≤ 0.6,5,0.807399570941925,1.2111254930496216,0.8979376554489136,4.517770767211914,13.74424934387207
FOODS_3_372__WI,LightGBM,H-step,0.4 < CV ≤ 0.6,5,1.357009768486023,1.9701728820800781,0.8729276657104492,1.4433091878890991,5.268102645874023
HOUSEHOLD_1_334__TX,LightGBM,H-step,0.4 < CV ≤ 0.6,5,0.9100679755210876,1.5185902118682861,0.8736489415168762,6.135082721710205,13.29399585723877
HOUSEHOLD_1_118__CA,LightGBM,H-step,0.4 < CV ≤ 0.6,5,0.9606558084487915,2.495692253112793,0.8681425452232361,5.964061260223389,15.756220817565918
HOUSEHOLD_1_306__WI,LightGBM,H-step,0.4 < CV ≤ 0.6,5,0.9457652568817139,4.9156174659729,0.8339592814445496,2.405475616455078,6.608490943908691
HOUSEHOLD_1_319__CA,LightGBM,H-step,0.4 < CV ≤ 0.6,5,1.2204052209854126,1.8677045106887817,0.8714306354522705,1.4210669994354248,4.581032752990723
FOODS_3_389__WI,LightGBM,H-step,0.4 < CV ≤ 0.6,5,1.0429404973983765,2.0097668170928955,0.9028506875038147,2.3960347175598145,8.37934398651123
HOUSEHOLD_1_465__CA,LightGBM,H-step,0.4 < CV ≤ 0.6,5,1.0151947736740112,2.38454008102417,0.8543893694877625,6.666409015655518,17.701507568359375
HOUSEHOLD_1_351__CA,LightGBM,H-step,0.4 < CV ≤ 0.6,6,1.4984689950942993,4.064831256866455,0.9044183492660522,3.2376291751861572,18.380718231201172
FOODS_2_326__TX,LightGBM,H-step,0.4 < CV ≤ 0.6,6,1.5276002883911133,2.3819990158081055,0.8798299431800842,3.8752634525299072,14.811386108398438
FOODS_3_652__WI,LightGBM,H-step,0.4 < CV ≤ 0.6,6,1.8179725408554077,2.6920785903930664,0.8320457339286804,2.3811886310577393,6.27079963684082
FOODS_3_469__CA,LightGBM,H-step,0.4 < CV ≤ 0.6,6,1.4644620418548584,9.03030776977539,0.8833016157150269,1.9231877326965332,10.537198066711426
FOODS_3_282__CA,LightGBM,H-step,0.4 < CV ≤ 0.6,6,1.520861029624939,4.220157146453857,0.8849174380302429,12.1857271194458,57.2292594909668
HOUSEHOLD_1_517__TX,LightGBM,H-step,0.4 < CV ≤ 0.6,6,1.3198455572128296,3.683073043823242,0.8892519474029541,2.4137685298919678,10.978614807128906
FOODS_3_804__CA,LightGBM,H-step,0.4 < CV ≤ 0.6,6,1.0926411151885986,2.0135695934295654,0.8637203574180603,6.239529609680176,19.617101669311523
FOODS_3_503__CA,LightGBM,H-step,0.4 < CV ≤ 0.6,6,1.7761433124542236,5.7156829833984375,0.8831576704978943,2.5643553733825684,12.395524024963379
FOODS_2_016__WI,LightGBM,H-step,0.4 < CV ≤ 0.6,6,1.535875678062439,3.15899658203125,0.8542640805244446,3.760267972946167,14.417211532592773
HOUSEHOLD_1_459__CA,LightGBM,H-step,0.4 < CV ≤ 0.6,6,1.4143162965774536,2.828476905822754,0.8770583271980286,5.920474529266357,20.051633834838867
HOUSEHOLD_1_459__WI,LightGBM,H-step,0.4 < CV ≤ 0.6,6,1.1318951845169067,3.1061830520629883,0.8402793407440186,8.736066818237305,22.922225952148438
FOODS_3_252__WI,LightGBM,H-step,0.4 < CV ≤ 0.6,6,1.073194980621338,1.509536862373352,0.8917005658149719,4.480626106262207,15.098226547241211
FOODS_3_372__WI,LightGBM,H-step,0.4 < CV ≤ 0.6,6,1.7229533195495605,2.1904995441436768,0.8617864847183228,1.4293146133422852,5.826577186584473
HOUSEHOLD_1_334__TX,LightGBM,H-step,0.4 < CV ≤ 0.6,6,1.0921382904052734,2.0310184955596924,0.8702495694160461,6.244282245635986,15.620223999023438
HOUSEHOLD_1_118__CA,LightGBM,H-step,0.4 < CV ≤ 0.6,6,1.2541028261184692,3.252195119857788,0.8629846572875977,5.94393253326416,17.52592658996582
HOUSEHOLD_1_306__WI,LightGBM,H-step,0.4 < CV ≤ 0.6,6,1.135825753211975,7.670585632324219,0.8227482438087463,2.4433603286743164,7.668632507324219
HOUSEHOLD_1_319__CA,LightGBM,H-step,0.4 < CV ≤ 0.6,6,1.4742388725280762,2.308216094970703,0.869421124458313,1.4168905019760132,5.24784517288208
FOODS_3_389__WI,LightGBM,H-step,0.4 < CV ≤ 0.6,6,1.3588675260543823,2.7279815673828125,0.89708411693573,2.449970245361328,9.671143531799316
HOUSEHOLD_1_465__CA,LightGBM,H-step,0.4 < CV ≤ 0.6,6,1.2355402708053589,2.9069809913635254,0.8500915765762329,6.578934192657471,19.26986312866211
HOUSEHOLD_1_351__CA,LightGBM,H-step,0.4 < CV ≤ 0.6,7,1.8134472370147705,5.498342514038086,0.9039627909660339,3.1139943599700928,21.10872459411621
FOODS_2_326__TX,LightGBM,H-step,0.4 < CV ≤ 0.6,7,1.7120168209075928,2.9332308769226074,0.8812153935432434,3.8555502891540527,16.86907196044922
FOODS_3_652__WI,LightGBM,H-step,0.4 < CV ≤ 0.6,7,1.794267177581787,4.266519546508789,0.8299160599708557,2.5069477558135986,7.824336528778076
FOODS_3_469__CA,LightGBM,H-step,0.4 < CV ≤ 0.6,7,1.6639108657836914,12.255363464355469,0.8859971761703491,1.9445825815200806,12.389674186706543
FOODS_3_282__CA,LightGBM,H-step,0.4 < CV ≤ 0.6,7,1.7746039628982544,5.352035045623779,0.8816762566566467,12.963790893554688,68.07823181152344
HOUSEHOLD_1_517__TX,LightGBM,H-step,0.4 < CV ≤ 0.6,7,1.581938624382019,5.069888591766357,0.8885385990142822,2.4627668857574463,13.288288116455078
FOODS_3_804__CA,LightGBM,H-step,0.4 < CV ≤ 0.6,7,1.2574000358581543,2.5826609134674072,0.8524666428565979,6.341498374938965,21.96414566040039
FOODS_3_503__CA,LightGBM,H-step,0.4 < CV ≤ 0.6,7,1.993606686592102,6.376694679260254,0.8900273442268372,2.5233280658721924,13.89358139038086
FOODS_2_016__WI,LightGBM,H-step,0.4 < CV ≤ 0.6,7,1.60481595993042,4.24428129196167,0.8590461015701294,3.6665220260620117,16.261491775512695
HOUSEHOLD_1_459__CA,LightGBM,H-step,0.4 < CV ≤ 0.6,7,1.5777177810668945,4.012391090393066,0.8749541640281677,6.152957916259766,24.423694610595703
HOUSEHOLD_1_459__WI,LightGBM,H-step,0.4 < CV ≤ 0.6,7,1.343748688697815,4.1854448318481445,0.8271077871322632,8.64610481262207,24.10673713684082
FOODS_3_252__WI,LightGBM,H-step,0.4 < CV ≤ 0.6,7,1.327239990234375,1.7576950788497925,0.8880162239074707,4.566547393798828,16.686100006103516
FOODS_3_372__WI,LightGBM,H-step,0.4 < CV ≤ 0.6,7,1.876847743988037,2.589785575866699,0.8597858548164368,1.412119746208191,6.395544528961182
HOUSEHOLD_1_334__TX,LightGBM,H-step,0.4 < CV ≤ 0.6,7,1.190891146659851,2.672619104385376,0.8670386075973511,6.382403373718262,17.924991607666016
HOUSEHOLD_1_118__CA,LightGBM,H-step,0.4 < CV ≤ 0.6,7,1.282226800918579,3.5631699562072754,0.8719397783279419,5.947732448577881,18.53395652770996
HOUSEHOLD_1_306__WI,LightGBM,H-step,0.4 < CV ≤ 0.6,7,1.3208353519439697,9.822632789611816,0.8224954009056091,2.4265975952148438,8.331525802612305
HOUSEHOLD_1_319__CA,LightGBM,H-step,0.4 < CV ≤ 0.6,7,1.6366196870803833,3.1412527561187744,0.8699051737785339,1.4544122219085693,6.245066165924072
FOODS_3_389__WI,LightGBM,H-step,0.4 < CV ≤ 0.6,7,1.5398554801940918,3.094165802001953,0.896712601184845,2.4545156955718994,10.868738174438477
HOUSEHOLD_1_465__CA,LightGBM,H-step,0.4 < CV ≤ 0.6,7,1.194556474685669,3.5131304264068604,0.8560112118721008,6.73861837387085,22.18449592590332
HOUSEHOLD_1_351__CA,LightGBM,H-step,0.4 < CV ≤ 0.6,8,2.21482253074646,7.246524810791016,0.9049333333969116,3.0298824310302734,24.36353302001953
FOODS_2_326__TX,LightGBM,H-step,0.4 < CV ≤ 0.6,8,1.9595859050750732,4.0470709800720215,0.8798481822013855,3.7990310192108154,19.364151000976562
FOODS_3_652__WI,LightGBM,H-step,0.4 < CV ≤ 0.6,8,2.124643564224243,4.560293674468994,0.8213118314743042,2.5762572288513184,8.734219551086426
FOODS_3_469__CA,LightGBM,H-step,0.4 < CV ≤ 0.6,8,2.0013022422790527,15.343781471252441,0.8798564672470093,2.0377838611602783,14.266291618347168
FOODS_3_282__CA,LightGBM,H-step,0.4 < CV ≤ 0.6,8,1.4939754009246826,6.920801639556885,0.888799786567688,13.146745681762695,77.02049255371094
HOUSEHOLD_1_517__TX,LightGBM,H-step,0.4 < CV ≤ 0.6,8,1.8856863975524902,6.577009201049805,0.884614109992981,2.5107030868530273,15.48963737487793
FOODS_3_804__CA,LightGBM,H-step,0.4 < CV ≤ 0.6,8,1.42184579372406,3.614511013031006,0.8495230078697205,6.4372758865356445,25.033599853515625
FOODS_3_503__CA,LightGBM,H-step,0.4 < CV ≤ 0.6,8,2.3495893478393555,8.936074256896973,0.8843631148338318,2.544484853744507,16.29665184020996
FOODS_2_016__WI,LightGBM,H-step,0.4 < CV ≤ 0.6,8,1.7523930072784424,4.863508701324463,0.8647826910018921,3.6196677684783936,18.44389533996582
HOUSEHOLD_1_459__CA,LightGBM,H-step,0.4 < CV ≤ 0.6,8,1.7956525087356567,4.952709674835205,0.8764696717262268,6.030795097351074,27.03862953186035
HOUSEHOLD_1_459__WI,LightGBM,H-step,0.4 < CV ≤ 0.6,8,1.582153081893921,4.925711154937744,0.8229790925979614,8.934059143066406,27.568952560424805
FOODS_3_252__WI,LightGBM,H-step,0.4 < CV ≤ 0.6,8,1.4197523593902588,2.387120485305786,0.886512041091919,4.761790752410889,19.60965347290039
FOODS_3_372__WI,LightGBM,H-step,0.4 < CV ≤ 0.6,8,2.0763914585113525,3.4050276279449463,0.8508553504943848,1.434241533279419,7.623757362365723
HOUSEHOLD_1_334__TX,LightGBM,H-step,0.4 < CV ≤ 0.6,8,1.5084081888198853,3.31628155708313,0.865041971206665,6.30662202835083,19.19440460205078
HOUSEHOLD_1_118__CA,LightGBM,H-step,0.4 < CV ≤ 0.6,8,1.2388758659362793,4.999817371368408,0.8692923188209534,6.240287780761719,22.71017837524414
HOUSEHOLD_1_306__WI,LightGBM,H-step,0.4 < CV ≤ 0.6,8,1.4552162885665894,12.757513046264648,0.8283064365386963,2.4548540115356445,9.439339637756348
HOUSEHOLD_1_319__CA,LightGBM,H-step,0.4 < CV ≤ 0.6,8,1.7058830261230469,3.9495999813079834,0.8689752221107483,1.4484946727752686,6.857308864593506
FOODS_3_389__WI,LightGBM,H-step,0.4 < CV ≤ 0.6,8,1.7978318929672241,3.9112792015075684,0.8925560712814331,2.504465103149414,12.207649230957031
HOUSEHOLD_1_465__CA,LightGBM,H-step,0.4 < CV ≤ 0.6,8,1.2440598011016846,4.013553142547607,0.8507574200630188,6.877745628356934,25.082143783569336
HOUSEHOLD_1_351__CA,LightGBM,H-step,0.4 < CV ≤ 0.6,9,2.516528606414795,9.233323097229004,0.9040005803108215,2.9629337787628174,27.206026077270508
FOODS_2_326__TX,LightGBM,H-step,0.4 < CV ≤ 0.6,9,2.030870199203491,5.291677951812744,0.8793731331825256,3.824392557144165,22.26453971862793
FOODS_3_652__WI,LightGBM,H-step,0.4 < CV ≤ 0.6,9,2.57354736328125,6.024362564086914,0.8161459565162659,2.607398509979248,9.544046401977539
FOODS_3_469__CA,LightGBM,H-step,0.4 < CV ≤ 0.6,9,2.2684133052825928,18.487733840942383,0.881105363368988,1.9947516918182373,15.56542682647705
FOODS_3_282__CA,LightGBM,H-step,0.4 < CV ≤ 0.6,9,1.4900970458984375,8.300519943237305,0.8920791149139404,12.939107894897461,85.75528717041016
HOUSEHOLD_1_517__TX,LightGBM,H-step,0.4 < CV ≤ 0.6,9,2.1273605823516846,9.104937553405762,0.8858353495597839,2.447906017303467,17.44285774230957
FOODS_3_804__CA,LightGBM,H-step,0.4 < CV ≤ 0.6,9,1.5469286441802979,4.3237199783325195,0.844795286655426,6.48787784576416,27.925098419189453
FOODS_3_503__CA,LightGBM,H-step,0.4 < CV ≤ 0.6,9,2.633080005645752,12.496397972106934,0.8822171688079834,2.5804383754730225,19.139429092407227
FOODS_2_016__WI,LightGBM,H-step,0.4 < CV ≤ 0.6,9,2.0646209716796875,5.9417805671691895,0.8577257394790649,3.5271151065826416,20.75420379638672
HOUSEHOLD_1_459__CA,LightGBM,H-step,0.4 < CV ≤ 0.6,9,2.00770902633667,6.405513763427734,0.8766088485717773,5.897741794586182,29.761045455932617
HOUSEHOLD_1_459__WI,LightGBM,H-step,0.4 < CV ≤ 0.6,9,1.637161374092102,5.8648481369018555,0.823382556438446,9.047752380371094,30.574684143066406
FOODS_3_252__WI,LightGBM,H-step,0.4 < CV ≤ 0.6,9,1.5578088760375977,3.029768466949463,0.8856607675552368,4.662615776062012,20.95313835144043
FOODS_3_372__WI,LightGBM,H-step,0.4 < CV ≤ 0.6,9,2.2512612342834473,3.6160850524902344,0.8669445514678955,1.374651551246643,7.995483875274658
HOUSEHOLD_1_334__TX,LightGBM,H-step,0.4 < CV ≤ 0.6,9,1.7328497171401978,4.234307289123535,0.8625764846801758,6.384499549865723,21.59324073791504
HOUSEHOLD_1_118__CA,LightGBM,H-step,0.4 < CV ≤ 0.6,9,1.3957524299621582,6.502247333526611,0.8632170557975769,6.2275471687316895,24.598657608032227
HOUSEHOLD_1_306__WI,LightGBM,H-step,0.4 < CV ≤ 0.6,9,1.5907585620880127,15.53040599822998,0.8226536512374878,2.4803106784820557,11.082592010498047
HOUSEHOLD_1_319__CA,LightGBM,H-step,0.4 < CV ≤ 0.6,9,2.032423734664917,4.724278926849365,0.8615475296974182,1.4586613178253174,7.638912677764893
FOODS_3_389__WI,LightGBM,H-step,0.4 < CV ≤ 0.6,9,2.127864360809326,5.4713592529296875,0.890951931476593,2.5099987983703613,13.85707950592041
HOUSEHOLD_1_465__CA,LightGBM,H-step,0.4 < CV ≤ 0.6,9,1.3779239654541016,5.258270263671875,0.8406147956848145,6.983205795288086,27.590953826904297
HOUSEHOLD_1_351__CA,LightGBM,H-step,0.4 < CV ≤ 0.6,10,2.8166933059692383,12.07055377960205,0.9044471979141235,2.946833610534668,31.555891036987305
FOODS_2_326__TX,LightGBM,H-step,0.4 < CV ≤ 0.6,10,2.2830703258514404,6.891600608825684,0.8818305134773254,3.7746829986572266,24.474477767944336
FOODS_3_652__WI,LightGBM,H-step,0.4 < CV ≤ 0.6,10,2.5794851779937744,7.7256669998168945,0.8224242925643921,2.5539121627807617,10.302950859069824
FOODS_3_469__CA,LightGBM,H-step,0.4 < CV ≤ 0.6,10,2.453054189682007,22.424007415771484,0.8808552026748657,1.9707517623901367,17.715991973876953
FOODS_3_282__CA,LightGBM,H-step,0.4 < CV ≤ 0.6,10,1.6888481378555298,10.312681198120117,0.8893522620201111,13.008291244506836,100.39285278320312
HOUSEHOLD_1_517__TX,LightGBM,H-step,0.4 < CV ≤ 0.6,10,2.3413147926330566,11.229992866516113,0.8934006690979004,2.247612476348877,19.145004272460938
FOODS_3_804__CA,LightGBM,H-step,0.4 < CV ≤ 0.6,10,1.6298540830612183,5.0821146965026855,0.84405118227005,6.494938373565674,31.685487747192383
FOODS_3_503__CA,LightGBM,H-step,0.4 < CV ≤ 0.6,10,2.9990670680999756,16.403291702270508,0.893261194229126,2.4896886348724365,21.620929718017578
FOODS_2_016__WI,LightGBM,H-step,0.4 < CV ≤ 0.6,10,2.2254889011383057,7.057621955871582,0.8660820126533508,3.437059164047241,23.305957794189453
HOUSEHOLD_1_459__CA,LightGBM,H-step,0.4 < CV ≤ 0.6,10,2.2086410522460938,8.116336822509766,0.8728281259536743,5.938459396362305,35.442787170410156
HOUSEHOLD_1_459__WI,LightGBM,H-step,0.4 < CV ≤ 0.6,10,1.758183240890503,6.333890438079834,0.8251206278800964,8.99349594116211,33.31528854370117
FOODS_3_252__WI,LightGBM,H-step,0.4 < CV ≤ 0.6,10,1.6476091146469116,4.027320861816406,0.8902484774589539,4.641341209411621,23.998889923095703
FOODS_3_372__WI,LightGBM,H-step,0.4 < CV ≤ 0.6,10,2.3158388137817383,4.298677921295166,0.8729046583175659,1.2788044214248657,8.759955406188965
HOUSEHOLD_1_334__TX,LightGBM,H-step,0.4 < CV ≤ 0.6,10,1.9315382242202759,5.044548034667969,0.8610831499099731,6.429101467132568,24.987232208251953
HOUSEHOLD_1_118__CA,LightGBM,H-step,0.4 < CV ≤ 0.6,10,1.5761522054672241,8.462592124938965,0.8612216711044312,6.09984827041626,26.77899169921875
HOUSEHOLD_1_306__WI,LightGBM,H-step,0.4 < CV ≤ 0.6,10,1.640457272529602,20.466073989868164,0.825844943523407,2.4931106567382812,13.389718055725098
HOUSEHOLD_1_319__CA,LightGBM,H-step,0.4 < CV ≤ 0.6,10,2.17580509185791,5.552680015563965,0.8674352169036865,1.4224580526351929,8.836091995239258
FOODS_3_389__WI,LightGBM,H-step,0.4 < CV ≤ 0.6,10,2.1842541694641113,6.33784818649292,0.8996157050132751,2.3201184272766113,14.774925231933594
HOUSEHOLD_1_465__CA,LightGBM,H-step,0.4 < CV ≤ 0.6,10,1.509907603263855,5.735894203186035,0.8418011665344238,6.829214572906494,29.89326286315918
FOODS_3_555__CA,LSTM,One-step,0.2 < CV ≤ 0.3,2,1.614759922027588,0.6286566257476807,0.9204734563827515,6.768082618713379,10.507298469543457
FOODS_3_694__WI,LSTM,One-step,0.2 < CV ≤ 0.3,2,1.534515619277954,0.7407142519950867,0.9274433255195618,8.049376487731934,13.44874095916748
FOODS_3_377__CA,LSTM,One-step,0.2 < CV ≤ 0.3,2,1.3114079236984253,0.733146071434021,0.9278593063354492,2.9075679779052734,5.508820056915283
FOODS_3_080__CA,LSTM,One-step,0.2 < CV ≤ 0.3,2,1.9325027465820312,0.8852434754371643,0.9274227023124695,4.460052013397217,8.817607879638672
FOODS_3_694__TX,LSTM,One-step,0.2 < CV ≤ 0.3,2,1.4366384744644165,0.5489742159843445,0.9075562953948975,5.670511245727539,8.012063026428223
FOODS_3_042__WI,LSTM,One-step,0.2 < CV ≤ 0.3,2,1.3647048473358154,0.6868084669113159,0.915899395942688,2.9484007358551025,5.19016695022583
FOODS_3_586__CA,LSTM,One-step,0.2 < CV ≤ 0.3,2,1.3692893981933594,0.4319925606250763,0.935586154460907,11.85969066619873,16.250398635864258
FOODS_3_586__TX,LSTM,One-step,0.2 < CV ≤ 0.3,2,1.6749178171157837,0.7639415860176086,0.9277907013893127,17.3714599609375,30.02996253967285
FOODS_3_377__TX,LSTM,One-step,0.2 < CV ≤ 0.3,2,1.5798782110214233,0.7353003025054932,0.9257389307022095,7.502354621887207,12.0787992477417
FOODS_3_099__CA,LSTM,One-step,0.2 < CV ≤ 0.3,2,1.2648975849151611,0.9510835409164429,0.9138777852058411,4.597574710845947,8.160090446472168
FOODS_3_226__WI,LSTM,One-step,0.2 < CV ≤ 0.3,2,1.5997791290283203,0.8115867376327515,0.9271648526191711,10.88472843170166,17.195571899414062
FOODS_3_694__CA,LSTM,One-step,0.2 < CV ≤ 0.3,2,1.517155647277832,0.6879380941390991,0.9378454685211182,3.4806134700775146,8.41845417022705
FOODS_3_555__CA,LSTM,One-step,0.2 < CV ≤ 0.3,3,3.537304162979126,2.5113205909729004,0.8955284357070923,9.117624282836914,23.275556564331055
FOODS_3_694__WI,LSTM,One-step,0.2 < CV ≤ 0.3,3,3.3907313346862793,2.5038623809814453,0.9078307151794434,10.269789695739746,26.68476104736328
FOODS_3_377__CA,LSTM,One-step,0.2 < CV ≤ 0.3,3,2.3917758464813232,1.8850125074386597,0.9164515733718872,3.3149681091308594,9.444377899169922
FOODS_3_080__CA,LSTM,One-step,0.2 < CV ≤ 0.3,3,3.8029232025146484,2.4356300830841064,0.9161721467971802,5.226473331451416,15.573626518249512
FOODS_3_694__TX,LSTM,One-step,0.2 < CV ≤ 0.3,3,2.744811534881592,1.7017074823379517,0.8908343315124512,6.841413497924805,15.551969528198242
FOODS_3_042__WI,LSTM,One-step,0.2 < CV ≤ 0.3,3,2.683356285095215,2.0328922271728516,0.900547981262207,3.5051803588867188,9.497940063476562
FOODS_3_586__CA,LSTM,One-step,0.2 < CV ≤ 0.3,3,2.823913097381592,1.6537697315216064,0.9152848720550537,16.21431541442871,37.30496597290039
FOODS_3_586__TX,LSTM,One-step,0.2 < CV ≤ 0.3,3,3.628958225250244,2.713315963745117,0.9045732617378235,23.811464309692383,64.51371002197266
FOODS_3_377__TX,LSTM,One-step,0.2 < CV ≤ 0.3,3,3.238245725631714,2.143061399459839,0.908496618270874,9.248149871826172,23.407060623168945
FOODS_3_099__CA,LSTM,One-step,0.2 < CV ≤ 0.3,3,2.184375286102295,1.9518911838531494,0.9072341918945312,4.934894561767578,13.284119606018066
FOODS_3_226__WI,LSTM,One-step,0.2 < CV ≤ 0.3,3,3.684497117996216,2.7359795570373535,0.9075445532798767,13.821334838867188,34.6245002746582
FOODS_3_694__CA,LSTM,One-step,0.2 < CV ≤ 0.3,3,2.9794740676879883,2.285567045211792,0.9208378791809082,4.492159366607666,15.738992691040039
FOODS_3_555__CA,LSTM,One-step,0.2 < CV ≤ 0.3,4,6.128833293914795,6.439759731292725,0.8764509558677673,11.229315757751465,43.80512619018555
FOODS_3_694__WI,LSTM,One-step,0.2 < CV ≤ 0.3,4,5.73056697845459,5.609859466552734,0.8934029936790466,11.885124206542969,43.181148529052734
FOODS_3_377__CA,LSTM,One-step,0.2 < CV ≤ 0.3,4,3.8288588523864746,3.8247263431549072,0.9078171253204346,3.638869524002075,14.09531021118164
FOODS_3_080__CA,LSTM,One-step,0.2 < CV ≤ 0.3,4,6.243000030517578,5.292973041534424,0.9042659997940063,5.953237533569336,24.60212516784668
FOODS_3_694__TX,LSTM,One-step,0.2 < CV ≤ 0.3,4,4.6292572021484375,4.61093282699585,0.8739928603172302,8.09897232055664,27.969701766967773
FOODS_3_042__WI,LSTM,One-step,0.2 < CV ≤ 0.3,4,4.430495738983154,4.478323459625244,0.8871844410896301,4.020495414733887,15.314552307128906
FOODS_3_586__CA,LSTM,One-step,0.2 < CV ≤ 0.3,4,4.968681335449219,4.785463809967041,0.8926032185554504,21.289100646972656,74.5393295288086
FOODS_3_586__TX,LSTM,One-step,0.2 < CV ≤ 0.3,4,6.078082084655762,6.870059013366699,0.8860579133033752,29.414852142333984,115.66645812988281
FOODS_3_377__TX,LSTM,One-step,0.2 < CV ≤ 0.3,4,5.440215587615967,5.184759140014648,0.8938625454902649,10.690714836120605,38.51853942871094
FOODS_3_099__CA,LSTM,One-step,0.2 < CV ≤ 0.3,4,3.3820314407348633,3.7449231147766113,0.8990401029586792,5.595594882965088,20.45823097229004
FOODS_3_226__WI,LSTM,One-step,0.2 < CV ≤ 0.3,4,5.880495548248291,6.127935886383057,0.8936506509780884,16.136573791503906,56.99887466430664
FOODS_3_694__CA,LSTM,One-step,0.2 < CV ≤ 0.3,4,5.361264228820801,5.763341426849365,0.9019039869308472,5.587985515594482,26.598785400390625
FOODS_3_555__CA,LSTM,One-step,0.2 < CV ≤ 0.3,5,10.752057075500488,14.251914978027344,0.8574480414390564,12.823883056640625,75.6584243774414
FOODS_3_694__WI,LSTM,One-step,0.2 < CV ≤ 0.3,5,10.259330749511719,12.253161430358887,0.8771061301231384,13.6188325881958,67.93062591552734
FOODS_3_377__CA,LSTM,One-step,0.2 < CV ≤ 0.3,5,6.070375442504883,7.377120018005371,0.8967934250831604,4.050345420837402,20.400211334228516
FOODS_3_080__CA,LSTM,One-step,0.2 < CV ≤ 0.3,5,10.275666236877441,11.092100143432617,0.8876257538795471,6.9538164138793945,38.12104415893555
FOODS_3_694__TX,LSTM,One-step,0.2 < CV ≤ 0.3,5,8.035799026489258,10.846287727355957,0.8557406663894653,9.270486831665039,47.18963623046875
FOODS_3_042__WI,LSTM,One-step,0.2 < CV ≤ 0.3,5,7.271539211273193,8.652281761169434,0.8722947239875793,4.410974502563477,23.10610008239746
FOODS_3_586__CA,LSTM,One-step,0.2 < CV ≤ 0.3,5,8.89981460571289,11.165032386779785,0.8737229704856873,25.62820816040039,129.89944458007812
FOODS_3_586__TX,LSTM,One-step,0.2 < CV ≤ 0.3,5,11.423639297485352,15.442994117736816,0.8694485425949097,34.105716705322266,197.88963317871094
FOODS_3_377__TX,LSTM,One-step,0.2 < CV ≤ 0.3,5,9.088674545288086,10.486919403076172,0.8821922540664673,12.08077335357666,59.876487731933594
FOODS_3_099__CA,LSTM,One-step,0.2 < CV ≤ 0.3,5,5.225849628448486,7.2151665687561035,0.8828945755958557,6.443508625030518,30.402873992919922
FOODS_3_226__WI,LSTM,One-step,0.2 < CV ≤ 0.3,5,10.461053848266602,12.654032707214355,0.8778607845306396,18.33586883544922,90.99946594238281
FOODS_3_694__CA,LSTM,One-step,0.2 < CV ≤ 0.3,5,8.612539291381836,11.559976577758789,0.8859004378318787,6.325921535491943,40.274620056152344
FOODS_3_555__CA,LSTM,One-step,0.2 < CV ≤ 0.3,6,13.616559028625488,19.112390518188477,0.8360818028450012,12.134337425231934,87.86441040039062
FOODS_3_694__WI,LSTM,One-step,0.2 < CV ≤ 0.3,6,13.937012672424316,18.791006088256836,0.8648457527160645,13.192230224609375,87.70968627929688
FOODS_3_377__CA,LSTM,One-step,0.2 < CV ≤ 0.3,6,8.303729057312012,10.815946578979492,0.8901194930076599,4.064311981201172,25.64219093322754
FOODS_3_080__CA,LSTM,One-step,0.2 < CV ≤ 0.3,6,13.922062873840332,17.429391860961914,0.8761835098266602,6.970938682556152,48.69114303588867
FOODS_3_694__TX,LSTM,One-step,0.2 < CV ≤ 0.3,6,10.457782745361328,14.90201473236084,0.8412958979606628,8.906042098999023,57.56430435180664
FOODS_3_042__WI,LSTM,One-step,0.2 < CV ≤ 0.3,6,9.45837116241455,11.991954803466797,0.8641873002052307,4.1228132247924805,27.89229965209961
FOODS_3_586__CA,LSTM,One-step,0.2 < CV ≤ 0.3,6,11.936136245727539,16.730663299560547,0.8538083434104919,25.921091079711914,167.608642578125
FOODS_3_586__TX,LSTM,One-step,0.2 < CV ≤ 0.3,6,14.760190963745117,21.12298011779785,0.8508196473121643,32.60678482055664,240.54104614257812
FOODS_3_377__TX,LSTM,One-step,0.2 < CV ≤ 0.3,6,12.477664947509766,16.773353576660156,0.8680866956710815,12.260810852050781,79.7745590209961
FOODS_3_099__CA,LSTM,One-step,0.2 < CV ≤ 0.3,6,6.966393947601318,11.200376510620117,0.8686952590942383,6.623167991638184,38.81538009643555
FOODS_3_226__WI,LSTM,One-step,0.2 < CV ≤ 0.3,6,14.470250129699707,19.078868865966797,0.8650496006011963,18.01518440246582,118.42389678955078
FOODS_3_694__CA,LSTM,One-step,0.2 < CV ≤ 0.3,6,11.137969970703125,15.737932205200195,0.8750187158584595,6.009973049163818,46.82468032836914
FOODS_3_555__CA,LSTM,One-step,0.2 < CV ≤ 0.3,7,16.271188735961914,20.32904052734375,0.8405507802963257,10.952516555786133,89.22271728515625
FOODS_3_694__WI,LSTM,One-step,0.2 < CV ≤ 0.3,7,16.41266441345215,20.563493728637695,0.8674055337905884,12.153562545776367,91.09847259521484
FOODS_3_377__CA,LSTM,One-step,0.2 < CV ≤ 0.3,7,9.498793601989746,11.920260429382324,0.8928675651550293,3.6985418796539307,27.046205520629883
FOODS_3_080__CA,LSTM,One-step,0.2 < CV ≤ 0.3,7,16.438486099243164,19.548254013061523,0.8776040077209473,6.4646830558776855,51.61756134033203
FOODS_3_694__TX,LSTM,One-step,0.2 < CV ≤ 0.3,7,12.278518676757812,16.263944625854492,0.83443284034729,8.352313041687012,59.540409088134766
FOODS_3_042__WI,LSTM,One-step,0.2 < CV ≤ 0.3,7,11.157608032226562,12.857730865478516,0.861410915851593,3.820094108581543,29.196208953857422
FOODS_3_586__CA,LSTM,One-step,0.2 < CV ≤ 0.3,7,14.10268497467041,18.418664932250977,0.8484058976173401,24.064067840576172,171.72581481933594
FOODS_3_586__TX,LSTM,One-step,0.2 < CV ≤ 0.3,7,17.57607650756836,23.256196975708008,0.8511599898338318,29.828271865844727,250.05813598632812
FOODS_3_377__TX,LSTM,One-step,0.2 < CV ≤ 0.3,7,14.725834846496582,18.8156681060791,0.8625749349594116,11.836625099182129,85.41363525390625
FOODS_3_099__CA,LSTM,One-step,0.2 < CV ≤ 0.3,7,8.46214485168457,14.12740421295166,0.8647938966751099,6.323773384094238,43.15836715698242
FOODS_3_226__WI,LSTM,One-step,0.2 < CV ≤ 0.3,7,17.036352157592773,21.43860626220703,0.8643457889556885,17.03409194946289,126.69364166259766
FOODS_3_694__CA,LSTM,One-step,0.2 < CV ≤ 0.3,7,13.152663230895996,16.88132095336914,0.8770079016685486,5.46016263961792,49.99439239501953
FOODS_3_555__CA,LSTM,One-step,0.2 < CV ≤ 0.3,8,17.905153274536133,21.841716766357422,0.8654575347900391,9.595772743225098,93.44987487792969
FOODS_3_694__WI,LSTM,One-step,0.2 < CV ≤ 0.3,8,18.272478103637695,19.974708557128906,0.8786411881446838,11.146254539489746,94.30886840820312
FOODS_3_377__CA,LSTM,One-step,0.2 < CV ≤ 0.3,8,10.829909324645996,13.050675392150879,0.9011942744255066,3.4501595497131348,28.918262481689453
FOODS_3_080__CA,LSTM,One-step,0.2 < CV ≤ 0.3,8,18.64141082763672,21.40007781982422,0.8878583312034607,5.968183994293213,55.86201477050781
FOODS_3_694__TX,LSTM,One-step,0.2 < CV ≤ 0.3,8,13.21444034576416,15.236695289611816,0.85846346616745,7.166015148162842,58.62205505371094
FOODS_3_042__WI,LSTM,One-step,0.2 < CV ≤ 0.3,8,12.395533561706543,14.090715408325195,0.871853768825531,3.5511953830718994,31.034942626953125
FOODS_3_586__CA,LSTM,One-step,0.2 < CV ≤ 0.3,8,15.516298294067383,18.574893951416016,0.8677118420600891,20.658842086791992,171.04124450683594
FOODS_3_586__TX,LSTM,One-step,0.2 < CV ≤ 0.3,8,19.672590255737305,24.169118881225586,0.8716443181037903,25.81498908996582,257.02801513671875
FOODS_3_377__TX,LSTM,One-step,0.2 < CV ≤ 0.3,8,16.0341739654541,19.680593490600586,0.8793594837188721,10.42017650604248,86.8860092163086
FOODS_3_099__CA,LSTM,One-step,0.2 < CV ≤ 0.3,8,9.411243438720703,16.309175491333008,0.8787640929222107,5.749669551849365,44.882591247558594
FOODS_3_226__WI,LSTM,One-step,0.2 < CV ≤ 0.3,8,18.731739044189453,22.06708526611328,0.8775882124900818,15.307262420654297,129.73965454101562
FOODS_3_694__CA,LSTM,One-step,0.2 < CV ≤ 0.3,8,14.977401733398438,17.914762496948242,0.8977383375167847,4.670564651489258,52.355796813964844
FOODS_3_555__CA,LSTM,One-step,0.2 < CV ≤ 0.3,9,19.70452880859375,25.622634887695312,0.8827223777770996,9.05959415435791,105.85748291015625
FOODS_3_694__WI,LSTM,One-step,0.2 < CV ≤ 0.3,9,20.033784866333008,24.950963973999023,0.8841399550437927,11.104691505432129,109.12896728515625
FOODS_3_377__CA,LSTM,One-step,0.2 < CV ≤ 0.3,9,11.98129653930664,15.75868034362793,0.9056228399276733,3.4369969367980957,33.17124938964844
FOODS_3_080__CA,LSTM,One-step,0.2 < CV ≤ 0.3,9,20.721454620361328,26.041027069091797,0.8966168165206909,5.727500915527344,63.268898010253906
FOODS_3_694__TX,LSTM,One-step,0.2 < CV ≤ 0.3,9,14.036053657531738,18.53782081604004,0.8751760721206665,6.774567127227783,66.1712417602539
FOODS_3_042__WI,LSTM,One-step,0.2 < CV ≤ 0.3,9,13.460100173950195,17.741634368896484,0.8847296833992004,3.412259101867676,34.837493896484375
FOODS_3_586__CA,LSTM,One-step,0.2 < CV ≤ 0.3,9,16.60728645324707,21.78663444519043,0.8819098472595215,19.34061622619629,188.08201599121094
FOODS_3_586__TX,LSTM,One-step,0.2 < CV ≤ 0.3,9,21.221820831298828,27.773845672607422,0.8911193013191223,23.699737548828125,286.7441711425781
FOODS_3_377__TX,LSTM,One-step,0.2 < CV ≤ 0.3,9,17.561166763305664,23.385560989379883,0.8902134895324707,9.782421112060547,96.4750747680664
FOODS_3_099__CA,LSTM,One-step,0.2 < CV ≤ 0.3,9,10.768804550170898,18.208480834960938,0.8847106099128723,5.36926794052124,47.736000061035156
FOODS_3_226__WI,LSTM,One-step,0.2 < CV ≤ 0.3,9,20.52149200439453,27.310720443725586,0.8850123286247253,15.018056869506836,147.84042358398438
FOODS_3_694__CA,LSTM,One-step,0.2 < CV ≤ 0.3,9,16.422670364379883,22.837919235229492,0.9095452427864075,4.530151844024658,60.956180572509766
FOODS_3_555__CA,LSTM,One-step,0.2 < CV ≤ 0.3,10,25.27822494506836,34.3748779296875,0.894914448261261,9.104419708251953,138.41278076171875
FOODS_3_694__WI,LSTM,One-step,0.2 < CV ≤ 0.3,10,23.34874153137207,33.64519500732422,0.8920784592628479,11.583810806274414,136.66676330566406
FOODS_3_377__CA,LSTM,One-step,0.2 < CV ≤ 0.3,10,13.92779541015625,21.54868507385254,0.9095154404640198,3.5027594566345215,39.29377746582031
FOODS_3_080__CA,LSTM,One-step,0.2 < CV ≤ 0.3,10,24.999013900756836,35.09977340698242,0.9041934609413147,5.72664213180542,76.59355163574219
FOODS_3_694__TX,LSTM,One-step,0.2 < CV ≤ 0.3,10,17.258586883544922,24.978443145751953,0.8829267024993896,7.090816497802734,83.7930679321289
FOODS_3_042__WI,LSTM,One-step,0.2 < CV ≤ 0.3,10,16.02872657775879,23.84026336669922,0.8956277370452881,3.4247825145721436,43.134620666503906
FOODS_3_586__CA,LSTM,One-step,0.2 < CV ≤ 0.3,10,20.705015182495117,27.658199310302734,0.8949369192123413,19.100980758666992,230.06802368164062
FOODS_3_586__TX,LSTM,One-step,0.2 < CV ≤ 0.3,10,25.96288299560547,38.596641540527344,0.8994588851928711,24.581188201904297,364.465576171875
FOODS_3_377__TX,LSTM,One-step,0.2 < CV ≤ 0.3,10,20.320192337036133,30.534311294555664,0.8962771892547607,10.097715377807617,119.37228393554688
FOODS_3_099__CA,LSTM,One-step,0.2 < CV ≤ 0.3,10,12.786933898925781,22.93828773498535,0.888620138168335,5.550634860992432,56.5330924987793
FOODS_3_226__WI,LSTM,One-step,0.2 < CV ≤ 0.3,10,23.729761123657227,35.38410186767578,0.8949852585792542,15.440282821655273,181.19949340820312
FOODS_3_694__CA,LSTM,One-step,0.2 < CV ≤ 0.3,10,20.99524688720703,32.639156341552734,0.9097810387611389,4.743610382080078,75.90782165527344
FOODS_2_181__TX,LSTM,One-step,0.3 < CV ≤ 0.4,2,1.146456003189087,0.6061545014381409,0.9044244885444641,4.131370544433594,7.471477508544922
FOODS_3_377__WI,LSTM,One-step,0.3 < CV ≤ 0.4,2,1.406333088874817,0.9021865725517273,0.908237099647522,2.1245439052581787,4.823091506958008
FOODS_3_714__CA,LSTM,One-step,0.3 < CV ≤ 0.4,2,1.395853877067566,0.41792741417884827,0.8998145461082458,9.256590843200684,12.1350679397583
FOODS_3_697__CA,LSTM,One-step,0.3 < CV ≤ 0.4,2,1.1983065605163574,0.44462287425994873,0.8848727941513062,4.579987049102783,4.539690017700195
FOODS_3_080__TX,LSTM,One-step,0.3 < CV ≤ 0.4,2,1.8488764762878418,0.9212281107902527,0.9192457795143127,3.4082632064819336,7.187398910522461
FOODS_3_499__CA,LSTM,One-step,0.3 < CV ≤ 0.4,2,1.0855389833450317,0.32396841049194336,0.8520183563232422,10.660820007324219,9.026965141296387
HOUSEHOLD_1_110__CA,LSTM,One-step,0.3 < CV ≤ 0.4,2,1.4013875722885132,1.8520163297653198,0.7564677000045776,11.316312789916992,9.616167068481445
FOODS_3_288__CA,LSTM,One-step,0.3 < CV ≤ 0.4,2,1.5882505178451538,1.6083801984786987,0.9083892107009888,8.338068962097168,29.576066970825195
FOODS_3_252__CA,LSTM,One-step,0.3 < CV ≤ 0.4,2,1.2303215265274048,0.33264872431755066,0.9056262969970703,14.746206283569336,17.664901733398438
HOUSEHOLD_1_110__TX,LSTM,One-step,0.3 < CV ≤ 0.4,2,2.318434238433838,2.311458110809326,0.7935312986373901,7.826756477355957,12.394432067871094
FOODS_3_228__CA,LSTM,One-step,0.3 < CV ≤ 0.4,2,1.6801472902297974,0.6981305480003357,0.9166629314422607,2.5212526321411133,5.418010234832764
HOUSEHOLD_1_429__CA,LSTM,One-step,0.3 < CV ≤ 0.4,2,0.20214645564556122,0.06275421380996704,0.2991400361061096,16.700780868530273,0.5166702270507812
FOODS_3_555__TX,LSTM,One-step,0.3 < CV ≤ 0.4,2,2.1127843856811523,1.0025981664657593,0.9212166666984558,9.1563138961792,19.98760414123535
FOODS_3_252__TX,LSTM,One-step,0.3 < CV ≤ 0.4,2,1.4415559768676758,0.5828943848609924,0.9131947755813599,13.795218467712402,24.6279296875
FOODS_3_739__CA,LSTM,One-step,0.3 < CV ≤ 0.4,2,1.3815380334854126,1.5466463565826416,0.8791565895080566,9.766197204589844,21.518789291381836
FOODS_3_477__TX,LSTM,One-step,0.3 < CV ≤ 0.4,2,1.2500193119049072,0.735926628112793,0.901246964931488,1.7392067909240723,3.5007612705230713
FOODS_3_458__CA,LSTM,One-step,0.3 < CV ≤ 0.4,2,1.282876968383789,0.6778668165206909,0.8868140578269958,4.651851177215576,5.57316780090332
HOUSEHOLD_1_429__TX,LSTM,One-step,0.3 < CV ≤ 0.4,2,0.22181589901447296,0.023131821304559708,0.2965003550052643,13.023822784423828,0.12092253565788269
FOODS_3_226__TX,LSTM,One-step,0.3 < CV ≤ 0.4,2,1.5233888626098633,0.5179517865180969,0.8753004670143127,6.315494060516357,5.772399425506592
FOODS_2_181__TX,LSTM,One-step,0.3 < CV ≤ 0.4,3,1.9594426155090332,1.5403475761413574,0.8961287140846252,4.42104959487915,12.19371223449707
FOODS_3_377__WI,LSTM,One-step,0.3 < CV ≤ 0.4,3,2.6025049686431885,2.179847240447998,0.9004429578781128,2.254469394683838,7.774156093597412
FOODS_3_714__CA,LSTM,One-step,0.3 < CV ≤ 0.4,3,2.7283875942230225,1.864403247833252,0.8710846304893494,12.352798461914062,29.542312622070312
FOODS_3_697__CA,LSTM,One-step,0.3 < CV ≤ 0.4,3,2.5332045555114746,1.4296647310256958,0.8681061267852783,5.197288990020752,8.88410472869873
FOODS_3_080__TX,LSTM,One-step,0.3 < CV ≤ 0.4,3,3.3413360118865967,2.3985636234283447,0.907795786857605,3.777292490005493,11.948346138000488
FOODS_3_499__CA,LSTM,One-step,0.3 < CV ≤ 0.4,3,1.523087978363037,0.8161429166793823,0.8479137420654297,11.38931655883789,16.328950881958008
HOUSEHOLD_1_110__CA,LSTM,One-step,0.3 < CV ≤ 0.4,3,2.4164280891418457,4.300112724304199,0.7564892768859863,11.327762603759766,16.973033905029297
FOODS_3_288__CA,LSTM,One-step,0.3 < CV ≤ 0.4,3,2.4014406204223633,4.049707412719727,0.8924309015274048,10.250779151916504,53.01662063598633
FOODS_3_252__CA,LSTM,One-step,0.3 < CV ≤ 0.4,3,2.5718164443969727,1.6252238750457764,0.8780852556228638,19.749971389770508,43.90064239501953
HOUSEHOLD_1_110__TX,LSTM,One-step,0.3 < CV ≤ 0.4,3,4.014057636260986,6.168720245361328,0.8120208382606506,7.489578723907471,24.326183319091797
FOODS_3_228__CA,LSTM,One-step,0.3 < CV ≤ 0.4,3,3.111492872238159,2.0077383518218994,0.9011973142623901,3.026895523071289,9.915717124938965
HOUSEHOLD_1_429__CA,LSTM,One-step,0.3 < CV ≤ 0.4,3,0.4437410533428192,0.14593331515789032,0.29575738310813904,16.681652069091797,0.7952517867088318
FOODS_3_555__TX,LSTM,One-step,0.3 < CV ≤ 0.4,3,4.463109016418457,3.6437408924102783,0.899000346660614,11.985424041748047,39.759437561035156
FOODS_3_252__TX,LSTM,One-step,0.3 < CV ≤ 0.4,3,2.7761144638061523,2.0131075382232666,0.8897441625595093,18.270544052124023,52.447601318359375
FOODS_3_739__CA,LSTM,One-step,0.3 < CV ≤ 0.4,3,2.172241687774658,3.76578426361084,0.8646921515464783,11.336565017700195,39.525020599365234
FOODS_3_477__TX,LSTM,One-step,0.3 < CV ≤ 0.4,3,1.9969916343688965,1.6317999362945557,0.8933146595954895,1.8224797248840332,5.59157657623291
FOODS_3_458__CA,LSTM,One-step,0.3 < CV ≤ 0.4,3,2.270798444747925,1.712938904762268,0.8739674091339111,5.1689581871032715,10.020126342773438
HOUSEHOLD_1_429__TX,LSTM,One-step,0.3 < CV ≤ 0.4,3,0.31187179684638977,0.045779548585414886,0.29303815960884094,13.011189460754395,0.1716698408126831
FOODS_3_226__TX,LSTM,One-step,0.3 < CV ≤ 0.4,3,2.773310661315918,1.481198787689209,0.8611549139022827,7.109231948852539,11.315397262573242
FOODS_2_181__TX,LSTM,One-step,0.3 < CV ≤ 0.4,4,2.777858018875122,2.920104742050171,0.8933639526367188,4.5788044929504395,17.374216079711914
FOODS_3_377__WI,LSTM,One-step,0.3 < CV ≤ 0.4,4,3.7599833011627197,4.198892593383789,0.8949215412139893,2.3922085762023926,11.522583961486816
FOODS_3_714__CA,LSTM,One-step,0.3 < CV ≤ 0.4,4,5.462658405303955,6.415201663970947,0.8506407141685486,15.946102142333984,67.85791015625
FOODS_3_697__CA,LSTM,One-step,0.3 < CV ≤ 0.4,4,3.9874351024627686,3.3849844932556152,0.8571394681930542,5.8167405128479,15.51157283782959
FOODS_3_080__TX,LSTM,One-step,0.3 < CV ≤ 0.4,4,5.176647186279297,4.6774001121521,0.8964511752128601,4.280052185058594,18.209083557128906
FOODS_3_499__CA,LSTM,One-step,0.3 < CV ≤ 0.4,4,2.2844414710998535,1.9722648859024048,0.836351215839386,12.836309432983398,29.616802215576172
HOUSEHOLD_1_110__CA,LSTM,One-step,0.3 < CV ≤ 0.4,4,3.6031250953674316,8.175543785095215,0.7551962733268738,11.527397155761719,27.633100509643555
FOODS_3_288__CA,LSTM,One-step,0.3 < CV ≤ 0.4,4,4.0393147468566895,8.52302074432373,0.8704769015312195,13.17778491973877,90.4739761352539
FOODS_3_252__CA,LSTM,One-step,0.3 < CV ≤ 0.4,4,4.792401313781738,5.293280124664307,0.856574296951294,24.625818252563477,95.26793670654297
HOUSEHOLD_1_110__TX,LSTM,One-step,0.3 < CV ≤ 0.4,4,6.785733699798584,12.26206111907959,0.8275271058082581,7.333587169647217,42.913421630859375
FOODS_3_228__CA,LSTM,One-step,0.3 < CV ≤ 0.4,4,5.127077579498291,5.244705677032471,0.8833175301551819,3.6602282524108887,17.115131378173828
HOUSEHOLD_1_429__CA,LSTM,One-step,0.3 < CV ≤ 0.4,4,0.5637492537498474,0.2433258444070816,0.29787734150886536,16.67937660217285,1.0546365976333618
FOODS_3_555__TX,LSTM,One-step,0.3 < CV ≤ 0.4,4,7.86299991607666,8.928484916687012,0.880124032497406,14.8762788772583,72.3959732055664
FOODS_3_252__TX,LSTM,One-step,0.3 < CV ≤ 0.4,4,5.11166524887085,6.202921390533447,0.8677112460136414,23.177692413330078,104.04041290283203
FOODS_3_739__CA,LSTM,One-step,0.3 < CV ≤ 0.4,4,3.477332830429077,7.548847675323486,0.8431246876716614,14.038859367370605,70.22989654541016
FOODS_3_477__TX,LSTM,One-step,0.3 < CV ≤ 0.4,4,2.9766833782196045,3.0083060264587402,0.8859687447547913,1.8755031824111938,7.912627696990967
FOODS_3_458__CA,LSTM,One-step,0.3 < CV ≤ 0.4,4,3.5064167976379395,3.3430447578430176,0.8647579550743103,5.496066093444824,15.153650283813477
HOUSEHOLD_1_429__TX,LSTM,One-step,0.3 < CV ≤ 0.4,4,0.5045571327209473,0.06668362021446228,0.2912950813770294,13.013415336608887,0.22676648199558258
FOODS_3_226__TX,LSTM,One-step,0.3 < CV ≤ 0.4,4,4.515079498291016,3.5792219638824463,0.845628023147583,8.12285041809082,20.54839515686035
FOODS_2_181__TX,LSTM,One-step,0.3 < CV ≤ 0.4,5,3.920565366744995,5.247438430786133,0.8842017650604248,4.865877628326416,24.16307258605957
FOODS_3_377__WI,LSTM,One-step,0.3 < CV ≤ 0.4,5,6.012456893920898,8.020601272583008,0.8854571580886841,2.614760398864746,16.82238006591797
FOODS_3_714__CA,LSTM,One-step,0.3 < CV ≤ 0.4,5,8.096463203430176,12.06053352355957,0.8352044224739075,15.413875579833984,102.26502227783203
FOODS_3_697__CA,LSTM,One-step,0.3 < CV ≤ 0.4,5,6.830206871032715,8.50111198425293,0.8415473699569702,6.464367389678955,27.25454330444336
FOODS_3_080__TX,LSTM,One-step,0.3 < CV ≤ 0.4,5,7.9525580406188965,9.396161079406738,0.8859751224517822,4.736427307128906,27.08620834350586
FOODS_3_499__CA,LSTM,One-step,0.3 < CV ≤ 0.4,5,3.6623318195343018,4.802973747253418,0.8220484256744385,14.159073829650879,50.64778518676758
HOUSEHOLD_1_110__CA,LSTM,One-step,0.3 < CV ≤ 0.4,5,6.001943111419678,13.63783073425293,0.7717308402061462,11.845653533935547,46.230472564697266
FOODS_3_288__CA,LSTM,One-step,0.3 < CV ≤ 0.4,5,5.728885173797607,14.507981300354004,0.8620433211326599,13.108510971069336,126.19595336914062
FOODS_3_252__CA,LSTM,One-step,0.3 < CV ≤ 0.4,5,7.714023113250732,11.245783805847168,0.8372995257377625,26.017026901245117,159.06768798828125
HOUSEHOLD_1_110__TX,LSTM,One-step,0.3 < CV ≤ 0.4,5,9.977463722229004,20.605222702026367,0.8360909819602966,7.106943130493164,62.17766571044922
FOODS_3_228__CA,LSTM,One-step,0.3 < CV ≤ 0.4,5,7.929584503173828,10.204753875732422,0.8695900440216064,3.9777767658233643,25.940690994262695
HOUSEHOLD_1_429__CA,LSTM,One-step,0.3 < CV ≤ 0.4,5,0.7738922834396362,0.35548219084739685,0.302744060754776,16.64352798461914,1.2368991374969482
FOODS_3_555__TX,LSTM,One-step,0.3 < CV ≤ 0.4,5,12.965087890625,18.53359031677246,0.8662710785865784,15.77362060546875,116.11986541748047
FOODS_3_252__TX,LSTM,One-step,0.3 < CV ≤ 0.4,5,8.214239120483398,12.432899475097656,0.8522229194641113,23.52206039428711,162.88211059570312
FOODS_3_739__CA,LSTM,One-step,0.3 < CV ≤ 0.4,5,5.166952133178711,12.890918731689453,0.8387247323989868,13.772302627563477,101.84899139404297
FOODS_3_477__TX,LSTM,One-step,0.3 < CV ≤ 0.4,5,4.13580322265625,5.3183674812316895,0.8783915638923645,2.039731025695801,11.432421684265137
FOODS_3_458__CA,LSTM,One-step,0.3 < CV ≤ 0.4,5,5.280201435089111,6.063471794128418,0.8530063033103943,5.8798394203186035,22.362430572509766
HOUSEHOLD_1_429__TX,LSTM,One-step,0.3 < CV ≤ 0.4,5,0.6656822562217712,0.09899202734231949,0.2948818802833557,12.985962867736816,0.2558993101119995
FOODS_3_226__TX,LSTM,One-step,0.3 < CV ≤ 0.4,5,7.582508563995361,8.997426986694336,0.8269065618515015,9.02617359161377,35.718414306640625
FOODS_2_181__TX,LSTM,One-step,0.3 < CV ≤ 0.4,6,5.308742046356201,8.535913467407227,0.8745939135551453,5.091671943664551,32.09663009643555
FOODS_3_377__WI,LSTM,One-step,0.3 < CV ≤ 0.4,6,8.052306175231934,11.608366012573242,0.8749321103096008,2.5054755210876465,20.875226974487305
FOODS_3_714__CA,LSTM,One-step,0.3 < CV ≤ 0.4,6,10.005241394042969,15.052433013916016,0.8256614208221436,13.54881477355957,110.99674987792969
FOODS_3_697__CA,LSTM,One-step,0.3 < CV ≤ 0.4,6,8.699243545532227,11.204825401306152,0.8144741058349609,6.273350715637207,32.16677474975586
FOODS_3_080__TX,LSTM,One-step,0.3 < CV ≤ 0.4,6,10.379422187805176,12.92187213897705,0.8763118386268616,4.7461771965026855,33.534210205078125
FOODS_3_499__CA,LSTM,One-step,0.3 < CV ≤ 0.4,6,4.776647090911865,7.673217296600342,0.8024997711181641,13.964238166809082,65.28372192382812
HOUSEHOLD_1_110__CA,LSTM,One-step,0.3 < CV ≤ 0.4,6,7.44024133682251,19.995258331298828,0.7542965412139893,11.54234504699707,56.62646484375
FOODS_3_288__CA,LSTM,One-step,0.3 < CV ≤ 0.4,6,6.871124744415283,19.046730041503906,0.8668449521064758,11.13524341583252,145.33065795898438
FOODS_3_252__CA,LSTM,One-step,0.3 < CV ≤ 0.4,6,9.638932228088379,14.301615715026855,0.8194574117660522,23.275529861450195,171.55596923828125
HOUSEHOLD_1_110__TX,LSTM,One-step,0.3 < CV ≤ 0.4,6,12.432186126708984,27.83652687072754,0.8345667719841003,6.563780307769775,74.84667205810547
FOODS_3_228__CA,LSTM,One-step,0.3 < CV ≤ 0.4,6,9.982001304626465,13.182265281677246,0.8624958395957947,3.6934974193573,30.20027732849121
HOUSEHOLD_1_429__CA,LSTM,One-step,0.3 < CV ≤ 0.4,6,0.9698014259338379,0.46035996079444885,0.30409112572669983,16.621829986572266,1.4597054719924927
FOODS_3_555__TX,LSTM,One-step,0.3 < CV ≤ 0.4,6,16.454465866088867,22.844465255737305,0.8616912364959717,13.782026290893555,127.88826751708984
FOODS_3_252__TX,LSTM,One-step,0.3 < CV ≤ 0.4,6,10.306231498718262,14.766040802001953,0.8405477404594421,20.93660545349121,177.60971069335938
FOODS_3_739__CA,LSTM,One-step,0.3 < CV ≤ 0.4,6,6.545547962188721,19.223846435546875,0.8367316126823425,12.466508865356445,121.80872344970703
FOODS_3_477__TX,LSTM,One-step,0.3 < CV ≤ 0.4,6,5.243083477020264,7.7091450691223145,0.8794977068901062,1.9151203632354736,13.79509162902832
FOODS_3_458__CA,LSTM,One-step,0.3 < CV ≤ 0.4,6,7.164850234985352,8.328421592712402,0.8402707576751709,5.748772144317627,27.41025733947754
HOUSEHOLD_1_429__TX,LSTM,One-step,0.3 < CV ≤ 0.4,6,0.6451075077056885,0.1133459061384201,0.3000023066997528,13.005597114562988,0.3183525502681732
FOODS_3_226__TX,LSTM,One-step,0.3 < CV ≤ 0.4,6,9.28757381439209,11.895898818969727,0.8080799579620361,8.617335319519043,41.06599426269531
FOODS_2_181__TX,LSTM,One-step,0.3 < CV ≤ 0.4,7,6.578367233276367,11.023200988769531,0.8661853671073914,4.918257713317871,36.3551139831543
FOODS_3_377__WI,LSTM,One-step,0.3 < CV ≤ 0.4,7,9.275185585021973,13.131795883178711,0.8771233558654785,2.3615760803222656,23.001543045043945
FOODS_3_714__CA,LSTM,One-step,0.3 < CV ≤ 0.4,7,11.95881462097168,15.255948066711426,0.8301309943199158,11.939214706420898,113.29014587402344
FOODS_3_697__CA,LSTM,One-step,0.3 < CV ≤ 0.4,7,10.234540939331055,11.236541748046875,0.8143953680992126,5.773339748382568,31.644479751586914
FOODS_3_080__TX,LSTM,One-step,0.3 < CV ≤ 0.4,7,12.26598834991455,14.837258338928223,0.8823720216751099,4.380758762359619,36.071224212646484
FOODS_3_499__CA,LSTM,One-step,0.3 < CV ≤ 0.4,7,5.253032684326172,7.692352771759033,0.8043273091316223,12.675827026367188,64.87010955810547
HOUSEHOLD_1_110__CA,LSTM,One-step,0.3 < CV ≤ 0.4,7,8.717419624328613,23.72036361694336,0.7456052899360657,11.056205749511719,60.445343017578125
FOODS_3_288__CA,LSTM,One-step,0.3 < CV ≤ 0.4,7,7.906055927276611,23.45606803894043,0.8785896897315979,9.573192596435547,161.5265350341797
FOODS_3_252__CA,LSTM,One-step,0.3 < CV ≤ 0.4,7,11.414091110229492,14.1947603225708,0.8306834697723389,20.261188507080078,171.80435180664062
HOUSEHOLD_1_110__TX,LSTM,One-step,0.3 < CV ≤ 0.4,7,14.812631607055664,35.36378860473633,0.8399519324302673,6.027653217315674,85.45209503173828
FOODS_3_228__CA,LSTM,One-step,0.3 < CV ≤ 0.4,7,11.783180236816406,14.797398567199707,0.8696324825286865,3.310399293899536,31.895944595336914
HOUSEHOLD_1_429__CA,LSTM,One-step,0.3 < CV ≤ 0.4,7,1.4399440288543701,0.5920286178588867,0.27675747871398926,16.484621047973633,1.539794921875
FOODS_3_555__TX,LSTM,One-step,0.3 < CV ≤ 0.4,7,19.862070083618164,25.194929122924805,0.8705655932426453,12.33745002746582,138.462646484375
FOODS_3_252__TX,LSTM,One-step,0.3 < CV ≤ 0.4,7,12.355687141418457,15.374733924865723,0.8502886295318604,18.435461044311523,183.1825714111328
FOODS_3_739__CA,LSTM,One-step,0.3 < CV ≤ 0.4,7,7.600040435791016,23.458436965942383,0.8378310203552246,11.404521942138672,133.90684509277344
FOODS_3_477__TX,LSTM,One-step,0.3 < CV ≤ 0.4,7,5.963830947875977,9.241056442260742,0.8773573040962219,1.805755853652954,15.231176376342773
FOODS_3_458__CA,LSTM,One-step,0.3 < CV ≤ 0.4,7,8.139225006103516,8.485466957092285,0.8434135317802429,5.266319274902344,27.631816864013672
HOUSEHOLD_1_429__TX,LSTM,One-step,0.3 < CV ≤ 0.4,7,1.3896225690841675,0.15383338928222656,0.2812110483646393,12.924336433410645,0.5066401362419128
FOODS_3_226__TX,LSTM,One-step,0.3 < CV ≤ 0.4,7,10.416961669921875,12.064820289611816,0.808761477470398,7.906079292297363,41.36184310913086
FOODS_2_181__TX,LSTM,One-step,0.3 < CV ≤ 0.4,8,7.280930042266846,12.825953483581543,0.8730484843254089,4.646400451660156,39.47770309448242
FOODS_3_377__WI,LSTM,One-step,0.3 < CV ≤ 0.4,8,10.341955184936523,13.803584098815918,0.8948633670806885,2.0533413887023926,24.44856071472168
FOODS_3_714__CA,LSTM,One-step,0.3 < CV ≤ 0.4,8,13.461066246032715,14.802102088928223,0.8581059575080872,10.167397499084473,117.44866943359375
FOODS_3_697__CA,LSTM,One-step,0.3 < CV ≤ 0.4,8,11.123422622680664,10.608230590820312,0.8313230872154236,5.103366374969482,30.745447158813477
FOODS_3_080__TX,LSTM,One-step,0.3 < CV ≤ 0.4,8,13.867339134216309,16.701217651367188,0.8914201259613037,4.003825664520264,38.98280715942383
FOODS_3_499__CA,LSTM,One-step,0.3 < CV ≤ 0.4,8,5.617587089538574,8.283546447753906,0.8166439533233643,11.86890697479248,66.67432403564453
HOUSEHOLD_1_110__CA,LSTM,One-step,0.3 < CV ≤ 0.4,8,9.582304000854492,28.30794906616211,0.7468081116676331,10.457218170166016,63.79845428466797
FOODS_3_288__CA,LSTM,One-step,0.3 < CV ≤ 0.4,8,9.102523803710938,27.472896575927734,0.8866634964942932,8.955523490905762,182.87599182128906
FOODS_3_252__CA,LSTM,One-step,0.3 < CV ≤ 0.4,8,12.858635902404785,13.370780944824219,0.8576006293296814,17.35251808166504,175.97003173828125
HOUSEHOLD_1_110__TX,LSTM,One-step,0.3 < CV ≤ 0.4,8,16.69000816345215,43.62074661254883,0.848243772983551,5.5012593269348145,96.34440612792969
FOODS_3_228__CA,LSTM,One-step,0.3 < CV ≤ 0.4,8,13.395198822021484,16.074237823486328,0.8823418021202087,2.9657886028289795,34.919830322265625
HOUSEHOLD_1_429__CA,LSTM,One-step,0.3 < CV ≤ 0.4,8,1.36107337474823,0.6663191914558411,0.2914343476295471,16.59803009033203,1.6105918884277344
FOODS_3_555__TX,LSTM,One-step,0.3 < CV ≤ 0.4,8,22.28628158569336,26.274934768676758,0.8905789256095886,10.72093677520752,150.47206115722656
FOODS_3_252__TX,LSTM,One-step,0.3 < CV ≤ 0.4,8,13.780923843383789,15.495367050170898,0.8712850213050842,16.100229263305664,196.4232940673828
FOODS_3_739__CA,LSTM,One-step,0.3 < CV ≤ 0.4,8,8.603285789489746,26.123991012573242,0.8478925228118896,10.690071105957031,144.71116638183594
FOODS_3_477__TX,LSTM,One-step,0.3 < CV ≤ 0.4,8,6.925704002380371,11.167272567749023,0.8828355669975281,1.6882283687591553,16.72585678100586
FOODS_3_458__CA,LSTM,One-step,0.3 < CV ≤ 0.4,8,8.417510986328125,9.424912452697754,0.8586064577102661,5.050533294677734,29.433361053466797
HOUSEHOLD_1_429__TX,LSTM,One-step,0.3 < CV ≤ 0.4,8,1.235192060470581,0.18315701186656952,0.2836415767669678,12.975177764892578,0.4031451642513275
FOODS_3_226__TX,LSTM,One-step,0.3 < CV ≤ 0.4,8,11.183106422424316,11.543130874633789,0.825203001499176,7.120326042175293,40.94527053833008
FOODS_2_181__TX,LSTM,One-step,0.3 < CV ≤ 0.4,9,8.082200050354004,16.46918296813965,0.876059353351593,4.654519557952881,46.03779983520508
FOODS_3_377__WI,LSTM,One-step,0.3 < CV ≤ 0.4,9,11.248519897460938,16.778512954711914,0.9008026719093323,1.9778426885604858,28.224437713623047
FOODS_3_714__CA,LSTM,One-step,0.3 < CV ≤ 0.4,9,14.633927345275879,17.44922637939453,0.8886814117431641,9.42308521270752,136.8424835205078
FOODS_3_697__CA,LSTM,One-step,0.3 < CV ≤ 0.4,9,11.960958480834961,12.181464195251465,0.8492475152015686,4.764270305633545,32.983177185058594
FOODS_3_080__TX,LSTM,One-step,0.3 < CV ≤ 0.4,9,15.489563941955566,22.04817771911621,0.8978798389434814,3.982431173324585,45.098915100097656
FOODS_3_499__CA,LSTM,One-step,0.3 < CV ≤ 0.4,9,6.114161491394043,9.746744155883789,0.825711190700531,11.572774887084961,73.60342407226562
HOUSEHOLD_1_110__CA,LSTM,One-step,0.3 < CV ≤ 0.4,9,10.982789039611816,36.857479095458984,0.7575111985206604,10.087738037109375,73.3409652709961
FOODS_3_288__CA,LSTM,One-step,0.3 < CV ≤ 0.4,9,10.365382194519043,34.449649810791016,0.8962370753288269,8.728851318359375,210.29559326171875
FOODS_3_252__CA,LSTM,One-step,0.3 < CV ≤ 0.4,9,14.021427154541016,16.045392990112305,0.8815749287605286,16.289112091064453,206.86734008789062
HOUSEHOLD_1_110__TX,LSTM,One-step,0.3 < CV ≤ 0.4,9,18.113332748413086,54.43299865722656,0.8595178127288818,5.14182710647583,111.80704498291016
FOODS_3_228__CA,LSTM,One-step,0.3 < CV ≤ 0.4,9,15.038276672363281,19.39803123474121,0.8954042792320251,2.7926979064941406,40.13824462890625
HOUSEHOLD_1_429__CA,LSTM,One-step,0.3 < CV ≤ 0.4,9,1.5091794729232788,0.6880430579185486,0.2932074964046478,16.564001083374023,1.5934016704559326
FOODS_3_555__TX,LSTM,One-step,0.3 < CV ≤ 0.4,9,24.89531898498535,32.245330810546875,0.9105595946311951,9.681065559387207,173.1251220703125
FOODS_3_252__TX,LSTM,One-step,0.3 < CV ≤ 0.4,9,14.962894439697266,19.237573623657227,0.8917428851127625,14.97006607055664,229.44871520996094
FOODS_3_739__CA,LSTM,One-step,0.3 < CV ≤ 0.4,9,9.131011009216309,32.63011932373047,0.8637035489082336,10.129500389099121,163.4119873046875
FOODS_3_477__TX,LSTM,One-step,0.3 < CV ≤ 0.4,9,7.557341575622559,12.165489196777344,0.8888330459594727,1.636193037033081,18.405122756958008
FOODS_3_458__CA,LSTM,One-step,0.3 < CV ≤ 0.4,9,9.225889205932617,11.621517181396484,0.8612378835678101,5.145335674285889,34.913394927978516
HOUSEHOLD_1_429__TX,LSTM,One-step,0.3 < CV ≤ 0.4,9,1.487380862236023,0.3017217814922333,0.2848489284515381,12.991486549377441,0.6642554998397827
FOODS_3_226__TX,LSTM,One-step,0.3 < CV ≤ 0.4,9,12.063618659973145,13.157527923583984,0.8423646092414856,6.911249160766602,45.0853271484375
FOODS_2_181__TX,LSTM,One-step,0.3 < CV ≤ 0.4,10,9.415777206420898,22.149063110351562,0.8806389570236206,4.562636375427246,52.817718505859375
FOODS_3_377__WI,LSTM,One-step,0.3 < CV ≤ 0.4,10,12.683500289916992,22.110267639160156,0.9084370732307434,1.982351303100586,33.864097595214844
FOODS_3_714__CA,LSTM,One-step,0.3 < CV ≤ 0.4,10,18.450634002685547,24.896215438842773,0.9122486710548401,9.078182220458984,173.2847137451172
FOODS_3_697__CA,LSTM,One-step,0.3 < CV ≤ 0.4,10,14.745462417602539,17.48963737487793,0.868401288986206,4.927651882171631,44.70489501953125
FOODS_3_080__TX,LSTM,One-step,0.3 < CV ≤ 0.4,10,17.113801956176758,29.592065811157227,0.9037786722183228,3.9637320041656494,53.06029510498047
FOODS_3_499__CA,LSTM,One-step,0.3 < CV ≤ 0.4,10,6.912802696228027,13.034552574157715,0.8346202373504639,11.94613265991211,91.40489959716797
HOUSEHOLD_1_110__CA,LSTM,One-step,0.3 < CV ≤ 0.4,10,13.373651504516602,46.470603942871094,0.7870699167251587,9.737626075744629,89.75785827636719
FOODS_3_288__CA,LSTM,One-step,0.3 < CV ≤ 0.4,10,11.831429481506348,44.6119499206543,0.9035443067550659,8.99330997467041,250.99383544921875
FOODS_3_252__CA,LSTM,One-step,0.3 < CV ≤ 0.4,10,17.364410400390625,22.600727081298828,0.9068734645843506,16.153791427612305,269.9284362792969
HOUSEHOLD_1_110__TX,LSTM,One-step,0.3 < CV ≤ 0.4,10,20.795284271240234,68.65021514892578,0.8798032402992249,4.904200077056885,133.76292419433594
FOODS_3_228__CA,LSTM,One-step,0.3 < CV ≤ 0.4,10,17.84503173828125,27.297592163085938,0.9053505063056946,2.8306334018707275,49.98151779174805
HOUSEHOLD_1_429__CA,LSTM,One-step,0.3 < CV ≤ 0.4,10,1.8144879341125488,0.7362284064292908,0.301536500453949,16.53781509399414,1.6349087953567505
FOODS_3_555__TX,LSTM,One-step,0.3 < CV ≤ 0.4,10,29.62995719909668,46.832061767578125,0.9162822365760803,10.149099349975586,223.74586486816406
FOODS_3_252__TX,LSTM,One-step,0.3 < CV ≤ 0.4,10,18.225872039794922,27.686931610107422,0.9094846844673157,14.872638702392578,291.0330810546875
FOODS_3_739__CA,LSTM,One-step,0.3 < CV ≤ 0.4,10,10.449464797973633,41.11494827270508,0.8747838139533997,10.426252365112305,194.64109802246094
FOODS_3_477__TX,LSTM,One-step,0.3 < CV ≤ 0.4,10,8.469121932983398,15.458534240722656,0.8937415480613708,1.6429741382598877,21.469820022583008
FOODS_3_458__CA,LSTM,One-step,0.3 < CV ≤ 0.4,10,10.635812759399414,16.323261260986328,0.8630063533782959,5.430434703826904,44.51667022705078
HOUSEHOLD_1_429__TX,LSTM,One-step,0.3 < CV ≤ 0.4,10,1.681130290031433,0.27384474873542786,0.28848889470100403,12.977217674255371,0.5650187730789185
FOODS_3_226__TX,LSTM,One-step,0.3 < CV ≤ 0.4,10,14.735736846923828,18.06243324279785,0.8562179207801819,6.904649257659912,56.620452880859375
HOUSEHOLD_1_351__CA,LSTM,One-step,0.4 < CV ≤ 0.6,2,2.7245452404022217,2.0205745697021484,0.8900377154350281,3.4092321395874023,12.2077054977417
FOODS_2_326__TX,LSTM,One-step,0.4 < CV ≤ 0.6,2,1.1256394386291504,0.6159852743148804,0.8629212379455566,4.587610721588135,6.284158229827881
FOODS_3_652__WI,LSTM,One-step,0.4 < CV ≤ 0.6,2,1.3002012968063354,0.7670292854309082,0.8472241759300232,2.4269659519195557,3.0988409519195557
FOODS_3_469__CA,LSTM,One-step,0.4 < CV ≤ 0.6,2,1.0080969333648682,1.5753707885742188,0.8817238807678223,2.174677610397339,4.4572834968566895
FOODS_3_282__CA,LSTM,One-step,0.4 < CV ≤ 0.6,2,0.7890962362289429,0.2928401827812195,0.8111599087715149,19.923107147216797,10.242867469787598
HOUSEHOLD_1_517__TX,LSTM,One-step,0.4 < CV ≤ 0.6,2,1.4919734001159668,0.756417453289032,0.8369234204292297,3.6121668815612793,4.900285720825195
FOODS_3_804__CA,LSTM,One-step,0.4 < CV ≤ 0.6,2,1.1093449592590332,0.5995843410491943,0.8581727743148804,6.94174337387085,10.725563049316406
FOODS_3_503__CA,LSTM,One-step,0.4 < CV ≤ 0.6,2,1.3341548442840576,0.9018294811248779,0.8824900984764099,2.6977996826171875,5.338099479675293
FOODS_2_016__WI,LSTM,One-step,0.4 < CV ≤ 0.6,2,1.147385835647583,0.6780887246131897,0.8256852030754089,4.64622163772583,5.392274379730225
HOUSEHOLD_1_459__CA,LSTM,One-step,0.4 < CV ≤ 0.6,2,1.702136516571045,1.1045160293579102,0.9011087417602539,4.536993026733398,14.382853507995605
HOUSEHOLD_1_459__WI,LSTM,One-step,0.4 < CV ≤ 0.6,2,1.4032865762710571,1.0225001573562622,0.8246636390686035,9.184652328491211,12.80128288269043
FOODS_3_252__WI,LSTM,One-step,0.4 < CV ≤ 0.6,2,1.1882752180099487,0.5346474051475525,0.8801447749137878,5.202714920043945,7.852246284484863
FOODS_3_372__WI,LSTM,One-step,0.4 < CV ≤ 0.6,2,0.028001686558127403,0.0005018035881221294,0.14052769541740417,7.762539386749268,0.008716272190213203
HOUSEHOLD_1_334__TX,LSTM,One-step,0.4 < CV ≤ 0.6,2,3.514556407928467,2.4828219413757324,0.8995585441589355,4.326193332672119,17.590574264526367
HOUSEHOLD_1_118__CA,LSTM,One-step,0.4 < CV ≤ 0.6,2,1.0748674869537354,0.704445481300354,0.8784416913986206,5.9866790771484375,9.34305477142334
HOUSEHOLD_1_306__WI,LSTM,One-step,0.4 < CV ≤ 0.6,2,0.050979629158973694,0.00350416311994195,0.2498435378074646,9.409659385681152,0.05659374222159386
HOUSEHOLD_1_319__CA,LSTM,One-step,0.4 < CV ≤ 0.6,2,1.183004379272461,0.7486155033111572,0.8639175295829773,1.6356552839279175,2.6596758365631104
FOODS_3_389__WI,LSTM,One-step,0.4 < CV ≤ 0.6,2,1.5223060846328735,0.8695656061172485,0.8963831067085266,2.623093366622925,5.257568359375
HOUSEHOLD_1_465__CA,LSTM,One-step,0.4 < CV ≤ 0.6,2,1.3246617317199707,0.811405599117279,0.8531870245933533,6.853431224822998,9.64759635925293
HOUSEHOLD_1_351__CA,LSTM,One-step,0.4 < CV ≤ 0.6,3,5.29856014251709,6.173501491546631,0.8852765560150146,3.541959524154663,23.20429229736328
FOODS_2_326__TX,LSTM,One-step,0.4 < CV ≤ 0.6,3,1.8634158372879028,1.2544028759002686,0.8559107184410095,4.6506476402282715,9.843732833862305
FOODS_3_652__WI,LSTM,One-step,0.4 < CV ≤ 0.6,3,2.3169286251068115,1.9619594812393188,0.8375415802001953,2.4849488735198975,5.223753929138184
FOODS_3_469__CA,LSTM,One-step,0.4 < CV ≤ 0.6,3,1.5564823150634766,3.279858112335205,0.8792062401771545,2.205605983734131,6.854942798614502
FOODS_3_282__CA,LSTM,One-step,0.4 < CV ≤ 0.6,3,1.107078194618225,0.6838447451591492,0.8011631965637207,20.46077537536621,17.768230438232422
HOUSEHOLD_1_517__TX,LSTM,One-step,0.4 < CV ≤ 0.6,3,2.511075973510742,1.828758716583252,0.8268287181854248,3.53735613822937,7.86411190032959
FOODS_3_804__CA,LSTM,One-step,0.4 < CV ≤ 0.6,3,1.781317949295044,1.4637327194213867,0.8441617488861084,7.196238040924072,17.687946319580078
FOODS_3_503__CA,LSTM,One-step,0.4 < CV ≤ 0.6,3,2.465604543685913,2.3594512939453125,0.8696340322494507,3.0319466590881348,9.419330596923828
FOODS_2_016__WI,LSTM,One-step,0.4 < CV ≤ 0.6,3,1.9234288930892944,1.8447834253311157,0.813018798828125,4.66863489151001,9.321245193481445
HOUSEHOLD_1_459__CA,LSTM,One-step,0.4 < CV ≤ 0.6,3,2.839176893234253,2.7767579555511475,0.8992550373077393,4.858489990234375,24.722139358520508
HOUSEHOLD_1_459__WI,LSTM,One-step,0.4 < CV ≤ 0.6,3,2.510158061981201,2.700413703918457,0.820687472820282,9.203746795654297,23.935747146606445
FOODS_3_252__WI,LSTM,One-step,0.4 < CV ≤ 0.6,3,2.236924409866333,1.7066807746887207,0.8613819479942322,6.010835647583008,15.291874885559082
FOODS_3_372__WI,LSTM,One-step,0.4 < CV ≤ 0.6,3,0.051974982023239136,0.0005664276541210711,0.14016211032867432,7.761528968811035,0.009806543588638306
HOUSEHOLD_1_334__TX,LSTM,One-step,0.4 < CV ≤ 0.6,3,6.289147853851318,7.727120876312256,0.9027653336524963,4.574855327606201,36.52970504760742
HOUSEHOLD_1_118__CA,LSTM,One-step,0.4 < CV ≤ 0.6,3,1.8433691263198853,1.7080260515213013,0.8728557229042053,6.309716701507568,15.76498794555664
HOUSEHOLD_1_306__WI,LSTM,One-step,0.4 < CV ≤ 0.6,3,0.08342389017343521,0.006131206639111042,0.24759580194950104,9.400391578674316,0.07390868663787842
HOUSEHOLD_1_319__CA,LSTM,One-step,0.4 < CV ≤ 0.6,3,1.960389494895935,1.6242669820785522,0.8583378791809082,1.6765892505645752,4.275907516479492
FOODS_3_389__WI,LSTM,One-step,0.4 < CV ≤ 0.6,3,3.015824317932129,2.671081304550171,0.8822551369667053,3.028076410293579,9.907285690307617
HOUSEHOLD_1_465__CA,LSTM,One-step,0.4 < CV ≤ 0.6,3,2.2836530208587646,2.1501851081848145,0.8408223390579224,7.289644241333008,17.867834091186523
HOUSEHOLD_1_351__CA,LSTM,One-step,0.4 < CV ≤ 0.6,4,8.57174015045166,13.179356575012207,0.8935980200767517,3.564311981201172,39.28900909423828
FOODS_2_326__TX,LSTM,One-step,0.4 < CV ≤ 0.6,4,2.722928524017334,2.2489500045776367,0.8464677333831787,4.677961349487305,13.826594352722168
FOODS_3_652__WI,LSTM,One-step,0.4 < CV ≤ 0.6,4,3.4675025939941406,4.36431884765625,0.8294293284416199,2.6000144481658936,8.439764976501465
FOODS_3_469__CA,LSTM,One-step,0.4 < CV ≤ 0.6,4,2.3330321311950684,6.098630905151367,0.8641420006752014,2.463360071182251,10.598400115966797
FOODS_3_282__CA,LSTM,One-step,0.4 < CV ≤ 0.6,4,1.557690978050232,1.4702481031417847,0.794154167175293,22.029590606689453,31.594818115234375
HOUSEHOLD_1_517__TX,LSTM,One-step,0.4 < CV ≤ 0.6,4,3.397357940673828,3.3961119651794434,0.8268019556999207,3.6270461082458496,11.93521499633789
FOODS_3_804__CA,LSTM,One-step,0.4 < CV ≤ 0.6,4,2.432610034942627,2.868596315383911,0.8377661108970642,7.6796112060546875,26.820444107055664
FOODS_3_503__CA,LSTM,One-step,0.4 < CV ≤ 0.6,4,4.016049861907959,5.540711879730225,0.854836642742157,3.414351463317871,15.825505256652832
FOODS_2_016__WI,LSTM,One-step,0.4 < CV ≤ 0.6,4,2.6055257320404053,3.541804790496826,0.8128659725189209,4.670888900756836,13.887210845947266
HOUSEHOLD_1_459__CA,LSTM,One-step,0.4 < CV ≤ 0.6,4,4.653680324554443,6.3012824058532715,0.8901176452636719,5.408133029937744,41.119022369384766
HOUSEHOLD_1_459__WI,LSTM,One-step,0.4 < CV ≤ 0.6,4,3.663203239440918,5.288852214813232,0.8259667158126831,9.113577842712402,38.23642349243164
FOODS_3_252__WI,LSTM,One-step,0.4 < CV ≤ 0.6,4,3.6812520027160645,4.189188480377197,0.8552524447441101,6.5531907081604,26.14688491821289
FOODS_3_372__WI,LSTM,One-step,0.4 < CV ≤ 0.6,4,0.08092732727527618,0.000714518129825592,0.1373291015625,7.760552406311035,0.01226720679551363
HOUSEHOLD_1_334__TX,LSTM,One-step,0.4 < CV ≤ 0.6,4,9.935013771057129,16.735904693603516,0.9041780829429626,4.505807876586914,59.12913131713867
HOUSEHOLD_1_118__CA,LSTM,One-step,0.4 < CV ≤ 0.6,4,2.967921733856201,3.9524922370910645,0.8552273511886597,7.027322292327881,25.871158599853516
HOUSEHOLD_1_306__WI,LSTM,One-step,0.4 < CV ≤ 0.6,4,0.14778029918670654,0.010861672461032867,0.24719741940498352,9.395169258117676,0.10285519063472748
HOUSEHOLD_1_319__CA,LSTM,One-step,0.4 < CV ≤ 0.6,4,2.8092947006225586,2.957793712615967,0.8523044586181641,1.6481012105941772,6.204415798187256
FOODS_3_389__WI,LSTM,One-step,0.4 < CV ≤ 0.6,4,4.703454494476318,5.767311096191406,0.8703404068946838,3.3591837882995605,16.21748924255371
HOUSEHOLD_1_465__CA,LSTM,One-step,0.4 < CV ≤ 0.6,4,3.553717851638794,4.579698085784912,0.8429588675498962,7.560410976409912,29.580110549926758
HOUSEHOLD_1_351__CA,LSTM,One-step,0.4 < CV ≤ 0.6,5,11.83914852142334,20.921218872070312,0.8972171545028687,3.106876850128174,52.070011138916016
FOODS_2_326__TX,LSTM,One-step,0.4 < CV ≤ 0.6,5,3.3357250690460205,4.231784343719482,0.8481235504150391,5.052716255187988,20.04776954650879
FOODS_3_652__WI,LSTM,One-step,0.4 < CV ≤ 0.6,5,4.8722662925720215,7.8211669921875,0.8292991518974304,2.5996792316436768,12.084769248962402
FOODS_3_469__CA,LSTM,One-step,0.4 < CV ≤ 0.6,5,3.5053420066833496,9.931290626525879,0.8501140475273132,2.640737295150757,15.292927742004395
FOODS_3_282__CA,LSTM,One-step,0.4 < CV ≤ 0.6,5,2.3840606212615967,3.123002529144287,0.7889705896377563,23.939287185668945,56.546844482421875
HOUSEHOLD_1_517__TX,LSTM,One-step,0.4 < CV ≤ 0.6,5,4.664962291717529,6.063253402709961,0.8216866850852966,3.6518075466156006,16.665210723876953
FOODS_3_804__CA,LSTM,One-step,0.4 < CV ≤ 0.6,5,3.7081708908081055,5.18311882019043,0.8296776413917542,7.448372840881348,36.884456634521484
FOODS_3_503__CA,LSTM,One-step,0.4 < CV ≤ 0.6,5,5.6505913734436035,9.938097953796387,0.8412649631500244,3.6271116733551025,23.278451919555664
FOODS_2_016__WI,LSTM,One-step,0.4 < CV ≤ 0.6,5,3.818225145339966,6.716119289398193,0.8110536932945251,4.817814350128174,21.170991897583008
HOUSEHOLD_1_459__CA,LSTM,One-step,0.4 < CV ≤ 0.6,5,6.571827411651611,11.035691261291504,0.890671968460083,5.279016017913818,57.74439239501953
HOUSEHOLD_1_459__WI,LSTM,One-step,0.4 < CV ≤ 0.6,5,5.400594711303711,10.001334190368652,0.8210602402687073,8.384462356567383,55.10252380371094
FOODS_3_252__WI,LSTM,One-step,0.4 < CV ≤ 0.6,5,5.712104320526123,8.85845947265625,0.8342617750167847,6.471960067749023,39.08481979370117
FOODS_3_372__WI,LSTM,One-step,0.4 < CV ≤ 0.6,5,0.1010366901755333,0.0016195669304579496,0.13808761537075043,7.7607622146606445,0.014652291312813759
HOUSEHOLD_1_334__TX,LSTM,One-step,0.4 < CV ≤ 0.6,5,13.512025833129883,28.417137145996094,0.9157771468162537,4.056424140930176,83.12692260742188
HOUSEHOLD_1_118__CA,LSTM,One-step,0.4 < CV ≤ 0.6,5,4.238537788391113,7.326282978057861,0.8442017436027527,7.319887638092041,37.2608642578125
HOUSEHOLD_1_306__WI,LSTM,One-step,0.4 < CV ≤ 0.6,5,0.1966269463300705,0.015256566926836967,0.24721236526966095,9.397076606750488,0.13246947526931763
HOUSEHOLD_1_319__CA,LSTM,One-step,0.4 < CV ≤ 0.6,5,4.027839183807373,5.561789512634277,0.8453769087791443,1.7716301679611206,9.0722017288208
FOODS_3_389__WI,LSTM,One-step,0.4 < CV ≤ 0.6,5,7.102414608001709,10.663546562194824,0.8618660569190979,3.230376720428467,23.398929595947266
HOUSEHOLD_1_465__CA,LSTM,One-step,0.4 < CV ≤ 0.6,5,5.020005702972412,8.718358993530273,0.8315867781639099,7.873993396759033,44.32526779174805
HOUSEHOLD_1_351__CA,LSTM,One-step,0.4 < CV ≤ 0.6,6,14.622063636779785,29.344369888305664,0.9041284918785095,2.646545648574829,63.54465866088867
FOODS_2_326__TX,LSTM,One-step,0.4 < CV ≤ 0.6,6,4.240196228027344,5.894069671630859,0.8369929194450378,5.007880687713623,24.56119728088379
FOODS_3_652__WI,LSTM,One-step,0.4 < CV ≤ 0.6,6,6.337876319885254,10.530158042907715,0.8109321594238281,2.5298426151275635,14.93379020690918
FOODS_3_469__CA,LSTM,One-step,0.4 < CV ≤ 0.6,6,4.540369510650635,13.611344337463379,0.8411422967910767,2.5519254207611084,18.551612854003906
FOODS_3_282__CA,LSTM,One-step,0.4 < CV ≤ 0.6,6,3.2599127292633057,5.599711894989014,0.7710301280021667,23.834150314331055,78.78385162353516
HOUSEHOLD_1_517__TX,LSTM,One-step,0.4 < CV ≤ 0.6,6,5.565363883972168,7.819492340087891,0.8200165033340454,3.353807210922241,19.260896682739258
FOODS_3_804__CA,LSTM,One-step,0.4 < CV ≤ 0.6,6,4.646574020385742,6.960172653198242,0.8216394782066345,6.8657612800598145,43.49817657470703
FOODS_3_503__CA,LSTM,One-step,0.4 < CV ≤ 0.6,6,6.999505519866943,12.811259269714355,0.8321840763092041,3.375699043273926,27.12271499633789
FOODS_2_016__WI,LSTM,One-step,0.4 < CV ≤ 0.6,6,5.00580358505249,8.641743659973145,0.8120095729827881,4.582320213317871,25.140464782714844
HOUSEHOLD_1_459__CA,LSTM,One-step,0.4 < CV ≤ 0.6,6,8.13134479522705,14.46517276763916,0.8930093050003052,4.613701343536377,68.63037109375
HOUSEHOLD_1_459__WI,LSTM,One-step,0.4 < CV ≤ 0.6,6,6.758248805999756,12.520366668701172,0.8429120779037476,7.390573024749756,62.44278335571289
FOODS_3_252__WI,LSTM,One-step,0.4 < CV ≤ 0.6,6,7.193014621734619,11.391817092895508,0.8251098394393921,5.841609477996826,44.9576301574707
FOODS_3_372__WI,LSTM,One-step,0.4 < CV ≤ 0.6,6,0.13327434659004211,0.0014112754724919796,0.13646946847438812,7.760632514953613,0.014303155243396759
HOUSEHOLD_1_334__TX,LSTM,One-step,0.4 < CV ≤ 0.6,6,16.76922607421875,42.750125885009766,0.9201568961143494,3.548212766647339,105.72276306152344
HOUSEHOLD_1_118__CA,LSTM,One-step,0.4 < CV ≤ 0.6,6,5.364177227020264,10.834332466125488,0.83250892162323,7.055466651916504,44.766143798828125
HOUSEHOLD_1_306__WI,LSTM,One-step,0.4 < CV ≤ 0.6,6,0.2749980688095093,0.010673458687961102,0.2553780674934387,9.382305145263672,0.14008554816246033
HOUSEHOLD_1_319__CA,LSTM,One-step,0.4 < CV ≤ 0.6,6,5.008714199066162,7.74953556060791,0.8367111682891846,1.7025026082992554,10.895301818847656
FOODS_3_389__WI,LSTM,One-step,0.4 < CV ≤ 0.6,6,8.928342819213867,13.073683738708496,0.8534610867500305,2.922790765762329,26.482513427734375
HOUSEHOLD_1_465__CA,LSTM,One-step,0.4 < CV ≤ 0.6,6,6.506724834442139,12.418368339538574,0.8216145634651184,7.490281105041504,53.804039001464844
HOUSEHOLD_1_351__CA,LSTM,One-step,0.4 < CV ≤ 0.6,7,17.741329193115234,37.73805236816406,0.9195662140846252,2.1529667377471924,74.35037231445312
FOODS_2_326__TX,LSTM,One-step,0.4 < CV ≤ 0.6,7,4.769514083862305,6.131880283355713,0.8417639136314392,4.670724868774414,26.126771926879883
FOODS_3_652__WI,LSTM,One-step,0.4 < CV ≤ 0.6,7,7.41010046005249,12.24386215209961,0.8122445940971375,2.3625845909118652,15.939878463745117
FOODS_3_469__CA,LSTM,One-step,0.4 < CV ≤ 0.6,7,5.119998931884766,16.307693481445312,0.8394194841384888,2.3409292697906494,19.402511596679688
FOODS_3_282__CA,LSTM,One-step,0.4 < CV ≤ 0.6,7,3.68819522857666,6.060708045959473,0.7653417587280273,22.51885223388672,79.48157501220703
HOUSEHOLD_1_517__TX,LSTM,One-step,0.4 < CV ≤ 0.6,7,6.260261535644531,8.767745971679688,0.8330404162406921,3.0423641204833984,20.44940948486328
FOODS_3_804__CA,LSTM,One-step,0.4 < CV ≤ 0.6,7,5.232539653778076,7.844337463378906,0.8315150141716003,6.238499164581299,45.61758804321289
FOODS_3_503__CA,LSTM,One-step,0.4 < CV ≤ 0.6,7,8.25539493560791,15.124580383300781,0.8396636247634888,2.893226385116577,28.28680419921875
FOODS_2_016__WI,LSTM,One-step,0.4 < CV ≤ 0.6,7,5.6807146072387695,10.24908447265625,0.8055667281150818,4.446281909942627,28.20274543762207
HOUSEHOLD_1_459__CA,LSTM,One-step,0.4 < CV ≤ 0.6,7,9.79250717163086,17.31514549255371,0.9024510979652405,4.087264060974121,79.20620727539062
HOUSEHOLD_1_459__WI,LSTM,One-step,0.4 < CV ≤ 0.6,7,7.861409664154053,14.510825157165527,0.8545719385147095,7.068514347076416,71.22549438476562
FOODS_3_252__WI,LSTM,One-step,0.4 < CV ≤ 0.6,7,8.179498672485352,11.796781539916992,0.8372586369514465,5.06992244720459,46.706947326660156
FOODS_3_372__WI,LSTM,One-step,0.4 < CV ≤ 0.6,7,0.20977018773555756,0.0032664923928678036,0.1233820766210556,7.758359432220459,0.025577988475561142
HOUSEHOLD_1_334__TX,LSTM,One-step,0.4 < CV ≤ 0.6,7,19.52569580078125,56.08570098876953,0.9194917678833008,3.3409500122070312,126.47538757324219
HOUSEHOLD_1_118__CA,LSTM,One-step,0.4 < CV ≤ 0.6,7,6.034579277038574,12.977957725524902,0.835464358329773,6.319375991821289,47.82859420776367
HOUSEHOLD_1_306__WI,LSTM,One-step,0.4 < CV ≤ 0.6,7,0.4609377086162567,0.0381801575422287,0.1956673562526703,9.3366117477417,0.1810365468263626
HOUSEHOLD_1_319__CA,LSTM,One-step,0.4 < CV ≤ 0.6,7,5.662652969360352,8.105913162231445,0.8378003835678101,1.5769906044006348,11.5315580368042
FOODS_3_389__WI,LSTM,One-step,0.4 < CV ≤ 0.6,7,10.49758529663086,13.251928329467773,0.865405797958374,2.458592176437378,27.444477081298828
HOUSEHOLD_1_465__CA,LSTM,One-step,0.4 < CV ≤ 0.6,7,7.743507385253906,14.280956268310547,0.8205705285072327,6.82943868637085,58.87053680419922
HOUSEHOLD_1_351__CA,LSTM,One-step,0.4 < CV ≤ 0.6,8,20.79253578186035,47.495235443115234,0.928669810295105,1.836228847503662,86.56475067138672
FOODS_2_326__TX,LSTM,One-step,0.4 < CV ≤ 0.6,8,5.292671203613281,6.9477152824401855,0.8463800549507141,4.415413856506348,28.292848587036133
FOODS_3_652__WI,LSTM,One-step,0.4 < CV ≤ 0.6,8,8.07309627532959,14.181211471557617,0.8339991569519043,2.2907776832580566,17.710908889770508
FOODS_3_469__CA,LSTM,One-step,0.4 < CV ≤ 0.6,8,5.4222798347473145,19.467323303222656,0.8528701663017273,2.0857205390930176,19.833986282348633
FOODS_3_282__CA,LSTM,One-step,0.4 < CV ≤ 0.6,8,3.951336145401001,6.386447906494141,0.76519376039505,21.495027542114258,78.6358871459961
HOUSEHOLD_1_517__TX,LSTM,One-step,0.4 < CV ≤ 0.6,8,6.964502811431885,11.055129051208496,0.8387528657913208,2.9238195419311523,23.35446548461914
FOODS_3_804__CA,LSTM,One-step,0.4 < CV ≤ 0.6,8,5.437802314758301,9.182571411132812,0.8412920236587524,6.079946994781494,50.39924621582031
FOODS_3_503__CA,LSTM,One-step,0.4 < CV ≤ 0.6,8,9.253511428833008,17.600303649902344,0.8599573969841003,2.5641040802001953,30.093313217163086
FOODS_2_016__WI,LSTM,One-step,0.4 < CV ≤ 0.6,8,6.190107345581055,12.504406929016113,0.8081931471824646,4.384917736053467,31.71324920654297
HOUSEHOLD_1_459__CA,LSTM,One-step,0.4 < CV ≤ 0.6,8,11.705132484436035,21.19167709350586,0.9132312536239624,3.5843148231506348,90.2015609741211
HOUSEHOLD_1_459__WI,LSTM,One-step,0.4 < CV ≤ 0.6,8,8.612658500671387,17.927515029907227,0.8591151237487793,6.839175701141357,80.91752624511719
FOODS_3_252__WI,LSTM,One-step,0.4 < CV ≤ 0.6,8,8.954425811767578,11.200231552124023,0.8647235035896301,4.457152366638184,48.212589263916016
FOODS_3_372__WI,LSTM,One-step,0.4 < CV ≤ 0.6,8,0.22746287286281586,0.0019703207071870565,0.12856833636760712,7.760160446166992,0.018133386969566345
HOUSEHOLD_1_334__TX,LSTM,One-step,0.4 < CV ≤ 0.6,8,22.068443298339844,73.7068099975586,0.9282097816467285,2.9287352561950684,146.55361938476562
HOUSEHOLD_1_118__CA,LSTM,One-step,0.4 < CV ≤ 0.6,8,6.615622520446777,15.356720924377441,0.8454027771949768,5.73780632019043,50.73546600341797
HOUSEHOLD_1_306__WI,LSTM,One-step,0.4 < CV ≤ 0.6,8,0.4517799913883209,0.01463842298835516,0.2296529859304428,9.362234115600586,0.12395929545164108
HOUSEHOLD_1_319__CA,LSTM,One-step,0.4 < CV ≤ 0.6,8,6.105038166046143,8.50042724609375,0.8499206304550171,1.400445818901062,12.067333221435547
FOODS_3_389__WI,LSTM,One-step,0.4 < CV ≤ 0.6,8,11.579052925109863,14.595638275146484,0.8877683281898499,2.211698293685913,30.00295066833496
HOUSEHOLD_1_465__CA,LSTM,One-step,0.4 < CV ≤ 0.6,8,8.832921981811523,16.70574188232422,0.8286957144737244,6.200188636779785,63.80925369262695
HOUSEHOLD_1_351__CA,LSTM,One-step,0.4 < CV ≤ 0.6,9,23.37611198425293,59.64973068237305,0.9367588758468628,1.6623364686965942,101.05097198486328
FOODS_2_326__TX,LSTM,One-step,0.4 < CV ≤ 0.6,9,5.946375846862793,8.881610870361328,0.8481794595718384,4.312002182006836,32.136695861816406
FOODS_3_652__WI,LSTM,One-step,0.4 < CV ≤ 0.6,9,9.189995765686035,17.59176254272461,0.8386923670768738,2.1869332790374756,20.321622848510742
FOODS_3_469__CA,LSTM,One-step,0.4 < CV ≤ 0.6,9,5.810721397399902,23.62334632873535,0.8605908751487732,1.9845335483551025,21.813846588134766
FOODS_3_282__CA,LSTM,One-step,0.4 < CV ≤ 0.6,9,4.028445720672607,6.799875259399414,0.7819888591766357,20.44216537475586,77.449462890625
HOUSEHOLD_1_517__TX,LSTM,One-step,0.4 < CV ≤ 0.6,9,7.520871639251709,12.55367374420166,0.853141725063324,2.93489408493042,26.804561614990234
FOODS_3_804__CA,LSTM,One-step,0.4 < CV ≤ 0.6,9,5.781338214874268,12.164571762084961,0.8475314378738403,6.253150463104248,59.398773193359375
FOODS_3_503__CA,LSTM,One-step,0.4 < CV ≤ 0.6,9,10.425118446350098,21.97832489013672,0.8778019547462463,2.4679007530212402,35.26026153564453
FOODS_2_016__WI,LSTM,One-step,0.4 < CV ≤ 0.6,9,6.780435085296631,16.404020309448242,0.8143987655639648,4.382522106170654,37.60301971435547
HOUSEHOLD_1_459__CA,LSTM,One-step,0.4 < CV ≤ 0.6,9,13.149297714233398,26.663671493530273,0.929859459400177,3.1396310329437256,102.94802856445312
HOUSEHOLD_1_459__WI,LSTM,One-step,0.4 < CV ≤ 0.6,9,9.822526931762695,24.350557327270508,0.864335834980011,6.813210487365723,97.07745361328125
FOODS_3_252__WI,LSTM,One-step,0.4 < CV ≤ 0.6,9,10.102289199829102,13.950360298156738,0.8837095499038696,4.446597576141357,57.476444244384766
FOODS_3_372__WI,LSTM,One-step,0.4 < CV ≤ 0.6,9,0.3058755099773407,0.004786012228578329,0.12467607110738754,7.760387897491455,0.033202093094587326
HOUSEHOLD_1_334__TX,LSTM,One-step,0.4 < CV ≤ 0.6,9,24.971811294555664,96.38616180419922,0.9376474618911743,2.724881172180176,170.82061767578125
HOUSEHOLD_1_118__CA,LSTM,One-step,0.4 < CV ≤ 0.6,9,7.491746425628662,18.356233596801758,0.8546105027198792,5.5023322105407715,56.261600494384766
HOUSEHOLD_1_306__WI,LSTM,One-step,0.4 < CV ≤ 0.6,9,0.46157848834991455,0.021330885589122772,0.23108842968940735,9.380219459533691,0.1530303806066513
HOUSEHOLD_1_319__CA,LSTM,One-step,0.4 < CV ≤ 0.6,9,6.70894193649292,9.980478286743164,0.8571635484695435,1.3561878204345703,13.689327239990234
FOODS_3_389__WI,LSTM,One-step,0.4 < CV ≤ 0.6,9,12.86764907836914,19.098716735839844,0.9015417695045471,2.1709115505218506,35.869789123535156
HOUSEHOLD_1_465__CA,LSTM,One-step,0.4 < CV ≤ 0.6,9,9.766700744628906,18.805219650268555,0.8447616696357727,5.956679344177246,72.01009368896484
HOUSEHOLD_1_351__CA,LSTM,One-step,0.4 < CV ≤ 0.6,10,26.324420928955078,75.12293243408203,0.9475882053375244,1.5513091087341309,118.00865936279297
FOODS_2_326__TX,LSTM,One-step,0.4 < CV ≤ 0.6,10,6.892338752746582,12.229883193969727,0.8505176901817322,4.314938545227051,38.28907775878906
FOODS_3_652__WI,LSTM,One-step,0.4 < CV ≤ 0.6,10,10.352575302124023,21.23061180114746,0.8515629768371582,2.127603054046631,23.721206665039062
FOODS_3_469__CA,LSTM,One-step,0.4 < CV ≤ 0.6,10,6.528920650482178,27.906217575073242,0.8840957283973694,1.930152416229248,25.220083236694336
FOODS_3_282__CA,LSTM,One-step,0.4 < CV ≤ 0.6,10,4.603696823120117,10.61751937866211,0.7818282246589661,21.350419998168945,101.61344146728516
HOUSEHOLD_1_517__TX,LSTM,One-step,0.4 < CV ≤ 0.6,10,8.600179672241211,16.678794860839844,0.8599620461463928,2.821665048599243,31.124813079833984
FOODS_3_804__CA,LSTM,One-step,0.4 < CV ≤ 0.6,10,6.646236419677734,16.26631736755371,0.8467970490455627,6.437239646911621,71.23345184326172
FOODS_3_503__CA,LSTM,One-step,0.4 < CV ≤ 0.6,10,12.148240089416504,29.497764587402344,0.8895336389541626,2.500244379043579,44.230796813964844
FOODS_2_016__WI,LSTM,One-step,0.4 < CV ≤ 0.6,10,7.7093682289123535,22.281051635742188,0.8293313980102539,4.283762454986572,44.8616828918457
HOUSEHOLD_1_459__CA,LSTM,One-step,0.4 < CV ≤ 0.6,10,15.243759155273438,35.34366226196289,0.9359379410743713,3.235795736312866,123.53377532958984
HOUSEHOLD_1_459__WI,LSTM,One-step,0.4 < CV ≤ 0.6,10,11.185914039611816,32.010433197021484,0.8708705306053162,6.720117092132568,116.10515594482422
FOODS_3_252__WI,LSTM,One-step,0.4 < CV ≤ 0.6,10,12.532693862915039,19.968093872070312,0.8931706547737122,4.464230537414551,74.56485748291016
FOODS_3_372__WI,LSTM,One-step,0.4 < CV ≤ 0.6,10,0.3207291066646576,0.005218832287937403,0.13451698422431946,7.760965824127197,0.04143022000789642
HOUSEHOLD_1_334__TX,LSTM,One-step,0.4 < CV ≤ 0.6,10,28.329986572265625,122.86177825927734,0.9416325092315674,2.7344672679901123,200.94058227539062
HOUSEHOLD_1_118__CA,LSTM,One-step,0.4 < CV ≤ 0.6,10,9.010347366333008,22.845788955688477,0.8700716495513916,5.555669784545898,68.79473114013672
HOUSEHOLD_1_306__WI,LSTM,One-step,0.4 < CV ≤ 0.6,10,0.5484365820884705,0.025372391566634178,0.24273769557476044,9.372675895690918,0.17109642922878265
HOUSEHOLD_1_319__CA,LSTM,One-step,0.4 < CV ≤ 0.6,10,8.003524780273438,12.782498359680176,0.868532121181488,1.342359185218811,16.3111572265625
FOODS_3_389__WI,LSTM,One-step,0.4 < CV ≤ 0.6,10,15.686148643493652,26.858642578125,0.901337742805481,2.383326768875122,46.72284698486328
HOUSEHOLD_1_465__CA,LSTM,One-step,0.4 < CV ≤ 0.6,10,11.046133995056152,22.718467712402344,0.8593999147415161,5.945862770080566,85.21955108642578
FOODS_3_555__CA,LSTM,H-step,0.2 < CV ≤ 0.3,2,0.8887429237365723,0.4587312638759613,0.9410360455513,5.368093967437744,9.859331130981445
FOODS_3_694__WI,LSTM,H-step,0.2 < CV ≤ 0.3,2,1.0125378370285034,0.5636888146400452,0.9473751783370972,6.0583367347717285,13.406685829162598
FOODS_3_377__CA,LSTM,H-step,0.2 < CV ≤ 0.3,2,0.8835235238075256,0.5853587985038757,0.9287578463554382,2.920318603515625,4.664059638977051
FOODS_3_080__CA,LSTM,H-step,0.2 < CV ≤ 0.3,2,1.1315975189208984,0.7345630526542664,0.9454839825630188,3.404250144958496,8.842582702636719
FOODS_3_694__TX,LSTM,H-step,0.2 < CV ≤ 0.3,2,0.9419177174568176,0.519440233707428,0.9283090829849243,4.639402866363525,8.361568450927734
FOODS_3_042__WI,LSTM,H-step,0.2 < CV ≤ 0.3,2,0.8889047503471375,0.5614966750144958,0.9258729815483093,2.654129981994629,4.759462833404541
FOODS_3_586__CA,LSTM,H-step,0.2 < CV ≤ 0.3,2,0.8604962825775146,0.35927531123161316,0.9434643983840942,11.113962173461914,16.46388053894043
FOODS_3_586__TX,LSTM,H-step,0.2 < CV ≤ 0.3,2,1.0040333271026611,0.5285247564315796,0.9467397332191467,13.463530540466309,27.646446228027344
FOODS_3_377__TX,LSTM,H-step,0.2 < CV ≤ 0.3,2,0.978010356426239,0.5999048948287964,0.9365431666374207,6.568262577056885,10.26398754119873
FOODS_3_099__CA,LSTM,H-step,0.2 < CV ≤ 0.3,2,0.9773065447807312,0.9236427545547485,0.9212449193000793,4.282620429992676,8.221961975097656
FOODS_3_226__WI,LSTM,H-step,0.2 < CV ≤ 0.3,2,1.0796946287155151,0.6027841567993164,0.9422866702079773,8.933619499206543,15.84925365447998
FOODS_3_694__CA,LSTM,H-step,0.2 < CV ≤ 0.3,2,0.9688178896903992,0.548284649848938,0.9460229277610779,3.073044776916504,8.22053050994873
FOODS_3_555__CA,LSTM,H-step,0.2 < CV ≤ 0.3,3,1.1873737573623657,1.012826919555664,0.9404873847961426,5.309537887573242,14.543102264404297
FOODS_3_694__WI,LSTM,H-step,0.2 < CV ≤ 0.3,3,1.2118374109268188,1.1626479625701904,0.9466267824172974,6.113394737243652,19.854677200317383
FOODS_3_377__CA,LSTM,H-step,0.2 < CV ≤ 0.3,3,1.2631762027740479,1.1330231428146362,0.9283484220504761,2.8644330501556396,6.94043493270874
FOODS_3_080__CA,LSTM,H-step,0.2 < CV ≤ 0.3,3,1.5107437372207642,1.3032587766647339,0.945827841758728,3.3081679344177246,12.66065502166748
FOODS_3_694__TX,LSTM,H-step,0.2 < CV ≤ 0.3,3,1.2115148305892944,1.020746111869812,0.9274508357048035,4.593672275543213,12.214479446411133
FOODS_3_042__WI,LSTM,H-step,0.2 < CV ≤ 0.3,3,1.1734706163406372,1.1092529296875,0.9259558320045471,2.6367127895355225,6.976779937744141
FOODS_3_586__CA,LSTM,H-step,0.2 < CV ≤ 0.3,3,1.1874990463256836,0.7453621625900269,0.9418873190879822,11.12575626373291,24.4058837890625
FOODS_3_586__TX,LSTM,H-step,0.2 < CV ≤ 0.3,3,1.224474310874939,1.0853251218795776,0.9464733600616455,13.508660316467285,42.082279205322266
FOODS_3_377__TX,LSTM,H-step,0.2 < CV ≤ 0.3,3,1.2722004652023315,1.2350139617919922,0.934616208076477,6.650092124938965,15.378483772277832
FOODS_3_099__CA,LSTM,H-step,0.2 < CV ≤ 0.3,3,1.3633651733398438,1.7988184690475464,0.9212791323661804,4.162806987762451,12.076872825622559
FOODS_3_226__WI,LSTM,H-step,0.2 < CV ≤ 0.3,3,1.3791124820709229,1.336315393447876,0.9436364769935608,8.705002784729004,23.88144302368164
FOODS_3_694__CA,LSTM,H-step,0.2 < CV ≤ 0.3,3,1.297188401222229,1.1228011846542358,0.9460451006889343,3.0322623252868652,11.94350528717041
FOODS_3_555__CA,LSTM,H-step,0.2 < CV ≤ 0.3,4,1.3487542867660522,1.5255073308944702,0.94256591796875,5.1124587059021,18.46417236328125
FOODS_3_694__WI,LSTM,H-step,0.2 < CV ≤ 0.3,4,1.4472830295562744,1.9745960235595703,0.9454847574234009,6.182326316833496,26.331972122192383
FOODS_3_377__CA,LSTM,H-step,0.2 < CV ≤ 0.3,4,1.547406554222107,1.857335090637207,0.930876612663269,2.735642194747925,8.891373634338379
FOODS_3_080__CA,LSTM,H-step,0.2 < CV ≤ 0.3,4,1.9167877435684204,2.1096253395080566,0.9479320049285889,3.1540238857269287,16.420551300048828
FOODS_3_694__TX,LSTM,H-step,0.2 < CV ≤ 0.3,4,1.3833656311035156,1.6573621034622192,0.9270884990692139,4.510226249694824,15.924189567565918
FOODS_3_042__WI,LSTM,H-step,0.2 < CV ≤ 0.3,4,1.4203940629959106,1.676121473312378,0.9261956214904785,2.6402199268341064,9.124978065490723
FOODS_3_586__CA,LSTM,H-step,0.2 < CV ≤ 0.3,4,1.3171442747116089,1.2750945091247559,0.9427706003189087,10.926586151123047,31.986066818237305
FOODS_3_586__TX,LSTM,H-step,0.2 < CV ≤ 0.3,4,1.4024572372436523,1.9211509227752686,0.9456027746200562,13.582074165344238,56.75271987915039
FOODS_3_377__TX,LSTM,H-step,0.2 < CV ≤ 0.3,4,1.553680419921875,2.0159146785736084,0.9350752234458923,6.5486369132995605,20.42385482788086
FOODS_3_099__CA,LSTM,H-step,0.2 < CV ≤ 0.3,4,1.7170995473861694,2.9653351306915283,0.9198315739631653,4.28179931640625,16.33673095703125
FOODS_3_226__WI,LSTM,H-step,0.2 < CV ≤ 0.3,4,1.6843479871749878,2.3007917404174805,0.9425814747810364,8.901535987854004,32.38514709472656
FOODS_3_694__CA,LSTM,H-step,0.2 < CV ≤ 0.3,4,1.4578607082366943,1.876059889793396,0.9484962224960327,2.8595192432403564,15.514792442321777
FOODS_3_555__CA,LSTM,H-step,0.2 < CV ≤ 0.3,5,1.6163922548294067,2.2390313148498535,0.9393466711044312,5.417085647583008,22.934823989868164
FOODS_3_694__WI,LSTM,H-step,0.2 < CV ≤ 0.3,5,1.6343295574188232,3.113868474960327,0.9433832764625549,6.386900901794434,33.37559509277344
FOODS_3_377__CA,LSTM,H-step,0.2 < CV ≤ 0.3,5,1.792814016342163,2.8221888542175293,0.9321151971817017,2.7268712520599365,11.054508209228516
FOODS_3_080__CA,LSTM,H-step,0.2 < CV ≤ 0.3,5,2.231213331222534,3.3042826652526855,0.9444578289985657,3.325547695159912,20.90691566467285
FOODS_3_694__TX,LSTM,H-step,0.2 < CV ≤ 0.3,5,1.7053862810134888,2.300461769104004,0.9281846880912781,4.39599609375,19.06158447265625
FOODS_3_042__WI,LSTM,H-step,0.2 < CV ≤ 0.3,5,1.667000651359558,2.4212656021118164,0.9255792498588562,2.5866293907165527,10.79317569732666
FOODS_3_586__CA,LSTM,H-step,0.2 < CV ≤ 0.3,5,1.642155408859253,1.9164865016937256,0.9400503635406494,11.071080207824707,39.25007629394531
FOODS_3_586__TX,LSTM,H-step,0.2 < CV ≤ 0.3,5,1.5734981298446655,2.8928353786468506,0.9438686966896057,13.891213417053223,70.24199676513672
FOODS_3_377__TX,LSTM,H-step,0.2 < CV ≤ 0.3,5,1.8321024179458618,3.1514666080474854,0.9336951971054077,6.679332256317139,25.129634857177734
FOODS_3_099__CA,LSTM,H-step,0.2 < CV ≤ 0.3,5,2.2461798191070557,4.539001941680908,0.9177737832069397,4.287888526916504,20.092571258544922
FOODS_3_226__WI,LSTM,H-step,0.2 < CV ≤ 0.3,5,2.0057766437530518,3.3798158168792725,0.9426471590995789,8.755379676818848,40.4986457824707
FOODS_3_694__CA,LSTM,H-step,0.2 < CV ≤ 0.3,5,1.7583301067352295,2.752448081970215,0.9476610422134399,2.827731132507324,19.138185501098633
FOODS_3_555__CA,LSTM,H-step,0.2 < CV ≤ 0.3,6,1.9340393543243408,3.196977376937866,0.9366981983184814,5.587006568908691,26.846765518188477
FOODS_3_694__WI,LSTM,H-step,0.2 < CV ≤ 0.3,6,2.0361111164093018,4.343128681182861,0.9407766461372375,6.4465742111206055,40.17005920410156
FOODS_3_377__CA,LSTM,H-step,0.2 < CV ≤ 0.3,6,2.216864585876465,3.65682053565979,0.9314274787902832,2.7141828536987305,12.8353271484375
FOODS_3_080__CA,LSTM,H-step,0.2 < CV ≤ 0.3,6,2.8197875022888184,4.746993541717529,0.9438030123710632,3.312931537628174,24.720252990722656
FOODS_3_694__TX,LSTM,H-step,0.2 < CV ≤ 0.3,6,2.0066823959350586,3.203744888305664,0.9238640666007996,4.5855512619018555,23.327653884887695
FOODS_3_042__WI,LSTM,H-step,0.2 < CV ≤ 0.3,6,2.0428457260131836,3.4337780475616455,0.923445999622345,2.5807948112487793,12.89816951751709
FOODS_3_586__CA,LSTM,H-step,0.2 < CV ≤ 0.3,6,1.9798883199691772,2.6578269004821777,0.9399312734603882,11.30987548828125,45.695308685302734
FOODS_3_586__TX,LSTM,H-step,0.2 < CV ≤ 0.3,6,1.9574965238571167,4.015532970428467,0.9414539337158203,13.952198028564453,84.03267669677734
FOODS_3_377__TX,LSTM,H-step,0.2 < CV ≤ 0.3,6,2.0466580390930176,4.351706027984619,0.9331377148628235,6.670645713806152,28.970239639282227
FOODS_3_099__CA,LSTM,H-step,0.2 < CV ≤ 0.3,6,2.752941608428955,6.052894115447998,0.9178137183189392,4.270385265350342,23.371997833251953
FOODS_3_226__WI,LSTM,H-step,0.2 < CV ≤ 0.3,6,2.353367805480957,4.771771430969238,0.9415552616119385,8.842116355895996,48.438140869140625
FOODS_3_694__CA,LSTM,H-step,0.2 < CV ≤ 0.3,6,2.444988250732422,3.940626382827759,0.9409144520759583,3.0110936164855957,23.147655487060547
FOODS_3_555__CA,LSTM,H-step,0.2 < CV ≤ 0.3,7,2.459272861480713,4.379616737365723,0.9334818124771118,5.671905040740967,30.757368087768555
FOODS_3_694__WI,LSTM,H-step,0.2 < CV ≤ 0.3,7,2.9127357006073,6.166667938232422,0.9364829659461975,6.463717460632324,46.47855758666992
FOODS_3_377__CA,LSTM,H-step,0.2 < CV ≤ 0.3,7,2.914973258972168,5.051285266876221,0.9283897280693054,2.7454416751861572,14.829666137695312
FOODS_3_080__CA,LSTM,H-step,0.2 < CV ≤ 0.3,7,3.672494888305664,6.534132480621338,0.943225622177124,3.3134524822235107,28.931474685668945
FOODS_3_694__TX,LSTM,H-step,0.2 < CV ≤ 0.3,7,2.3897409439086914,4.296244144439697,0.9196573495864868,4.7396697998046875,27.645395278930664
FOODS_3_042__WI,LSTM,H-step,0.2 < CV ≤ 0.3,7,2.8065836429595947,4.360750198364258,0.9192035794258118,2.596083641052246,15.03545093536377
FOODS_3_586__CA,LSTM,H-step,0.2 < CV ≤ 0.3,7,2.2263479232788086,3.4441874027252197,0.9411596655845642,11.163057327270508,50.78750991821289
FOODS_3_586__TX,LSTM,H-step,0.2 < CV ≤ 0.3,7,2.6284279823303223,5.488722801208496,0.9391778707504272,14.051214218139648,98.59120178222656
FOODS_3_377__TX,LSTM,H-step,0.2 < CV ≤ 0.3,7,2.4745965003967285,5.33243465423584,0.9323388338088989,6.660855770111084,32.84590530395508
FOODS_3_099__CA,LSTM,H-step,0.2 < CV ≤ 0.3,7,3.1101903915405273,8.606817245483398,0.9158940315246582,4.360659599304199,27.483423233032227
FOODS_3_226__WI,LSTM,H-step,0.2 < CV ≤ 0.3,7,3.2857766151428223,6.280316352844238,0.9384989738464355,8.8409423828125,54.640560150146484
FOODS_3_694__CA,LSTM,H-step,0.2 < CV ≤ 0.3,7,3.2058701515197754,5.395069599151611,0.939403772354126,3.0089800357818604,26.31351661682129
FOODS_3_555__CA,LSTM,H-step,0.2 < CV ≤ 0.3,8,2.991544246673584,6.3319783210754395,0.9310280084609985,5.878230571746826,35.87492370605469
FOODS_3_694__WI,LSTM,H-step,0.2 < CV ≤ 0.3,8,3.826866626739502,8.167027473449707,0.9349034428596497,6.482363224029541,52.85630416870117
FOODS_3_377__CA,LSTM,H-step,0.2 < CV ≤ 0.3,8,3.526221752166748,6.609212875366211,0.9273216128349304,2.7676732540130615,16.968036651611328
FOODS_3_080__CA,LSTM,H-step,0.2 < CV ≤ 0.3,8,4.481229305267334,9.417872428894043,0.9408553242683411,3.4661178588867188,34.45059585571289
FOODS_3_694__TX,LSTM,H-step,0.2 < CV ≤ 0.3,8,2.8576440811157227,5.098464012145996,0.9202440977096558,4.64278507232666,30.137371063232422
FOODS_3_042__WI,LSTM,H-step,0.2 < CV ≤ 0.3,8,3.3435089588165283,6.309617042541504,0.9177594184875488,2.61383056640625,17.249635696411133
FOODS_3_586__CA,LSTM,H-step,0.2 < CV ≤ 0.3,8,2.547833204269409,5.041769504547119,0.9395121335983276,11.655393600463867,60.59861755371094
FOODS_3_586__TX,LSTM,H-step,0.2 < CV ≤ 0.3,8,3.2685277462005615,7.588294506072998,0.9377468228340149,14.340492248535156,113.87278747558594
FOODS_3_377__TX,LSTM,H-step,0.2 < CV ≤ 0.3,8,3.128134250640869,7.34882926940918,0.9302170872688293,6.759530067443848,37.93417739868164
FOODS_3_099__CA,LSTM,H-step,0.2 < CV ≤ 0.3,8,3.547513008117676,11.24049186706543,0.9165779948234558,4.333858489990234,30.806961059570312
FOODS_3_226__WI,LSTM,H-step,0.2 < CV ≤ 0.3,8,4.317768573760986,8.349350929260254,0.9338109493255615,9.371052742004395,64.75420379638672
FOODS_3_694__CA,LSTM,H-step,0.2 < CV ≤ 0.3,8,3.6485490798950195,7.384608268737793,0.9396119117736816,3.167198896408081,31.261327743530273
FOODS_3_555__CA,LSTM,H-step,0.2 < CV ≤ 0.3,9,3.6408560276031494,8.71273422241211,0.9282433986663818,6.026666641235352,40.96442794799805
FOODS_3_694__WI,LSTM,H-step,0.2 < CV ≤ 0.3,9,4.433979511260986,11.036223411560059,0.9344123601913452,6.672946453094482,61.776424407958984
FOODS_3_377__CA,LSTM,H-step,0.2 < CV ≤ 0.3,9,4.107166290283203,8.404470443725586,0.9291839003562927,2.7345855236053467,19.11001968383789
FOODS_3_080__CA,LSTM,H-step,0.2 < CV ≤ 0.3,9,5.382148265838623,12.722306251525879,0.9406216740608215,3.429751396179199,38.574493408203125
FOODS_3_694__TX,LSTM,H-step,0.2 < CV ≤ 0.3,9,3.404176950454712,7.155293941497803,0.9202108383178711,4.6335768699646,33.909786224365234
FOODS_3_042__WI,LSTM,H-step,0.2 < CV ≤ 0.3,9,3.7468295097351074,8.681249618530273,0.9176198244094849,2.6519737243652344,19.74053192138672
FOODS_3_586__CA,LSTM,H-step,0.2 < CV ≤ 0.3,9,3.257187604904175,7.445433139801025,0.9357989430427551,12.158173561096191,72.04400634765625
FOODS_3_586__TX,LSTM,H-step,0.2 < CV ≤ 0.3,9,3.9117343425750732,10.561797142028809,0.9365971088409424,14.489051818847656,130.84286499023438
FOODS_3_377__TX,LSTM,H-step,0.2 < CV ≤ 0.3,9,3.7254998683929443,9.625388145446777,0.9278066754341125,6.965892314910889,44.90313720703125
FOODS_3_099__CA,LSTM,H-step,0.2 < CV ≤ 0.3,9,4.27889347076416,14.296496391296387,0.9128959774971008,4.464757919311523,36.1361198425293
FOODS_3_226__WI,LSTM,H-step,0.2 < CV ≤ 0.3,9,5.119719982147217,11.756961822509766,0.9317411184310913,9.666053771972656,75.55756378173828
FOODS_3_694__CA,LSTM,H-step,0.2 < CV ≤ 0.3,9,4.259397983551025,10.686738967895508,0.9403400421142578,3.127418041229248,34.67097473144531
FOODS_3_555__CA,LSTM,H-step,0.2 < CV ≤ 0.3,10,4.217640399932861,10.459195137023926,0.9266523122787476,6.05654764175415,44.579200744628906
FOODS_3_694__WI,LSTM,H-step,0.2 < CV ≤ 0.3,10,4.888479232788086,14.3833646774292,0.9340370297431946,6.754117488861084,69.30353546142578
FOODS_3_377__CA,LSTM,H-step,0.2 < CV ≤ 0.3,10,4.819622993469238,11.46023941040039,0.9281574487686157,2.7597928047180176,21.595399856567383
FOODS_3_080__CA,LSTM,H-step,0.2 < CV ≤ 0.3,10,6.207941055297852,17.151330947875977,0.939670205116272,3.5034687519073486,43.506954193115234
FOODS_3_694__TX,LSTM,H-step,0.2 < CV ≤ 0.3,10,3.742830276489258,8.789469718933105,0.9178490042686462,4.775733947753906,38.92945861816406
FOODS_3_042__WI,LSTM,H-step,0.2 < CV ≤ 0.3,10,4.263245582580566,9.494830131530762,0.9211171865463257,2.5575356483459473,20.976215362548828
FOODS_3_586__CA,LSTM,H-step,0.2 < CV ≤ 0.3,10,3.991184949874878,9.82369613647461,0.9326208829879761,12.348275184631348,80.86184692382812
FOODS_3_586__TX,LSTM,H-step,0.2 < CV ≤ 0.3,10,4.375874042510986,13.342190742492676,0.934866726398468,15.035648345947266,151.9256134033203
FOODS_3_377__TX,LSTM,H-step,0.2 < CV ≤ 0.3,10,4.229364395141602,12.468828201293945,0.927684485912323,7.066148281097412,50.644203186035156
FOODS_3_099__CA,LSTM,H-step,0.2 < CV ≤ 0.3,10,4.968415260314941,17.086593627929688,0.9107497930526733,4.4719109535217285,41.10835266113281
FOODS_3_226__WI,LSTM,H-step,0.2 < CV ≤ 0.3,10,5.616419792175293,14.518488883972168,0.9319918155670166,9.531980514526367,84.76253509521484
FOODS_3_694__CA,LSTM,H-step,0.2 < CV ≤ 0.3,10,4.872689247131348,13.187911033630371,0.9416886568069458,3.1021056175231934,38.386756896972656
FOODS_2_181__TX,LSTM,H-step,0.3 < CV ≤ 0.4,2,0.873981237411499,0.7691782712936401,0.9234575629234314,3.381150960922241,9.005640029907227
FOODS_3_377__WI,LSTM,H-step,0.3 < CV ≤ 0.4,2,1.1018147468566895,0.8279634118080139,0.9277526140213013,1.753596544265747,4.774896144866943
FOODS_3_714__CA,LSTM,H-step,0.3 < CV ≤ 0.4,2,0.8336013555526733,0.2938109040260315,0.9311490058898926,6.9314799308776855,11.312311172485352
FOODS_3_697__CA,LSTM,H-step,0.3 < CV ≤ 0.4,2,0.8274655938148499,0.4101857542991638,0.9024460315704346,3.930760622024536,4.820724010467529
FOODS_3_080__TX,LSTM,H-step,0.3 < CV ≤ 0.4,2,1.163468837738037,0.7115758657455444,0.9264454245567322,3.159315586090088,6.079203128814697
FOODS_3_499__CA,LSTM,H-step,0.3 < CV ≤ 0.4,2,0.7972103357315063,0.31489431858062744,0.8410243988037109,11.461641311645508,8.239984512329102
HOUSEHOLD_1_110__CA,LSTM,H-step,0.3 < CV ≤ 0.4,2,0.8238726854324341,0.9074453115463257,0.6974706649780273,14.30811882019043,6.008708953857422
FOODS_3_288__CA,LSTM,H-step,0.3 < CV ≤ 0.4,2,0.9835391044616699,1.0397350788116455,0.8705325722694397,11.79052448272705,20.088027954101562
FOODS_3_252__CA,LSTM,H-step,0.3 < CV ≤ 0.4,2,0.7019370794296265,0.22319477796554565,0.9268771409988403,12.381942749023438,15.330831527709961
HOUSEHOLD_1_110__TX,LSTM,H-step,0.3 < CV ≤ 0.4,2,0.912835955619812,1.169548511505127,0.7624244093894958,9.446979522705078,6.987060070037842
FOODS_3_228__CA,LSTM,H-step,0.3 < CV ≤ 0.4,2,1.1007102727890015,0.6090214252471924,0.9380215406417847,1.912898302078247,5.27496337890625
HOUSEHOLD_1_429__CA,LSTM,H-step,0.3 < CV ≤ 0.4,2,0.26010817289352417,0.11642885953187943,0.3681511878967285,15.25555419921875,0.7209292054176331
FOODS_3_555__TX,LSTM,H-step,0.3 < CV ≤ 0.4,2,1.1349445581436157,0.7821617126464844,0.9396650195121765,7.4269609451293945,18.44396209716797
FOODS_3_252__TX,LSTM,H-step,0.3 < CV ≤ 0.4,2,0.8636279702186584,0.3556380271911621,0.9236481785774231,12.612876892089844,19.890705108642578
FOODS_3_739__CA,LSTM,H-step,0.3 < CV ≤ 0.4,2,0.917971134185791,1.0564125776290894,0.8464990854263306,12.268985748291016,16.404722213745117
FOODS_3_477__TX,LSTM,H-step,0.3 < CV ≤ 0.4,2,0.8231622576713562,0.5942814350128174,0.9077481031417847,1.669588565826416,3.128709554672241
FOODS_3_458__CA,LSTM,H-step,0.3 < CV ≤ 0.4,2,0.8387910723686218,0.6124901175498962,0.9013530015945435,4.172868251800537,5.337774276733398
HOUSEHOLD_1_429__TX,LSTM,H-step,0.3 < CV ≤ 0.4,2,0.3079274892807007,0.07131260633468628,0.35463467240333557,12.08956241607666,0.23689819872379303
FOODS_3_226__TX,LSTM,H-step,0.3 < CV ≤ 0.4,2,0.7840986847877502,0.4044593870639801,0.8974264860153198,5.393872261047363,5.169659614562988
FOODS_2_181__TX,LSTM,H-step,0.3 < CV ≤ 0.4,3,1.1201903820037842,1.6418429613113403,0.923778772354126,3.3513190746307373,13.54423713684082
FOODS_3_377__WI,LSTM,H-step,0.3 < CV ≤ 0.4,3,1.4528021812438965,1.4691585302352905,0.9206171631813049,1.8589378595352173,6.837616443634033
FOODS_3_714__CA,LSTM,H-step,0.3 < CV ≤ 0.4,3,1.0594499111175537,0.6624286770820618,0.9293293356895447,6.883171081542969,17.50418472290039
FOODS_3_697__CA,LSTM,H-step,0.3 < CV ≤ 0.4,3,1.2685006856918335,0.8581241965293884,0.9033350348472595,3.6832573413848877,6.731583595275879
FOODS_3_080__TX,LSTM,H-step,0.3 < CV ≤ 0.4,3,1.4565908908843994,1.3942956924438477,0.9255101680755615,3.159061908721924,8.853557586669922
FOODS_3_499__CA,LSTM,H-step,0.3 < CV ≤ 0.4,3,0.9967666864395142,0.7135143280029297,0.8475306630134583,11.0462007522583,13.23273754119873
HOUSEHOLD_1_110__CA,LSTM,H-step,0.3 < CV ≤ 0.4,3,1.210063099861145,1.8397862911224365,0.6917628645896912,14.290191650390625,9.06296443939209
FOODS_3_288__CA,LSTM,H-step,0.3 < CV ≤ 0.4,3,1.3180643320083618,2.440337896347046,0.8623430728912354,12.140446662902832,32.20282745361328
FOODS_3_252__CA,LSTM,H-step,0.3 < CV ≤ 0.4,3,0.9570087790489197,0.514495849609375,0.925670862197876,12.37791633605957,23.57122039794922
HOUSEHOLD_1_110__TX,LSTM,H-step,0.3 < CV ≤ 0.4,3,1.286930799484253,2.1110987663269043,0.7560126185417175,9.515507698059082,10.141429901123047
FOODS_3_228__CA,LSTM,H-step,0.3 < CV ≤ 0.4,3,1.3736146688461304,1.1382399797439575,0.935416042804718,1.9577176570892334,7.810103416442871
HOUSEHOLD_1_429__CA,LSTM,H-step,0.3 < CV ≤ 0.4,3,0.4054720103740692,0.24840351939201355,0.3659953474998474,15.184892654418945,1.1114332675933838
FOODS_3_555__TX,LSTM,H-step,0.3 < CV ≤ 0.4,3,1.3438317775726318,1.5324749946594238,0.9385122060775757,7.636764049530029,27.107393264770508
FOODS_3_252__TX,LSTM,H-step,0.3 < CV ≤ 0.4,3,1.0537086725234985,0.7002381682395935,0.9226237535476685,12.750664710998535,29.937698364257812
FOODS_3_739__CA,LSTM,H-step,0.3 < CV ≤ 0.4,3,1.2390272617340088,2.5080111026763916,0.8475194573402405,12.095438003540039,26.326339721679688
FOODS_3_477__TX,LSTM,H-step,0.3 < CV ≤ 0.4,3,1.0819436311721802,1.1304526329040527,0.9082412719726562,1.613481879234314,4.487477779388428
FOODS_3_458__CA,LSTM,H-step,0.3 < CV ≤ 0.4,3,1.0917762517929077,1.160586953163147,0.8998531699180603,4.200532913208008,7.994850158691406
HOUSEHOLD_1_429__TX,LSTM,H-step,0.3 < CV ≤ 0.4,3,0.47968268394470215,0.23071761429309845,0.3537648618221283,12.042238235473633,0.4194723963737488
FOODS_3_226__TX,LSTM,H-step,0.3 < CV ≤ 0.4,3,1.047703504562378,0.7874513864517212,0.8950730562210083,5.399740219116211,7.444953918457031
FOODS_2_181__TX,LSTM,H-step,0.3 < CV ≤ 0.4,4,1.3777456283569336,2.86141037940979,0.9251409769058228,3.214500665664673,17.686250686645508
FOODS_3_377__WI,LSTM,H-step,0.3 < CV ≤ 0.4,4,1.8830896615982056,2.272458791732788,0.9182567000389099,1.8163450956344604,8.370779037475586
FOODS_3_714__CA,LSTM,H-step,0.3 < CV ≤ 0.4,4,1.125994086265564,1.1807777881622314,0.9304783940315247,6.841268539428711,23.387243270874023
FOODS_3_697__CA,LSTM,H-step,0.3 < CV ≤ 0.4,4,1.5073758363723755,1.5055915117263794,0.9018054604530334,3.752760887145996,9.463454246520996
FOODS_3_080__TX,LSTM,H-step,0.3 < CV ≤ 0.4,4,1.8428963422775269,2.179658889770508,0.9269556999206543,3.079315662384033,11.545427322387695
FOODS_3_499__CA,LSTM,H-step,0.3 < CV ≤ 0.4,4,1.1712543964385986,1.3213088512420654,0.8506565690040588,10.73824405670166,19.219646453857422
HOUSEHOLD_1_110__CA,LSTM,H-step,0.3 < CV ≤ 0.4,4,1.4575393199920654,3.1713435649871826,0.6926755905151367,13.961196899414062,12.057311058044434
FOODS_3_288__CA,LSTM,H-step,0.3 < CV ≤ 0.4,4,1.5569864511489868,4.585594177246094,0.8625710606575012,12.202431678771973,45.747440338134766
FOODS_3_252__CA,LSTM,H-step,0.3 < CV ≤ 0.4,4,1.0469722747802734,0.9195652604103088,0.9241388440132141,12.54228687286377,31.057310104370117
HOUSEHOLD_1_110__TX,LSTM,H-step,0.3 < CV ≤ 0.4,4,1.6349838972091675,3.6189136505126953,0.7514989376068115,9.540839195251465,13.9623384475708
FOODS_3_228__CA,LSTM,H-step,0.3 < CV ≤ 0.4,4,1.6372251510620117,1.768492579460144,0.9385841488838196,1.85073721408844,10.066749572753906
HOUSEHOLD_1_429__CA,LSTM,H-step,0.3 < CV ≤ 0.4,4,0.5771307349205017,0.42866435647010803,0.36695054173469543,15.1632719039917,1.3981671333312988
FOODS_3_555__TX,LSTM,H-step,0.3 < CV ≤ 0.4,4,1.5167016983032227,2.393549680709839,0.939917266368866,7.434939384460449,35.56571960449219
FOODS_3_252__TX,LSTM,H-step,0.3 < CV ≤ 0.4,4,1.1674385070800781,1.1887309551239014,0.9221957325935364,12.704014778137207,40.70301818847656
FOODS_3_739__CA,LSTM,H-step,0.3 < CV ≤ 0.4,4,1.395725131034851,4.679592609405518,0.8490929007530212,12.43224811553955,38.98774719238281
FOODS_3_477__TX,LSTM,H-step,0.3 < CV ≤ 0.4,4,1.358962893486023,1.7101643085479736,0.909989058971405,1.5383412837982178,5.723088264465332
FOODS_3_458__CA,LSTM,H-step,0.3 < CV ≤ 0.4,4,1.3859570026397705,1.7646136283874512,0.8986948728561401,4.185098171234131,10.350943565368652
HOUSEHOLD_1_429__TX,LSTM,H-step,0.3 < CV ≤ 0.4,4,0.5568811297416687,0.49180829524993896,0.3530224561691284,12.040773391723633,0.5787405371665955
FOODS_3_226__TX,LSTM,H-step,0.3 < CV ≤ 0.4,4,1.2658357620239258,1.2480742931365967,0.8918359279632568,5.487917423248291,9.96828556060791
FOODS_2_181__TX,LSTM,H-step,0.3 < CV ≤ 0.4,5,1.8172918558120728,4.558653831481934,0.9234508872032166,3.1628360748291016,22.064420700073242
FOODS_3_377__WI,LSTM,H-step,0.3 < CV ≤ 0.4,5,2.386458396911621,3.2470715045928955,0.9154783487319946,1.8961613178253174,10.521321296691895
FOODS_3_714__CA,LSTM,H-step,0.3 < CV ≤ 0.4,5,1.2732741832733154,1.7887498140335083,0.9274082779884338,7.014872074127197,29.2760066986084
FOODS_3_697__CA,LSTM,H-step,0.3 < CV ≤ 0.4,5,1.88124680519104,2.054896593093872,0.8965761661529541,3.8263821601867676,11.766030311584473
FOODS_3_080__TX,LSTM,H-step,0.3 < CV ≤ 0.4,5,2.1656153202056885,3.3065011501312256,0.9267941117286682,3.068136692047119,14.553862571716309
FOODS_3_499__CA,LSTM,H-step,0.3 < CV ≤ 0.4,5,1.40911865234375,2.0913589000701904,0.8413366675376892,11.417038917541504,25.672414779663086
HOUSEHOLD_1_110__CA,LSTM,H-step,0.3 < CV ≤ 0.4,5,1.5052717924118042,4.672507286071777,0.6999303102493286,13.739466667175293,14.485372543334961
FOODS_3_288__CA,LSTM,H-step,0.3 < CV ≤ 0.4,5,1.6661137342453003,7.007900714874268,0.8648574352264404,12.617744445800781,59.917091369628906
FOODS_3_252__CA,LSTM,H-step,0.3 < CV ≤ 0.4,5,1.2383426427841187,1.4194817543029785,0.9211074709892273,12.921040534973145,38.09122085571289
HOUSEHOLD_1_110__TX,LSTM,H-step,0.3 < CV ≤ 0.4,5,1.897197961807251,5.392292022705078,0.7470966577529907,9.590346336364746,17.45604705810547
FOODS_3_228__CA,LSTM,H-step,0.3 < CV ≤ 0.4,5,1.801973581314087,2.60027813911438,0.9343398809432983,1.929466962814331,12.736797332763672
HOUSEHOLD_1_429__CA,LSTM,H-step,0.3 < CV ≤ 0.4,5,0.6355819702148438,0.5872657895088196,0.3591417372226715,15.341029167175293,1.6237595081329346
FOODS_3_555__TX,LSTM,H-step,0.3 < CV ≤ 0.4,5,1.7460452318191528,3.2594192028045654,0.9372257590293884,7.650264739990234,44.7498664855957
FOODS_3_252__TX,LSTM,H-step,0.3 < CV ≤ 0.4,5,1.2826929092407227,1.7194786071777344,0.923194169998169,12.624295234680176,49.948577880859375
FOODS_3_739__CA,LSTM,H-step,0.3 < CV ≤ 0.4,5,1.5850046873092651,7.522932052612305,0.84715735912323,12.8311767578125,52.4239616394043
FOODS_3_477__TX,LSTM,H-step,0.3 < CV ≤ 0.4,5,1.5909936428070068,2.5361289978027344,0.9100329279899597,1.5493972301483154,7.134961128234863
FOODS_3_458__CA,LSTM,H-step,0.3 < CV ≤ 0.4,5,1.6612954139709473,2.516207695007324,0.8945665955543518,4.295093059539795,12.97756290435791
HOUSEHOLD_1_429__TX,LSTM,H-step,0.3 < CV ≤ 0.4,5,0.6713310480117798,0.7089947462081909,0.34430670738220215,12.171399116516113,0.6911575794219971
FOODS_3_226__TX,LSTM,H-step,0.3 < CV ≤ 0.4,5,1.4835081100463867,1.9132179021835327,0.8859947919845581,5.694072246551514,12.302867889404297
FOODS_2_181__TX,LSTM,H-step,0.3 < CV ≤ 0.4,6,2.3642263412475586,7.120619773864746,0.9226000905036926,3.194124221801758,26.924394607543945
FOODS_3_377__WI,LSTM,H-step,0.3 < CV ≤ 0.4,6,2.6780478954315186,4.290298938751221,0.916787326335907,1.8713688850402832,12.840481758117676
FOODS_3_714__CA,LSTM,H-step,0.3 < CV ≤ 0.4,6,1.5607764720916748,2.443838357925415,0.9225102663040161,7.342723846435547,35.224937438964844
FOODS_3_697__CA,LSTM,H-step,0.3 < CV ≤ 0.4,6,2.5770204067230225,2.8811028003692627,0.8919819593429565,3.768941879272461,13.2864990234375
FOODS_3_080__TX,LSTM,H-step,0.3 < CV ≤ 0.4,6,2.7053160667419434,4.504439830780029,0.9238936901092529,3.0847318172454834,17.161603927612305
FOODS_3_499__CA,LSTM,H-step,0.3 < CV ≤ 0.4,6,1.7881748676300049,3.2360262870788574,0.8270219564437866,12.30201244354248,34.77532958984375
HOUSEHOLD_1_110__CA,LSTM,H-step,0.3 < CV ≤ 0.4,6,1.8319565057754517,6.685818672180176,0.6957750916481018,13.749676704406738,18.213403701782227
FOODS_3_288__CA,LSTM,H-step,0.3 < CV ≤ 0.4,6,1.9406057596206665,10.0934419631958,0.8600829839706421,12.735923767089844,74.7283935546875
FOODS_3_252__CA,LSTM,H-step,0.3 < CV ≤ 0.4,6,1.5159125328063965,1.996464729309082,0.9163480401039124,13.545636177062988,45.8748664855957
HOUSEHOLD_1_110__TX,LSTM,H-step,0.3 < CV ≤ 0.4,6,2.2667696475982666,7.764832973480225,0.7536291480064392,9.867862701416016,23.0345516204834
FOODS_3_228__CA,LSTM,H-step,0.3 < CV ≤ 0.4,6,2.273747682571411,3.519597291946411,0.9302833080291748,1.9611824750900269,15.011605262756348
HOUSEHOLD_1_429__CA,LSTM,H-step,0.3 < CV ≤ 0.4,6,0.6866691708564758,0.8598835468292236,0.35523340106010437,15.443482398986816,1.9636791944503784
FOODS_3_555__TX,LSTM,H-step,0.3 < CV ≤ 0.4,6,2.5113394260406494,4.5448317527771,0.9338646531105042,7.563202381134033,53.250022888183594
FOODS_3_252__TX,LSTM,H-step,0.3 < CV ≤ 0.4,6,1.6134942770004272,2.4333484172821045,0.91949462890625,12.694807052612305,58.36350631713867
FOODS_3_739__CA,LSTM,H-step,0.3 < CV ≤ 0.4,6,1.9079868793487549,10.546411514282227,0.8410925269126892,13.200614929199219,65.96260833740234
FOODS_3_477__TX,LSTM,H-step,0.3 < CV ≤ 0.4,6,1.8532243967056274,3.3146138191223145,0.9107915163040161,1.5019723176956177,8.27706527709961
FOODS_3_458__CA,LSTM,H-step,0.3 < CV ≤ 0.4,6,2.152186155319214,3.4290034770965576,0.8893364667892456,4.316893100738525,15.2611665725708
HOUSEHOLD_1_429__TX,LSTM,H-step,0.3 < CV ≤ 0.4,6,0.8518391251564026,1.2818760871887207,0.33888673782348633,12.290740013122559,0.8609903454780579
FOODS_3_226__TX,LSTM,H-step,0.3 < CV ≤ 0.4,6,2.008491039276123,2.7138824462890625,0.8760612607002258,5.91632080078125,14.501688003540039
FOODS_2_181__TX,LSTM,H-step,0.3 < CV ≤ 0.4,7,2.8557255268096924,10.120896339416504,0.9218068718910217,3.1566367149353027,31.237525939941406
FOODS_3_377__WI,LSTM,H-step,0.3 < CV ≤ 0.4,7,3.10821533203125,5.69488000869751,0.9185930490493774,1.7976478338241577,14.582157135009766
FOODS_3_714__CA,LSTM,H-step,0.3 < CV ≤ 0.4,7,1.9327887296676636,3.38952898979187,0.9171838164329529,7.522092819213867,40.76683044433594
FOODS_3_697__CA,LSTM,H-step,0.3 < CV ≤ 0.4,7,2.8696322441101074,3.699465274810791,0.8947930932044983,3.7381863594055176,14.701827049255371
FOODS_3_080__TX,LSTM,H-step,0.3 < CV ≤ 0.4,7,3.5587310791015625,6.129037857055664,0.9194238781929016,3.15930438041687,20.197837829589844
FOODS_3_499__CA,LSTM,H-step,0.3 < CV ≤ 0.4,7,2.2305748462677,4.373595714569092,0.822848379611969,11.890708923339844,40.07902526855469
HOUSEHOLD_1_110__CA,LSTM,H-step,0.3 < CV ≤ 0.4,7,2.2389004230499268,10.074894905090332,0.7122132182121277,14.135347366333008,24.9726505279541
FOODS_3_288__CA,LSTM,H-step,0.3 < CV ≤ 0.4,7,2.651825189590454,14.095186233520508,0.8559672236442566,11.62601375579834,89.56322479248047
FOODS_3_252__CA,LSTM,H-step,0.3 < CV ≤ 0.4,7,1.9265464544296265,2.532750368118286,0.9104894399642944,13.82613468170166,51.683475494384766
HOUSEHOLD_1_110__TX,LSTM,H-step,0.3 < CV ≤ 0.4,7,2.1684207916259766,10.592601776123047,0.7635082602500916,10.00683879852295,27.26699447631836
FOODS_3_228__CA,LSTM,H-step,0.3 < CV ≤ 0.4,7,2.7817461490631104,4.885241985321045,0.9295381903648376,1.996233344078064,17.371849060058594
HOUSEHOLD_1_429__CA,LSTM,H-step,0.3 < CV ≤ 0.4,7,0.9038518667221069,0.9716954827308655,0.341494083404541,15.528392791748047,1.9212712049484253
FOODS_3_555__TX,LSTM,H-step,0.3 < CV ≤ 0.4,7,3.5934717655181885,6.307257175445557,0.9309588670730591,7.667004108428955,63.874393463134766
FOODS_3_252__TX,LSTM,H-step,0.3 < CV ≤ 0.4,7,2.0007903575897217,3.2517595291137695,0.9160903692245483,12.784102439880371,67.42717742919922
FOODS_3_739__CA,LSTM,H-step,0.3 < CV ≤ 0.4,7,2.4830100536346436,13.610407829284668,0.8381777405738831,12.170052528381348,76.26168823242188
FOODS_3_477__TX,LSTM,H-step,0.3 < CV ≤ 0.4,7,2.323275327682495,4.182864665985107,0.9078506231307983,1.4980288743972778,9.605515480041504
FOODS_3_458__CA,LSTM,H-step,0.3 < CV ≤ 0.4,7,2.772157907485962,4.246829986572266,0.8859639763832092,4.234038352966309,16.77467155456543
HOUSEHOLD_1_429__TX,LSTM,H-step,0.3 < CV ≤ 0.4,7,1.1730250120162964,1.201672911643982,0.33867427706718445,12.356231689453125,0.8696419596672058
FOODS_3_226__TX,LSTM,H-step,0.3 < CV ≤ 0.4,7,2.7375426292419434,3.7760848999023438,0.8689740896224976,6.037802219390869,17.001432418823242
FOODS_2_181__TX,LSTM,H-step,0.3 < CV ≤ 0.4,8,3.2984306812286377,13.620080947875977,0.9194711446762085,3.2741618156433105,36.671104431152344
FOODS_3_377__WI,LSTM,H-step,0.3 < CV ≤ 0.4,8,3.618767738342285,6.428743839263916,0.9155940413475037,1.8066742420196533,16.3105411529541
FOODS_3_714__CA,LSTM,H-step,0.3 < CV ≤ 0.4,8,2.1697263717651367,4.628806114196777,0.9143635630607605,7.567495822906494,46.05232238769531
FOODS_3_697__CA,LSTM,H-step,0.3 < CV ≤ 0.4,8,2.964604139328003,4.665685653686523,0.8954691886901855,3.8953843116760254,17.207561492919922
FOODS_3_080__TX,LSTM,H-step,0.3 < CV ≤ 0.4,8,4.365498065948486,8.19173812866211,0.917283296585083,3.2433691024780273,23.572511672973633
FOODS_3_499__CA,LSTM,H-step,0.3 < CV ≤ 0.4,8,2.3745126724243164,5.2387518882751465,0.8316863775253296,11.713489532470703,41.67112350463867
HOUSEHOLD_1_110__CA,LSTM,H-step,0.3 < CV ≤ 0.4,8,2.5735154151916504,14.469372749328613,0.6953210830688477,14.197813987731934,28.703319549560547
FOODS_3_288__CA,LSTM,H-step,0.3 < CV ≤ 0.4,8,2.994943857192993,16.47168731689453,0.8625533580780029,11.59296989440918,98.9234390258789
FOODS_3_252__CA,LSTM,H-step,0.3 < CV ≤ 0.4,8,2.0687947273254395,3.492382287979126,0.9115321040153503,13.913823127746582,57.92028045654297
HOUSEHOLD_1_110__TX,LSTM,H-step,0.3 < CV ≤ 0.4,8,2.5257866382598877,13.878252983093262,0.7494643330574036,10.101977348327637,29.86956787109375
FOODS_3_228__CA,LSTM,H-step,0.3 < CV ≤ 0.4,8,3.239065170288086,6.775941848754883,0.9295751452445984,2.0456087589263916,20.200511932373047
HOUSEHOLD_1_429__CA,LSTM,H-step,0.3 < CV ≤ 0.4,8,1.0301955938339233,1.0816067457199097,0.33961722254753113,15.68066120147705,2.1037869453430176
FOODS_3_555__TX,LSTM,H-step,0.3 < CV ≤ 0.4,8,4.429272651672363,8.856203079223633,0.9296399354934692,7.751832962036133,74.59967803955078
FOODS_3_252__TX,LSTM,H-step,0.3 < CV ≤ 0.4,8,2.4349188804626465,4.658790588378906,0.91166090965271,13.16336727142334,79.0194320678711
FOODS_3_739__CA,LSTM,H-step,0.3 < CV ≤ 0.4,8,2.758509874343872,16.74648666381836,0.8382197022438049,12.338698387145996,85.81414031982422
FOODS_3_477__TX,LSTM,H-step,0.3 < CV ≤ 0.4,8,2.852132558822632,5.4119038581848145,0.9067779183387756,1.4949814081192017,11.029603004455566
FOODS_3_458__CA,LSTM,H-step,0.3 < CV ≤ 0.4,8,3.003499746322632,4.955546855926514,0.886236846446991,4.337640285491943,19.459081649780273
HOUSEHOLD_1_429__TX,LSTM,H-step,0.3 < CV ≤ 0.4,8,1.432237982749939,1.2922691106796265,0.3218894302845001,12.459449768066406,0.868305504322052
FOODS_3_226__TX,LSTM,H-step,0.3 < CV ≤ 0.4,8,3.0356361865997314,4.630626201629639,0.8691024780273438,6.0919318199157715,19.470510482788086
FOODS_2_181__TX,LSTM,H-step,0.3 < CV ≤ 0.4,9,3.7857625484466553,17.776926040649414,0.9206072092056274,3.291957139968872,41.902931213378906
FOODS_3_377__WI,LSTM,H-step,0.3 < CV ≤ 0.4,9,4.039897441864014,8.598913192749023,0.9142288565635681,1.851279616355896,19.05109214782715
FOODS_3_714__CA,LSTM,H-step,0.3 < CV ≤ 0.4,9,2.3494691848754883,6.066106796264648,0.9140904545783997,7.739164352416992,53.329132080078125
FOODS_3_697__CA,LSTM,H-step,0.3 < CV ≤ 0.4,9,3.3836400508880615,6.076145172119141,0.8942831754684448,3.7587950229644775,18.193254470825195
FOODS_3_080__TX,LSTM,H-step,0.3 < CV ≤ 0.4,9,5.105734348297119,11.640382766723633,0.9177573919296265,3.315519094467163,27.44767189025879
FOODS_3_499__CA,LSTM,H-step,0.3 < CV ≤ 0.4,9,2.6417112350463867,7.136712551116943,0.8306192755699158,11.746747016906738,48.77696990966797
HOUSEHOLD_1_110__CA,LSTM,H-step,0.3 < CV ≤ 0.4,9,2.8966927528381348,16.089988708496094,0.6938837170600891,14.085868835449219,30.713659286499023
FOODS_3_288__CA,LSTM,H-step,0.3 < CV ≤ 0.4,9,3.5112502574920654,20.906248092651367,0.8602682948112488,11.991738319396973,114.24425506591797
FOODS_3_252__CA,LSTM,H-step,0.3 < CV ≤ 0.4,9,2.3686814308166504,4.969273567199707,0.9094514846801758,14.358002662658691,68.03270721435547
HOUSEHOLD_1_110__TX,LSTM,H-step,0.3 < CV ≤ 0.4,9,2.936321496963501,16.243576049804688,0.7399340271949768,10.200993537902832,33.024967193603516
FOODS_3_228__CA,LSTM,H-step,0.3 < CV ≤ 0.4,9,3.9525012969970703,9.60483169555664,0.9296717643737793,2.0593533515930176,23.080543518066406
HOUSEHOLD_1_429__CA,LSTM,H-step,0.3 < CV ≤ 0.4,9,1.1645762920379639,1.048614263534546,0.3339841663837433,15.736513137817383,1.978586196899414
FOODS_3_555__TX,LSTM,H-step,0.3 < CV ≤ 0.4,9,4.989813804626465,12.506372451782227,0.9291319847106934,7.926446914672852,86.98070526123047
FOODS_3_252__TX,LSTM,H-step,0.3 < CV ≤ 0.4,9,2.8009777069091797,6.34534215927124,0.9093801975250244,13.418816566467285,90.81250762939453
FOODS_3_739__CA,LSTM,H-step,0.3 < CV ≤ 0.4,9,3.116220474243164,21.192941665649414,0.8382730484008789,12.422812461853027,97.99945068359375
FOODS_3_477__TX,LSTM,H-step,0.3 < CV ≤ 0.4,9,3.3806679248809814,6.994593620300293,0.9018003940582275,1.5202927589416504,12.808633804321289
FOODS_3_458__CA,LSTM,H-step,0.3 < CV ≤ 0.4,9,3.3705363273620605,6.787377834320068,0.8858475089073181,4.425720691680908,22.25530433654785
HOUSEHOLD_1_429__TX,LSTM,H-step,0.3 < CV ≤ 0.4,9,1.622005820274353,1.1798384189605713,0.3151164948940277,12.561333656311035,0.8201748132705688
FOODS_3_226__TX,LSTM,H-step,0.3 < CV ≤ 0.4,9,3.275238513946533,5.424431324005127,0.871308445930481,6.097042083740234,20.95335578918457
FOODS_2_181__TX,LSTM,H-step,0.3 < CV ≤ 0.4,10,4.283335208892822,22.70732307434082,0.9204506278038025,3.298293352127075,46.52627182006836
FOODS_3_377__WI,LSTM,H-step,0.3 < CV ≤ 0.4,10,4.7184224128723145,10.496475219726562,0.9121254086494446,1.7970314025878906,20.797155380249023
FOODS_3_714__CA,LSTM,H-step,0.3 < CV ≤ 0.4,10,2.7258081436157227,7.492214679718018,0.9111387729644775,7.832563877105713,60.96831130981445
FOODS_3_697__CA,LSTM,H-step,0.3 < CV ≤ 0.4,10,3.961141586303711,8.484498023986816,0.8906226754188538,3.9206042289733887,22.374187469482422
FOODS_3_080__TX,LSTM,H-step,0.3 < CV ≤ 0.4,10,5.881458282470703,15.185660362243652,0.9176388382911682,3.3462071418762207,30.607349395751953
FOODS_3_499__CA,LSTM,H-step,0.3 < CV ≤ 0.4,10,2.846400737762451,9.048783302307129,0.836455225944519,11.899036407470703,57.58167266845703
HOUSEHOLD_1_110__CA,LSTM,H-step,0.3 < CV ≤ 0.4,10,3.433950185775757,19.685195922851562,0.6855809092521667,14.148218154907227,35.455902099609375
FOODS_3_288__CA,LSTM,H-step,0.3 < CV ≤ 0.4,10,3.8760297298431396,26.973989486694336,0.8560147285461426,12.3880033493042,132.60638427734375
FOODS_3_252__CA,LSTM,H-step,0.3 < CV ≤ 0.4,10,2.9257290363311768,6.052586555480957,0.9062350988388062,14.560157775878906,76.70381164550781
HOUSEHOLD_1_110__TX,LSTM,H-step,0.3 < CV ≤ 0.4,10,3.3117856979370117,19.70032501220703,0.7289819717407227,10.33660888671875,37.22174072265625
FOODS_3_228__CA,LSTM,H-step,0.3 < CV ≤ 0.4,10,4.555597305297852,12.348653793334961,0.9277312159538269,2.092237949371338,26.133405685424805
HOUSEHOLD_1_429__CA,LSTM,H-step,0.3 < CV ≤ 0.4,10,1.2070645093917847,1.1476141214370728,0.32944604754447937,15.838852882385254,1.9999538660049438
FOODS_3_555__TX,LSTM,H-step,0.3 < CV ≤ 0.4,10,5.566587448120117,15.838296890258789,0.9290111660957336,8.136454582214355,98.32339477539062
FOODS_3_252__TX,LSTM,H-step,0.3 < CV ≤ 0.4,10,3.1778554916381836,8.195024490356445,0.9050730466842651,14.052667617797852,106.47161865234375
FOODS_3_739__CA,LSTM,H-step,0.3 < CV ≤ 0.4,10,3.2200541496276855,28.64836311340332,0.8436352610588074,12.392840385437012,111.54310607910156
FOODS_3_477__TX,LSTM,H-step,0.3 < CV ≤ 0.4,10,3.7974977493286133,9.190299034118652,0.9025617837905884,1.5041226148605347,13.987104415893555
FOODS_3_458__CA,LSTM,H-step,0.3 < CV ≤ 0.4,10,3.776679039001465,9.184171676635742,0.8812003135681152,4.625423431396484,26.11307716369629
HOUSEHOLD_1_429__TX,LSTM,H-step,0.3 < CV ≤ 0.4,10,1.8406723737716675,0.42625656723976135,0.31256943941116333,12.619488716125488,0.6656315922737122
FOODS_3_226__TX,LSTM,H-step,0.3 < CV ≤ 0.4,10,3.506477117538452,6.294731140136719,0.868823766708374,6.1550493240356445,22.74382209777832
HOUSEHOLD_1_351__CA,LSTM,H-step,0.4 < CV ≤ 0.6,2,1.5700782537460327,1.277121663093567,0.8864161372184753,3.588412284851074,9.783037185668945
FOODS_2_326__TX,LSTM,H-step,0.4 < CV ≤ 0.6,2,0.7330443263053894,0.5685378313064575,0.8775177597999573,4.322886943817139,6.326134204864502
FOODS_3_652__WI,LSTM,H-step,0.4 < CV ≤ 0.6,2,0.7235434651374817,0.6848588585853577,0.8668333292007446,2.211439609527588,2.947002410888672
FOODS_3_469__CA,LSTM,H-step,0.4 < CV ≤ 0.6,2,0.7883028984069824,1.4711260795593262,0.8870106935501099,2.1189208030700684,4.189628601074219
FOODS_3_282__CA,LSTM,H-step,0.4 < CV ≤ 0.6,2,0.6857993602752686,0.481302946805954,0.8515691757202148,16.100954055786133,16.005239486694336
HOUSEHOLD_1_517__TX,LSTM,H-step,0.4 < CV ≤ 0.6,2,0.8294870257377625,0.759020209312439,0.8672016859054565,3.048525094985962,4.885021686553955
FOODS_3_804__CA,LSTM,H-step,0.4 < CV ≤ 0.6,2,0.8808462619781494,0.5217929482460022,0.8767943382263184,6.021761894226074,10.16481876373291
FOODS_3_503__CA,LSTM,H-step,0.4 < CV ≤ 0.6,2,0.9314979910850525,0.9444835186004639,0.8988401889801025,2.433572292327881,5.4676594734191895
FOODS_2_016__WI,LSTM,H-step,0.4 < CV ≤ 0.6,2,0.7875406742095947,0.5590906739234924,0.8395238518714905,4.323178768157959,4.850265979766846
HOUSEHOLD_1_459__CA,LSTM,H-step,0.4 < CV ≤ 0.6,2,0.9640904664993286,0.7384418845176697,0.8926070332527161,5.215915203094482,11.06679916381836
HOUSEHOLD_1_459__WI,LSTM,H-step,0.4 < CV ≤ 0.6,2,0.9703498482704163,0.9227273464202881,0.8680745959281921,7.235017776489258,12.061028480529785
FOODS_3_252__WI,LSTM,H-step,0.4 < CV ≤ 0.6,2,0.7958870530128479,0.42187175154685974,0.9119099378585815,4.020055770874023,7.495079517364502
FOODS_3_372__WI,LSTM,H-step,0.4 < CV ≤ 0.6,2,0.10335439443588257,0.07584632933139801,0.1546650528907776,7.651371002197266,0.09875129908323288
HOUSEHOLD_1_334__TX,LSTM,H-step,0.4 < CV ≤ 0.6,2,1.8176326751708984,1.1300405263900757,0.8770037293434143,5.21286153793335,11.039140701293945
HOUSEHOLD_1_118__CA,LSTM,H-step,0.4 < CV ≤ 0.6,2,0.6641356348991394,0.694125235080719,0.8882824182510376,5.65480375289917,9.497255325317383
HOUSEHOLD_1_306__WI,LSTM,H-step,0.4 < CV ≤ 0.6,2,0.09717857837677002,0.04535787180066109,0.2999120354652405,8.899816513061523,0.17918454110622406
HOUSEHOLD_1_319__CA,LSTM,H-step,0.4 < CV ≤ 0.6,2,0.8881421089172363,0.7118339538574219,0.8827670216560364,1.4647889137268066,2.718961000442505
FOODS_3_389__WI,LSTM,H-step,0.4 < CV ≤ 0.6,2,0.8950448036193848,0.6039860248565674,0.9152665734291077,2.2051162719726562,4.912259101867676
HOUSEHOLD_1_465__CA,LSTM,H-step,0.4 < CV ≤ 0.6,2,0.869655966758728,0.7739441394805908,0.8497125506401062,6.989930152893066,9.147025108337402
HOUSEHOLD_1_351__CA,LSTM,H-step,0.4 < CV ≤ 0.6,3,2.3931655883789062,2.5334019660949707,0.8849743008613586,3.292919874191284,14.813599586486816
FOODS_2_326__TX,LSTM,H-step,0.4 < CV ≤ 0.6,3,1.1080913543701172,1.0289475917816162,0.876072883605957,4.14519739151001,8.953861236572266
FOODS_3_652__WI,LSTM,H-step,0.4 < CV ≤ 0.6,3,1.2007006406784058,1.4429326057434082,0.8541629314422607,2.2564117908477783,4.481753349304199
FOODS_3_469__CA,LSTM,H-step,0.4 < CV ≤ 0.6,3,1.0546751022338867,2.901662588119507,0.8881730437278748,2.0230283737182617,5.897653579711914
FOODS_3_282__CA,LSTM,H-step,0.4 < CV ≤ 0.6,3,0.9990776777267456,1.0328963994979858,0.8470237255096436,15.931148529052734,24.38252830505371
HOUSEHOLD_1_517__TX,LSTM,H-step,0.4 < CV ≤ 0.6,3,1.296743392944336,1.431444764137268,0.8571912050247192,3.011923313140869,6.771735668182373
FOODS_3_804__CA,LSTM,H-step,0.4 < CV ≤ 0.6,3,1.138970136642456,0.950395405292511,0.8723478317260742,5.795959949493408,14.331573486328125
FOODS_3_503__CA,LSTM,H-step,0.4 < CV ≤ 0.6,3,1.1795939207077026,1.9436906576156616,0.8990052342414856,2.3705687522888184,8.191160202026367
FOODS_2_016__WI,LSTM,H-step,0.4 < CV ≤ 0.6,3,1.1010538339614868,1.0802451372146606,0.8405582904815674,4.176623344421387,6.868370056152344
HOUSEHOLD_1_459__CA,LSTM,H-step,0.4 < CV ≤ 0.6,3,1.434920310974121,1.4290443658828735,0.8866590261459351,5.288778305053711,16.078941345214844
HOUSEHOLD_1_459__WI,LSTM,H-step,0.4 < CV ≤ 0.6,3,1.2341279983520508,1.665749430656433,0.8611465096473694,7.5145087242126465,17.287813186645508
FOODS_3_252__WI,LSTM,H-step,0.4 < CV ≤ 0.6,3,0.920947253704071,0.8114538788795471,0.9143732190132141,3.862884998321533,10.891529083251953
FOODS_3_372__WI,LSTM,H-step,0.4 < CV ≤ 0.6,3,0.14090201258659363,0.22154764831066132,0.15505941212177277,7.647670745849609,0.18925677239894867
HOUSEHOLD_1_334__TX,LSTM,H-step,0.4 < CV ≤ 0.6,3,2.4039483070373535,2.2058990001678467,0.883925199508667,4.974011421203613,17.827680587768555
HOUSEHOLD_1_118__CA,LSTM,H-step,0.4 < CV ≤ 0.6,3,1.0176653861999512,1.448408603668213,0.8892677426338196,5.2987823486328125,13.545353889465332
HOUSEHOLD_1_306__WI,LSTM,H-step,0.4 < CV ≤ 0.6,3,0.15467491745948792,0.08826366811990738,0.30196118354797363,8.863277435302734,0.23238886892795563
HOUSEHOLD_1_319__CA,LSTM,H-step,0.4 < CV ≤ 0.6,3,1.1819089651107788,1.2977138757705688,0.8840771913528442,1.3710695505142212,3.8233118057250977
FOODS_3_389__WI,LSTM,H-step,0.4 < CV ≤ 0.6,3,1.0441874265670776,1.0833369493484497,0.9214226007461548,2.070394515991211,6.807532787322998
HOUSEHOLD_1_465__CA,LSTM,H-step,0.4 < CV ≤ 0.6,3,1.2742040157318115,1.563579797744751,0.8441075086593628,6.8039960861206055,13.670899391174316
HOUSEHOLD_1_351__CA,LSTM,H-step,0.4 < CV ≤ 0.6,4,2.967607021331787,4.043091773986816,0.8907260298728943,3.139967441558838,20.78656005859375
FOODS_2_326__TX,LSTM,H-step,0.4 < CV ≤ 0.6,4,1.403748869895935,1.473728895187378,0.8780487775802612,3.9879047870635986,11.225237846374512
FOODS_3_652__WI,LSTM,H-step,0.4 < CV ≤ 0.6,4,1.6372398138046265,2.426511526107788,0.8515614867210388,2.168795585632324,5.666747570037842
FOODS_3_469__CA,LSTM,H-step,0.4 < CV ≤ 0.6,4,1.2473613023757935,4.696149826049805,0.8873849511146545,2.0218498706817627,7.75457239151001
FOODS_3_282__CA,LSTM,H-step,0.4 < CV ≤ 0.6,4,1.094272255897522,1.8319841623306274,0.8509014844894409,15.740161895751953,33.87369918823242
HOUSEHOLD_1_517__TX,LSTM,H-step,0.4 < CV ≤ 0.6,4,1.5600247383117676,2.216686964035034,0.857908308506012,3.0555944442749023,8.940972328186035
FOODS_3_804__CA,LSTM,H-step,0.4 < CV ≤ 0.6,4,1.2910629510879517,1.4967893362045288,0.8746015429496765,5.770044803619385,18.685029983520508
FOODS_3_503__CA,LSTM,H-step,0.4 < CV ≤ 0.6,4,1.467117190361023,3.205643653869629,0.8983992338180542,2.270225763320923,10.431158065795898
FOODS_2_016__WI,LSTM,H-step,0.4 < CV ≤ 0.6,4,1.300441861152649,1.905859351158142,0.8407155275344849,4.10886812210083,8.97093677520752
HOUSEHOLD_1_459__CA,LSTM,H-step,0.4 < CV ≤ 0.6,4,1.8113569021224976,2.2119297981262207,0.8753045797348022,5.405515193939209,21.095731735229492
HOUSEHOLD_1_459__WI,LSTM,H-step,0.4 < CV ≤ 0.6,4,1.6205040216445923,2.9031753540039062,0.8610599040985107,7.511598587036133,24.87392807006836
FOODS_3_252__WI,LSTM,H-step,0.4 < CV ≤ 0.6,4,1.029945969581604,1.22254478931427,0.9169014096260071,3.7969539165496826,14.146939277648926
FOODS_3_372__WI,LSTM,H-step,0.4 < CV ≤ 0.6,4,0.203663632273674,0.4228665828704834,0.15220464766025543,7.65123987197876,0.25566568970680237
HOUSEHOLD_1_334__TX,LSTM,H-step,0.4 < CV ≤ 0.6,4,3.0778985023498535,3.8228955268859863,0.8847853541374207,4.899847984313965,25.249786376953125
HOUSEHOLD_1_118__CA,LSTM,H-step,0.4 < CV ≤ 0.6,4,1.197380781173706,2.4042041301727295,0.8864565491676331,5.323174476623535,18.182506561279297
HOUSEHOLD_1_306__WI,LSTM,H-step,0.4 < CV ≤ 0.6,4,0.16017509996891022,0.31700432300567627,0.29938244819641113,8.897171020507812,0.42822161316871643
HOUSEHOLD_1_319__CA,LSTM,H-step,0.4 < CV ≤ 0.6,4,1.4221364259719849,1.801005244255066,0.8858389258384705,1.263603925704956,4.690465927124023
FOODS_3_389__WI,LSTM,H-step,0.4 < CV ≤ 0.6,4,1.2545167207717896,1.813758373260498,0.9200205206871033,2.0597448348999023,8.873473167419434
HOUSEHOLD_1_465__CA,LSTM,H-step,0.4 < CV ≤ 0.6,4,1.5017505884170532,2.4769020080566406,0.848220944404602,6.546283721923828,18.123275756835938
HOUSEHOLD_1_351__CA,LSTM,H-step,0.4 < CV ≤ 0.6,5,3.374830484390259,5.879790782928467,0.8963450193405151,3.038188934326172,26.01471519470215
FOODS_2_326__TX,LSTM,H-step,0.4 < CV ≤ 0.6,5,1.6069200038909912,2.141238212585449,0.8761700391769409,4.059916973114014,14.087735176086426
FOODS_3_652__WI,LSTM,H-step,0.4 < CV ≤ 0.6,5,1.902491569519043,3.2099380493164062,0.8549200892448425,2.1715164184570312,6.86980676651001
FOODS_3_469__CA,LSTM,H-step,0.4 < CV ≤ 0.6,5,1.4958089590072632,6.40944766998291,0.8853400349617004,2.0022647380828857,9.426215171813965
FOODS_3_282__CA,LSTM,H-step,0.4 < CV ≤ 0.6,5,1.217143177986145,2.8692002296447754,0.8487358093261719,16.537433624267578,42.37228012084961
HOUSEHOLD_1_517__TX,LSTM,H-step,0.4 < CV ≤ 0.6,5,1.8664206266403198,3.0967934131622314,0.8485722541809082,3.126739025115967,11.009246826171875
FOODS_3_804__CA,LSTM,H-step,0.4 < CV ≤ 0.6,5,1.4655003547668457,2.212463617324829,0.8692017197608948,5.8252058029174805,23.466562271118164
FOODS_3_503__CA,LSTM,H-step,0.4 < CV ≤ 0.6,5,1.8400371074676514,4.592928409576416,0.8994558453559875,2.3076467514038086,12.715824127197266
FOODS_2_016__WI,LSTM,H-step,0.4 < CV ≤ 0.6,5,1.4072455167770386,2.671567916870117,0.8483598828315735,4.1057233810424805,11.074934005737305
HOUSEHOLD_1_459__CA,LSTM,H-step,0.4 < CV ≤ 0.6,5,2.140009641647339,3.2534420490264893,0.8754160404205322,5.537468433380127,26.258724212646484
HOUSEHOLD_1_459__WI,LSTM,H-step,0.4 < CV ≤ 0.6,5,1.8681532144546509,4.235184669494629,0.8613148927688599,7.390942096710205,30.309059143066406
FOODS_3_252__WI,LSTM,H-step,0.4 < CV ≤ 0.6,5,1.157494068145752,1.83255934715271,0.9101055264472961,4.003249645233154,18.199068069458008
FOODS_3_372__WI,LSTM,H-step,0.4 < CV ≤ 0.6,5,0.29903700947761536,0.7763601541519165,0.14545759558677673,7.673957824707031,0.3233303129673004
HOUSEHOLD_1_334__TX,LSTM,H-step,0.4 < CV ≤ 0.6,5,3.51271915435791,5.489902019500732,0.8871567249298096,4.972503662109375,31.359294891357422
HOUSEHOLD_1_118__CA,LSTM,H-step,0.4 < CV ≤ 0.6,5,1.5805690288543701,3.6761679649353027,0.8762964606285095,5.287509918212891,21.88812255859375
HOUSEHOLD_1_306__WI,LSTM,H-step,0.4 < CV ≤ 0.6,5,0.2756287157535553,0.4393734335899353,0.28767356276512146,8.9500732421875,0.4666948616504669
HOUSEHOLD_1_319__CA,LSTM,H-step,0.4 < CV ≤ 0.6,5,1.7156002521514893,2.366577625274658,0.8911454081535339,1.2158722877502441,5.652320861816406
FOODS_3_389__WI,LSTM,H-step,0.4 < CV ≤ 0.6,5,1.495164155960083,2.436800718307495,0.9157137870788574,2.082908868789673,11.037139892578125
HOUSEHOLD_1_465__CA,LSTM,H-step,0.4 < CV ≤ 0.6,5,1.7380242347717285,3.5075557231903076,0.8358439207077026,6.8486223220825195,23.3919677734375
HOUSEHOLD_1_351__CA,LSTM,H-step,0.4 < CV ≤ 0.6,6,3.4238240718841553,8.302350997924805,0.9062366485595703,2.9578771591186523,31.93874740600586
FOODS_2_326__TX,LSTM,H-step,0.4 < CV ≤ 0.6,6,1.947895884513855,2.6886675357818604,0.877130389213562,3.8587868213653564,15.483085632324219
FOODS_3_652__WI,LSTM,H-step,0.4 < CV ≤ 0.6,6,2.2187654972076416,3.8880674839019775,0.848002552986145,2.148871898651123,7.897540092468262
FOODS_3_469__CA,LSTM,H-step,0.4 < CV ≤ 0.6,6,1.8088375329971313,8.66225814819336,0.8785955309867859,1.9738754034042358,10.990914344787598
FOODS_3_282__CA,LSTM,H-step,0.4 < CV ≤ 0.6,6,1.3948312997817993,4.123841762542725,0.8409479856491089,17.613008499145508,55.134033203125
HOUSEHOLD_1_517__TX,LSTM,H-step,0.4 < CV ≤ 0.6,6,2.304734706878662,4.354086875915527,0.8416022062301636,3.0942366123199463,13.031705856323242
FOODS_3_804__CA,LSTM,H-step,0.4 < CV ≤ 0.6,6,1.6574490070343018,2.8955636024475098,0.8688180446624756,5.703632831573486,27.294889450073242
FOODS_3_503__CA,LSTM,H-step,0.4 < CV ≤ 0.6,6,2.1719932556152344,6.166248798370361,0.8975245356559753,2.2854151725769043,14.929129600524902
FOODS_2_016__WI,LSTM,H-step,0.4 < CV ≤ 0.6,6,1.5341579914093018,3.5701417922973633,0.8417049646377563,4.103598594665527,13.478448867797852
HOUSEHOLD_1_459__CA,LSTM,H-step,0.4 < CV ≤ 0.6,6,2.2675633430480957,4.824563980102539,0.8795531988143921,5.770079135894775,32.395015716552734
HOUSEHOLD_1_459__WI,LSTM,H-step,0.4 < CV ≤ 0.6,6,2.093574285507202,5.890665054321289,0.8653193116188049,6.918863773345947,34.99059295654297
FOODS_3_252__WI,LSTM,H-step,0.4 < CV ≤ 0.6,6,1.461010217666626,2.514939308166504,0.9045711159706116,3.879742383956909,20.952903747558594
FOODS_3_372__WI,LSTM,H-step,0.4 < CV ≤ 0.6,6,0.3923002779483795,1.4488836526870728,0.14573311805725098,7.704061508178711,0.39842891693115234
HOUSEHOLD_1_334__TX,LSTM,H-step,0.4 < CV ≤ 0.6,6,3.354679822921753,7.742345333099365,0.8955613970756531,4.934324264526367,36.26801681518555
HOUSEHOLD_1_118__CA,LSTM,H-step,0.4 < CV ≤ 0.6,6,1.9948525428771973,4.463115215301514,0.8825013041496277,5.054312229156494,24.17190170288086
HOUSEHOLD_1_306__WI,LSTM,H-step,0.4 < CV ≤ 0.6,6,0.3355642855167389,0.6164219379425049,0.28912314772605896,9.009313583374023,0.527208149433136
HOUSEHOLD_1_319__CA,LSTM,H-step,0.4 < CV ≤ 0.6,6,2.0422170162200928,3.0915470123291016,0.8926069736480713,1.191718339920044,6.717014789581299
FOODS_3_389__WI,LSTM,H-step,0.4 < CV ≤ 0.6,6,1.9266973733901978,3.4711642265319824,0.9104528427124023,2.065667152404785,13.042521476745605
HOUSEHOLD_1_465__CA,LSTM,H-step,0.4 < CV ≤ 0.6,6,1.940224289894104,4.481015682220459,0.844039797782898,6.789547920227051,27.286991119384766
HOUSEHOLD_1_351__CA,LSTM,H-step,0.4 < CV ≤ 0.6,7,3.660295248031616,10.839908599853516,0.9152323603630066,2.6299636363983154,37.4846305847168
FOODS_2_326__TX,LSTM,H-step,0.4 < CV ≤ 0.6,7,2.239685535430908,3.445164680480957,0.8744301795959473,3.900761604309082,18.460763931274414
FOODS_3_652__WI,LSTM,H-step,0.4 < CV ≤ 0.6,7,2.4164350032806396,5.071132183074951,0.8530848622322083,2.183612823486328,9.257643699645996
FOODS_3_469__CA,LSTM,H-step,0.4 < CV ≤ 0.6,7,2.113767147064209,11.454450607299805,0.8791167736053467,1.9157137870788574,12.131223678588867
FOODS_3_282__CA,LSTM,H-step,0.4 < CV ≤ 0.6,7,1.7811626195907593,5.312058448791504,0.829433798789978,17.089263916015625,62.451358795166016
HOUSEHOLD_1_517__TX,LSTM,H-step,0.4 < CV ≤ 0.6,7,2.7470924854278564,5.70394229888916,0.8470529317855835,3.0080153942108154,15.157951354980469
FOODS_3_804__CA,LSTM,H-step,0.4 < CV ≤ 0.6,7,2.1032371520996094,3.8897500038146973,0.8608739376068115,5.62208366394043,31.882648468017578
FOODS_3_503__CA,LSTM,H-step,0.4 < CV ≤ 0.6,7,2.4318599700927734,7.767695426940918,0.897134006023407,2.3041110038757324,17.303176879882812
FOODS_2_016__WI,LSTM,H-step,0.4 < CV ≤ 0.6,7,1.75709867477417,4.575610637664795,0.8438693284988403,4.080879211425781,15.7042236328125
HOUSEHOLD_1_459__CA,LSTM,H-step,0.4 < CV ≤ 0.6,7,2.54626727104187,6.4845733642578125,0.8796426653862,5.926200866699219,38.0797233581543
HOUSEHOLD_1_459__WI,LSTM,H-step,0.4 < CV ≤ 0.6,7,2.502432107925415,7.412365913391113,0.863456666469574,6.682810306549072,40.82575607299805
FOODS_3_252__WI,LSTM,H-step,0.4 < CV ≤ 0.6,7,1.9347480535507202,3.213656425476074,0.8993013501167297,3.868401288986206,23.994525909423828
FOODS_3_372__WI,LSTM,H-step,0.4 < CV ≤ 0.6,7,0.5415290594100952,1.4601991176605225,0.14623337984085083,7.714118480682373,0.3529403805732727
HOUSEHOLD_1_334__TX,LSTM,H-step,0.4 < CV ≤ 0.6,7,3.3926875591278076,10.008214950561523,0.9012666940689087,4.635570049285889,40.92722702026367
HOUSEHOLD_1_118__CA,LSTM,H-step,0.4 < CV ≤ 0.6,7,2.10861873626709,5.58247709274292,0.8897937536239624,5.002225399017334,27.32208824157715
HOUSEHOLD_1_306__WI,LSTM,H-step,0.4 < CV ≤ 0.6,7,0.44551873207092285,0.5747318863868713,0.2786412835121155,9.051583290100098,0.48181745409965515
HOUSEHOLD_1_319__CA,LSTM,H-step,0.4 < CV ≤ 0.6,7,2.341808557510376,4.233654022216797,0.8876060247421265,1.2273142337799072,8.105339050292969
FOODS_3_389__WI,LSTM,H-step,0.4 < CV ≤ 0.6,7,2.721374034881592,4.237882614135742,0.9095789790153503,1.9651132822036743,14.544662475585938
HOUSEHOLD_1_465__CA,LSTM,H-step,0.4 < CV ≤ 0.6,7,2.0952842235565186,6.227616310119629,0.8427481651306152,6.953213214874268,33.73429489135742
HOUSEHOLD_1_351__CA,LSTM,H-step,0.4 < CV ≤ 0.6,8,4.446277618408203,13.978326797485352,0.912820041179657,2.49792218208313,42.093772888183594
FOODS_2_326__TX,LSTM,H-step,0.4 < CV ≤ 0.6,8,2.573035955429077,4.583273410797119,0.8687503337860107,3.9941554069519043,21.567258834838867
FOODS_3_652__WI,LSTM,H-step,0.4 < CV ≤ 0.6,8,2.761066436767578,6.756541728973389,0.8479059338569641,2.2621610164642334,10.85612964630127
FOODS_3_469__CA,LSTM,H-step,0.4 < CV ≤ 0.6,8,2.381169080734253,14.123039245605469,0.8841452598571777,1.9001561403274536,13.412830352783203
FOODS_3_282__CA,LSTM,H-step,0.4 < CV ≤ 0.6,8,2.0121877193450928,6.153315544128418,0.8255282640457153,17.763118743896484,65.59172821044922
HOUSEHOLD_1_517__TX,LSTM,H-step,0.4 < CV ≤ 0.6,8,3.026742458343506,6.995985984802246,0.8413114547729492,3.040912628173828,16.425533294677734
FOODS_3_804__CA,LSTM,H-step,0.4 < CV ≤ 0.6,8,2.3036372661590576,5.4529948234558105,0.8601478934288025,5.718962669372559,37.01455307006836
FOODS_3_503__CA,LSTM,H-step,0.4 < CV ≤ 0.6,8,2.935774326324463,10.268889427185059,0.895494282245636,2.2695937156677246,19.347917556762695
FOODS_2_016__WI,LSTM,H-step,0.4 < CV ≤ 0.6,8,2.1823532581329346,5.76974630355835,0.8334367275238037,4.011287212371826,17.194910049438477
HOUSEHOLD_1_459__CA,LSTM,H-step,0.4 < CV ≤ 0.6,8,3.0879344940185547,8.41486930847168,0.8682313561439514,6.2312541007995605,43.44976043701172
HOUSEHOLD_1_459__WI,LSTM,H-step,0.4 < CV ≤ 0.6,8,2.888765573501587,9.372286796569824,0.8655107617378235,6.7729811668396,47.80937576293945
FOODS_3_252__WI,LSTM,H-step,0.4 < CV ≤ 0.6,8,2.3208203315734863,4.244103908538818,0.8966171741485596,3.913548231124878,27.617216110229492
FOODS_3_372__WI,LSTM,H-step,0.4 < CV ≤ 0.6,8,0.7105315923690796,1.314218282699585,0.13389824330806732,7.736264705657959,0.26795560121536255
HOUSEHOLD_1_334__TX,LSTM,H-step,0.4 < CV ≤ 0.6,8,4.137300491333008,14.11019229888916,0.89652419090271,4.519673824310303,48.01728439331055
HOUSEHOLD_1_118__CA,LSTM,H-step,0.4 < CV ≤ 0.6,8,2.2801740169525146,8.102225303649902,0.886385977268219,5.3730621337890625,33.77709197998047
HOUSEHOLD_1_306__WI,LSTM,H-step,0.4 < CV ≤ 0.6,8,0.5111477971076965,0.5786736607551575,0.2715878188610077,9.109764099121094,0.40378329157829285
HOUSEHOLD_1_319__CA,LSTM,H-step,0.4 < CV ≤ 0.6,8,2.628154993057251,5.507765769958496,0.8859763145446777,1.2009755373001099,9.010985374450684
FOODS_3_389__WI,LSTM,H-step,0.4 < CV ≤ 0.6,8,3.2109038829803467,5.622654914855957,0.9110987782478333,1.9226495027542114,16.390596389770508
HOUSEHOLD_1_465__CA,LSTM,H-step,0.4 < CV ≤ 0.6,8,2.549435615539551,7.864043712615967,0.8294672966003418,6.971156597137451,38.272735595703125
HOUSEHOLD_1_351__CA,LSTM,H-step,0.4 < CV ≤ 0.6,9,5.518985748291016,17.859952926635742,0.9091235995292664,2.3408620357513428,48.23771286010742
FOODS_2_326__TX,LSTM,H-step,0.4 < CV ≤ 0.6,9,2.921739339828491,6.612781524658203,0.8685157299041748,4.057163715362549,25.36094856262207
FOODS_3_652__WI,LSTM,H-step,0.4 < CV ≤ 0.6,9,3.127697706222534,7.538830757141113,0.8490712642669678,2.1966278553009033,11.381397247314453
FOODS_3_469__CA,LSTM,H-step,0.4 < CV ≤ 0.6,9,2.7572357654571533,17.396818161010742,0.8847991228103638,1.8523260354995728,15.145015716552734
FOODS_3_282__CA,LSTM,H-step,0.4 < CV ≤ 0.6,9,2.215956926345825,8.052260398864746,0.8245928287506104,18.15473747253418,70.88162231445312
HOUSEHOLD_1_517__TX,LSTM,H-step,0.4 < CV ≤ 0.6,9,3.2695415019989014,8.727814674377441,0.8452378511428833,3.100101947784424,18.579391479492188
FOODS_3_804__CA,LSTM,H-step,0.4 < CV ≤ 0.6,9,2.501668930053711,6.597897052764893,0.8611645102500916,5.5643205642700195,40.60997009277344
FOODS_3_503__CA,LSTM,H-step,0.4 < CV ≤ 0.6,9,3.411071538925171,14.221985816955566,0.8974239826202393,2.2338287830352783,22.149721145629883
FOODS_2_016__WI,LSTM,H-step,0.4 < CV ≤ 0.6,9,2.5343523025512695,6.760977745056152,0.8366286158561707,3.990525245666504,19.508583068847656
HOUSEHOLD_1_459__CA,LSTM,H-step,0.4 < CV ≤ 0.6,9,3.7194526195526123,10.351441383361816,0.8558768630027771,6.161978721618652,48.05518341064453
HOUSEHOLD_1_459__WI,LSTM,H-step,0.4 < CV ≤ 0.6,9,3.466959238052368,11.766850471496582,0.8597126007080078,6.917064189910889,57.25172424316406
FOODS_3_252__WI,LSTM,H-step,0.4 < CV ≤ 0.6,9,2.5057075023651123,5.346524238586426,0.9004325866699219,3.9302446842193604,31.45965576171875
FOODS_3_372__WI,LSTM,H-step,0.4 < CV ≤ 0.6,9,0.8760004043579102,0.5561655163764954,0.1278347223997116,7.757862091064453,0.1439639925956726
HOUSEHOLD_1_334__TX,LSTM,H-step,0.4 < CV ≤ 0.6,9,5.14292049407959,19.86685562133789,0.8946509957313538,4.474176406860352,59.2849006652832
HOUSEHOLD_1_118__CA,LSTM,H-step,0.4 < CV ≤ 0.6,9,2.632599115371704,11.399967193603516,0.8834986090660095,5.29065465927124,38.643253326416016
HOUSEHOLD_1_306__WI,LSTM,H-step,0.4 < CV ≤ 0.6,9,0.735683262348175,0.3798917233943939,0.258260577917099,9.145601272583008,0.38044118881225586
HOUSEHOLD_1_319__CA,LSTM,H-step,0.4 < CV ≤ 0.6,9,3.0660972595214844,7.065569877624512,0.8853738307952881,1.1635595560073853,9.944169044494629
FOODS_3_389__WI,LSTM,H-step,0.4 < CV ≤ 0.6,9,3.2628285884857178,7.4249067306518555,0.9173179268836975,1.9411985874176025,18.642026901245117
HOUSEHOLD_1_465__CA,LSTM,H-step,0.4 < CV ≤ 0.6,9,2.923503875732422,10.198770523071289,0.8279330134391785,6.871950149536133,42.65904998779297
HOUSEHOLD_1_351__CA,LSTM,H-step,0.4 < CV ≤ 0.6,10,6.357242107391357,23.631351470947266,0.9106363654136658,2.353632926940918,56.951133728027344
FOODS_2_326__TX,LSTM,H-step,0.4 < CV ≤ 0.6,10,3.3640732765197754,8.729248046875,0.8675023913383484,4.017375946044922,28.44529914855957
FOODS_3_652__WI,LSTM,H-step,0.4 < CV ≤ 0.6,10,3.5245423316955566,8.274646759033203,0.8521990776062012,2.1784746646881104,12.394485473632812
FOODS_3_469__CA,LSTM,H-step,0.4 < CV ≤ 0.6,10,3.0946011543273926,20.860830307006836,0.8832831978797913,1.8777378797531128,17.340866088867188
FOODS_3_282__CA,LSTM,H-step,0.4 < CV ≤ 0.6,10,2.5266597270965576,10.250972747802734,0.8230423331260681,18.373308181762695,79.166748046875
HOUSEHOLD_1_517__TX,LSTM,H-step,0.4 < CV ≤ 0.6,10,3.5454976558685303,10.264899253845215,0.8420854806900024,3.0501434803009033,19.90875244140625
FOODS_3_804__CA,LSTM,H-step,0.4 < CV ≤ 0.6,10,2.6247482299804688,7.6117048263549805,0.8656066060066223,5.619528770446777,45.88933181762695
FOODS_3_503__CA,LSTM,H-step,0.4 < CV ≤ 0.6,10,3.7442517280578613,18.68181037902832,0.8981032967567444,2.2749125957489014,25.416412353515625
FOODS_2_016__WI,LSTM,H-step,0.4 < CV ≤ 0.6,10,2.7324752807617188,8.795567512512207,0.8330676555633545,4.064907550811768,22.83133888244629
HOUSEHOLD_1_459__CA,LSTM,H-step,0.4 < CV ≤ 0.6,10,4.254268169403076,11.605018615722656,0.8507019281387329,6.064797401428223,52.42131423950195
HOUSEHOLD_1_459__WI,LSTM,H-step,0.4 < CV ≤ 0.6,10,3.8293001651763916,13.673309326171875,0.8555610775947571,6.8579816818237305,63.5938720703125
FOODS_3_252__WI,LSTM,H-step,0.4 < CV ≤ 0.6,10,2.7189579010009766,6.839634895324707,0.9000877737998962,3.918017625808716,35.52613067626953
FOODS_3_372__WI,LSTM,H-step,0.4 < CV ≤ 0.6,10,1.0412850379943848,0.0029206336475908756,0.132656067609787,7.769256114959717,0.024711614474654198
HOUSEHOLD_1_334__TX,LSTM,H-step,0.4 < CV ≤ 0.6,10,5.935856819152832,25.74097442626953,0.8958975076675415,4.441497802734375,68.70301055908203
HOUSEHOLD_1_118__CA,LSTM,H-step,0.4 < CV ≤ 0.6,10,2.990842819213867,13.216620445251465,0.8849009275436401,4.959569931030273,40.44562911987305
HOUSEHOLD_1_306__WI,LSTM,H-step,0.4 < CV ≤ 0.6,10,0.7445834279060364,0.023964425548911095,0.26406431198120117,9.164823532104492,0.1566554307937622
HOUSEHOLD_1_319__CA,LSTM,H-step,0.4 < CV ≤ 0.6,10,3.3623437881469727,7.741804122924805,0.8902332186698914,1.1227673292160034,10.760671615600586
FOODS_3_389__WI,LSTM,H-step,0.4 < CV ≤ 0.6,10,3.569410562515259,8.14433479309082,0.9208158254623413,1.8712482452392578,19.98662567138672
HOUSEHOLD_1_465__CA,LSTM,H-step,0.4 < CV ≤ 0.6,10,3.1487104892730713,10.825017929077148,0.8257781267166138,6.61632776260376,45.92351150512695
